node1_name,node2_name,edge_type,properties,probability
nv-churn2,nv-code_dev,nil,,0.998003992015968
nv-churn2,nv-code_dev,tt,,0.00199600798403194
nv-mis_link2,b_150290,nil,,0.998003992015968
nv-mis_link2,b_150290,tt,,0.00199600798403194
churn,nv-b_100433,nil,,0.988023952095808
churn,nv-b_100433,ta,dd;nl,0.0119760479041916
b_191549,nv-code_dev,nil,,0.998003992015968
b_191549,nv-code_dev,ta,dd;nl,0.00199600798403194
b_180737,nv-churn2,nil,,0.986027944111776
b_180737,nv-churn2,ta,dd;nl,0.00798403193612774
b_180737,nv-churn2,tt,,0.00598802395209581
b_180735,mail_dev,nil,,0.998003992015968
b_180735,mail_dev,ta,dd;nl,0.00199600798403194
b_150291,nv-b_100740,nil,,0.820359281437126
b_150291,nv-b_100740,ta,dd;pl,0.171656686626747
b_150291,nv-b_100740,tt,,0.00798403193612774
b_180735,nv-mis_link2,nil,,0.986027944111776
b_180735,nv-mis_link2,ta,dd;nl,0.00598802395209581
b_180735,nv-mis_link2,tt,,0.00399201596806387
b_180735,nv-mis_link2,at,dd;pl,0.00399201596806387
mis_link,b_180735,nil,,0.958083832335329
mis_link,b_180735,at,dd;nl,0.0259481037924152
mis_link,b_180735,ta,dd;pl,0.0119760479041916
mis_link,b_180735,tt,,0.00399201596806387
b_191549,nv-b_103864,nil,,0.880239520958084
b_191549,nv-b_103864,ta,dd;nl,0.0978043912175649
b_191549,nv-b_103864,at,dd;pl,0.0219560878243513
b_191549,nv-b_102939,nil,,0.872255489021956
b_191549,nv-b_102939,at,dd;nl,0.117764471057884
b_191549,nv-b_102939,ta,dd;nl,0.00798403193612774
b_191549,nv-b_102939,tt,,0.00199600798403194
b_191549,nv-silence2,nil,,0.996007984031936
b_191549,nv-silence2,ta,dd;nl,0.00399201596806387
b_201967,mail_dev2,nil,,0.998003992015968
b_201967,mail_dev2,ta,dd;nl,0.00199600798403194
b_201967,nv-b_100740,nil,,0.980039920159681
b_201967,nv-b_100740,ta,dd;pl,0.0159680638722555
b_201967,nv-b_100740,tt,,0.00199600798403194
b_201967,nv-b_100740,at,dd;pl,0.00199600798403194
b_201967,nv-b_103864,nil,,0.878243512974052
b_201967,nv-b_103864,ta,dd;pl,0.11377245508982
b_201967,nv-b_103864,tt,,0.00399201596806387
b_201967,nv-b_103864,at,dd;pl,0.00399201596806387
b_62937,nv-b_100740,nil,,0.784431137724551
b_62937,nv-b_100740,ta,dd;pl,0.199600798403194
b_62937,nv-b_100740,tt,,0.00798403193612774
b_62937,nv-b_100740,at,dd;pl,0.00798403193612774
b_62937,nv-b_102939,nil,,0.756487025948104
b_62937,nv-b_102939,ta,dd;pl,0.227544910179641
b_62937,nv-b_102939,tt,,0.00798403193612774
b_62937,nv-b_102939,at,dd;nl,0.00798403193612774
b_62937,start,nil,,0.966067864271457
b_62937,start,ta,dd;pl,0.031936127744511
b_62937,start,at,dd;nl,0.00199600798403194
b_62940,code_dev,nil,,0.998003992015968
b_62940,code_dev,ta,pd;pl,0.00199600798403194
b_62940,nv-b_103864,nil,,0.768463073852295
b_62940,nv-b_103864,ta,dd;pl,0.191616766467066
b_62940,nv-b_103864,at,dd;nl,0.0259481037924152
b_62940,nv-b_103864,tt,,0.0139720558882236
b_62940,nv-thread2,nil,,0.998003992015968
b_62940,nv-thread2,ta,dd;nl,0.00199600798403194
b_62940,start,ta,dd;pl,0.43313373253493
b_62940,start,at,dd;nl,0.397205588822355
b_62940,start,nil,,0.167664670658683
b_62940,start,tt,,0.00199600798403194
b_63738,nv-b_100742,nil,,0.63872255489022
b_63738,nv-b_100742,ta,dd;pl,0.333333333333333
b_63738,nv-b_100742,at,dd;pl,0.0199600798403194
b_63738,nv-b_100742,tt,,0.00798403193612774
b_63738,nv-b_104180,nil,,0.834331337325349
b_63738,nv-b_104180,ta,dd;pl,0.147704590818363
b_63738,nv-b_104180,at,dd;nl,0.0179640718562874
b_63738,nv-commit,nil,,0.994011976047904
b_63738,nv-commit,ta,dd;pl,0.00399201596806387
b_63738,nv-commit,tt,,0.00199600798403194
b_63738,nv-file,nil,,0.996007984031936
b_63738,nv-file,ta,dd;nl,0.00199600798403194
b_63738,nv-file,tt,,0.00199600798403194
b_63738,silence2,nil,,0.998003992015968
b_63738,silence2,ta,pd;pl,0.00199600798403194
b_64339,start,ta,dd;pl,0.447105788423154
b_64339,start,at,dd;nl,0.369261477045908
b_64339,start,nil,,0.181636726546906
b_64339,start,tt,,0.00199600798403194
b_63738,start,ta,dd;pl,0.419161676646707
b_63738,start,at,dd;nl,0.407185628742515
b_63738,start,nil,,0.171656686626747
b_63738,start,tt,,0.00199600798403194
b_81672,nv-thread2,nil,,0.996007984031936
b_81672,nv-thread2,ta,dd;pl,0.00399201596806387
b_93245,nv-silence,nil,,0.994011976047904
b_93245,nv-silence,ta,dd;nl,0.00399201596806387
b_93245,nv-silence,tt,,0.00199600798403194
b_93245,start,nil,,0.756487025948104
b_93245,start,at,dd;pl,0.127744510978044
b_93245,start,ta,dd;nl,0.115768463073852
b_81672,start,nil,,0.343313373253493
b_81672,start,at,dd;pl,0.335329341317365
b_81672,start,ta,dd;nl,0.317365269461078
b_81672,start,tt,,0.00399201596806387
churn,b_143506,nil,,0.998003992015968
churn,b_143506,ta,dd;nl,0.00199600798403194
churn,b_150287,nil,,0.998003992015968
churn,b_150287,ta,dd;nl,0.00199600798403194
churn,b_151788,nil,,0.998003992015968
churn,b_151788,ta,dd;nl,0.00199600798403194
churn,b_162105,nil,,0.998003992015968
churn,b_162105,ta,dd;nl,0.00199600798403194
churn,b_162107,nil,,0.996007984031936
churn,b_162107,ta,dd;nl,0.00399201596806387
churn,b_162109,nil,,0.998003992015968
churn,b_162109,ta,dd;nl,0.00199600798403194
churn,b_162181,nil,,0.998003992015968
churn,b_162181,ta,dd;nl,0.00199600798403194
churn,b_173733,nil,,0.998003992015968
churn,b_173733,ta,dd;nl,0.00199600798403194
churn,b_180732,nil,,0.992015968063872
churn,b_180732,ta,dd;nl,0.00798403193612774
churn,b_180739,nil,,0.998003992015968
churn,b_180739,ta,dd;nl,0.00199600798403194
churn,b_191547,nil,,0.998003992015968
churn,b_191547,ta,dd;nl,0.00199600798403194
churn,b_62937,nil,,0.998003992015968
churn,b_62937,ta,dd;nl,0.00199600798403194
churn,nv-b_103864,nil,,0.988023952095808
churn,nv-b_103864,ta,dd;nl,0.0119760479041916
churn,nv-b_104180,nil,,0.998003992015968
churn,nv-b_104180,ta,dd;nl,0.00199600798403194
churn,nv-churn,nil,,0.996007984031936
churn,nv-churn,ta,dd;nl,0.00399201596806387
churn,nv-code_dev,nil,,0.994011976047904
churn,nv-code_dev,ta,dd;nl,0.00598802395209581
churn,nv-start,nil,,0.958083832335329
churn,nv-start,ta,dd;nl,0.0379241516966068
churn,nv-start,at,dd;pl,0.00399201596806387
churn,nv-thread,nil,,0.998003992015968
churn,nv-thread,ta,dd;nl,0.00199600798403194
churn,nv-thread2,nil,,0.994011976047904
churn,nv-thread2,ta,dd;nl,0.00598802395209581
churn2,b_100433,nil,,0.998003992015968
churn2,b_100433,ta,dd;nl,0.00199600798403194
churn2,b_120027,nil,,0.994011976047904
churn2,b_120027,ta,dd;nl,0.00598802395209581
churn2,b_134353,nil,,0.998003992015968
churn2,b_134353,ta,dd;nl,0.00199600798403194
churn2,b_140076,nil,,0.998003992015968
churn2,b_140076,ta,dd;nl,0.00199600798403194
churn2,b_140221,nil,,0.998003992015968
churn2,b_140221,ta,dd;nl,0.00199600798403194
churn2,b_160702,nil,,0.998003992015968
churn2,b_160702,ta,dd;nl,0.00199600798403194
churn2,b_162107,nil,,0.994011976047904
churn2,b_162107,ta,dd;nl,0.00598802395209581
churn2,b_162108,nil,,0.996007984031936
churn2,b_162108,ta,dd;nl,0.00399201596806387
churn2,b_162180,nil,,0.994011976047904
churn2,b_162180,ta,pd;nl,0.00598802395209581
churn2,b_162181,nil,,0.998003992015968
churn2,b_162181,ta,dd;nl,0.00199600798403194
churn2,b_166302,nil,,0.996007984031936
churn2,b_166302,ta,dd;nl,0.00399201596806387
churn2,b_166303,nil,,0.998003992015968
churn2,b_166303,ta,dd;nl,0.00199600798403194
churn2,b_173733,nil,,0.994011976047904
churn2,b_173733,ta,dd;nl,0.00598802395209581
churn2,b_180732,nil,,0.994011976047904
churn2,b_180732,ta,dd;nl,0.00598802395209581
churn2,b_180735,nil,,0.998003992015968
churn2,b_180735,ta,dd;nl,0.00199600798403194
churn2,b_180737,nil,,0.996007984031936
churn2,b_180737,ta,dd;nl,0.00399201596806387
churn2,b_180739,nil,,0.99001996007984
churn2,b_180739,ta,pd;nl,0.00998003992015968
churn2,b_191547,nil,,0.998003992015968
churn2,b_191547,ta,pd;nl,0.00199600798403194
churn2,b_191549,nil,,0.996007984031936
churn2,b_191549,ta,dd;nl,0.00399201596806387
churn2,b_201967,nil,,0.998003992015968
churn2,b_201967,ta,dd;nl,0.00199600798403194
churn2,churn,ta,pd;nl,0.776447105788423
churn2,churn,at,pd;nl,0.223552894211577
churn2,commit2,ta,dd;nl,0.994011976047904
churn2,commit2,at,dd;nl,0.00399201596806387
churn2,commit2,tt,,0.00199600798403194
churn2,file2,ta,pd;nl,0.986027944111776
churn2,file2,at,dd;nl,0.0139720558882236
churn2,nv-code_dev,nil,,0.998003992015968
churn2,nv-code_dev,ta,dd;nl,0.00199600798403194
churn2,mail_dev2,nil,,0.696606786427146
churn2,mail_dev2,at,pd;nl,0.241516966067864
churn2,mail_dev2,ta,dd;nl,0.0598802395209581
churn2,mail_dev2,tt,,0.00199600798403194
churn2,nv-commit2,nil,,0.980039920159681
churn2,nv-commit2,ta,dd;nl,0.0179640718562874
churn2,nv-commit2,tt,,0.00199600798403194
churn2,nv-mail_dev,nil,,0.998003992015968
churn2,nv-mail_dev,ta,dd;nl,0.00199600798403194
churn2,nv-mis_link,nil,,0.998003992015968
churn2,nv-mis_link,ta,dd;nl,0.00199600798403194
churn2,nv-mis_link2,nil,,0.998003992015968
churn2,nv-mis_link2,ta,dd;nl,0.00199600798403194
churn2,nv-silence,nil,,0.99001996007984
churn2,nv-silence,ta,dd;nl,0.00598802395209581
churn2,nv-silence,tt,,0.00199600798403194
churn2,nv-silence,at,dd;pl,0.00199600798403194
churn2,silence,ta,pd;nl,0.654690618762475
churn2,silence,nil,,0.199600798403194
churn2,silence,at,pd;nl,0.145708582834331
churn2,silence2,nil,,0.646706586826347
churn2,silence2,ta,pd;nl,0.351297405189621
churn2,silence2,at,dd;nl,0.00199600798403194
code_dev,churn2,ta,pd;pl,0.479041916167665
code_dev,churn2,nil,,0.263473053892216
code_dev,churn2,at,pd;nl,0.241516966067864
code_dev,churn2,tt,,0.0159680638722555
churn2,thread2,nil,,0.892215568862276
churn2,thread2,at,pd;nl,0.0838323353293413
churn2,thread2,ta,pd;nl,0.0199600798403194
churn2,thread2,tt,,0.00399201596806387
code_dev,b_114577,nil,,0.992015968063872
code_dev,b_114577,ta,dd;nl,0.00399201596806387
code_dev,b_114577,tt,,0.00399201596806387
code_dev,b_140224,nil,,0.996007984031936
code_dev,b_140224,tt,,0.00199600798403194
code_dev,b_140224,at,dd;pl,0.00199600798403194
code_dev,b_143470,nil,,0.998003992015968
code_dev,b_143470,ta,dd;nl,0.00199600798403194
code_dev,b_143506,nil,,0.998003992015968
code_dev,b_143506,tt,,0.00199600798403194
code_dev,b_143507,nil,,0.996007984031936
code_dev,b_143507,ta,dd;nl,0.00199600798403194
code_dev,b_143507,at,dd;pl,0.00199600798403194
code_dev,b_162107,nil,,0.972055888223553
code_dev,b_162107,at,dd;nl,0.0199600798403194
code_dev,b_162107,ta,pd;pl,0.00798403193612774
code_dev,b_162176,nil,,0.998003992015968
code_dev,b_162176,ta,dd;nl,0.00199600798403194
code_dev,b_162178,nil,,0.998003992015968
code_dev,b_162178,ta,dd;nl,0.00199600798403194
code_dev,b_162179,nil,,0.996007984031936
code_dev,b_162179,ta,dd;nl,0.00199600798403194
code_dev,b_162179,tt,,0.00199600798403194
code_dev,b_162181,nil,,0.998003992015968
code_dev,b_162181,ta,dd;nl,0.00199600798403194
code_dev,b_162182,nil,,0.998003992015968
code_dev,b_162182,ta,dd;nl,0.00199600798403194
code_dev,b_166302,nil,,0.998003992015968
code_dev,b_166302,ta,dd;nl,0.00199600798403194
code_dev,b_166303,nil,,0.998003992015968
code_dev,b_166303,tt,,0.00199600798403194
code_dev,b_173731,nil,,0.998003992015968
code_dev,b_173731,ta,dd;nl,0.00199600798403194
code_dev,b_180732,nil,,0.962075848303393
code_dev,b_180732,ta,dd;nl,0.0179640718562874
code_dev,b_180732,tt,,0.0139720558882236
code_dev,b_180732,at,dd;pl,0.00598802395209581
code_dev,b_180734,nil,,0.942115768463074
code_dev,b_180734,ta,dd;nl,0.029940119760479
code_dev,b_180734,at,dd;pl,0.0159680638722555
code_dev,b_180734,tt,,0.0119760479041916
code_dev,b_180735,nil,,0.972055888223553
code_dev,b_180735,ta,dd;nl,0.0199600798403194
code_dev,b_180735,at,dd;pl,0.00598802395209581
code_dev,b_180735,tt,,0.00199600798403194
code_dev,b_180737,nil,,0.976047904191617
code_dev,b_180737,ta,dd;nl,0.00998003992015968
code_dev,b_180737,at,dd;pl,0.00798403193612774
code_dev,b_180737,tt,,0.00598802395209581
code_dev,b_180739,nil,,0.934131736526946
code_dev,b_180739,ta,dd;nl,0.0419161676646707
code_dev,b_180739,tt,,0.0119760479041916
code_dev,b_180739,at,dd;pl,0.0119760479041916
code_dev,b_191547,nil,,0.980039920159681
code_dev,b_191547,ta,dd;nl,0.0179640718562874
code_dev,b_191547,tt,,0.00199600798403194
code_dev,churn,nil,,0.622754491017964
code_dev,churn,ta,pd;pl,0.193612774451098
code_dev,churn,at,pd;nl,0.183632734530938
code_dev,b_201967,nil,,0.956087824351297
code_dev,b_201967,ta,dd;nl,0.029940119760479
code_dev,b_201967,tt,,0.00998003992015968
code_dev,b_201967,at,dd;pl,0.00399201596806387
code_dev,b_191549,nil,,0.970059880239521
code_dev,b_191549,ta,dd;nl,0.0199600798403194
code_dev,b_191549,tt,,0.00798403193612774
code_dev,b_191549,at,dd;pl,0.00199600798403194
file,thread,nil,,0.652694610778443
file,thread,at,pd;nl,0.203592814371258
file,thread,ta,pd;nl,0.143712574850299
file,nv-b_100740,nil,,0.998003992015968
file,nv-b_100740,ta,pd;nl,0.00199600798403194
file,nv-b_102939,nil,,0.996007984031936
file,nv-b_102939,ta,dd;nl,0.00399201596806387
file,nv-b_103864,nil,,0.994011976047904
file,nv-b_103864,ta,dd;nl,0.00598802395209581
file,nv-b_104180,nil,,0.998003992015968
file,nv-b_104180,ta,dd;nl,0.00199600798403194
file,nv-churn2,nil,,0.996007984031936
file,nv-churn2,ta,dd;nl,0.00399201596806387
file,nv-code_dev2,nil,,0.996007984031936
file,nv-code_dev2,ta,dd;nl,0.00399201596806387
file,nv-commit2,nil,,0.996007984031936
file,nv-commit2,ta,dd;nl,0.00399201596806387
file,nv-mail_dev,nil,,0.994011976047904
file,nv-mail_dev,ta,dd;nl,0.00598802395209581
file,nv-mis_link2,nil,,0.998003992015968
file,nv-mis_link2,ta,dd;nl,0.00199600798403194
file,nv-silence,nil,,0.998003992015968
file,nv-silence,ta,dd;nl,0.00199600798403194
file,nv-silence2,nil,,0.99001996007984
file,nv-silence2,ta,dd;nl,0.00998003992015968
file,nv-start,nil,,0.954091816367266
file,nv-start,ta,dd;nl,0.0339321357285429
file,nv-start,at,dd;pl,0.0119760479041916
file,nv-thread,nil,,0.998003992015968
file,nv-thread,ta,dd;nl,0.00199600798403194
file,nv-thread2,nil,,0.992015968063872
file,nv-thread2,ta,dd;nl,0.00798403193612774
file,silence,ta,dd;nl,1
file,silence2,ta,pd;nl,0.846307385229541
file,silence2,at,dd;nl,0.125748502994012
file,silence2,nil,,0.0279441117764471
mail_dev2,file,nil,,0.806387225548902
mail_dev2,file,at,pd;pl,0.107784431137725
mail_dev2,file,ta,pd;nl,0.0838323353293413
mail_dev2,file,tt,,0.00199600798403194
mail_dev2,file2,ta,pd;nl,0.598802395209581
mail_dev2,file2,at,dd;nl,0.205588822355289
mail_dev2,file2,nil,,0.19560878243513
mail_dev2,nv-commit2,nil,,0.974051896207585
mail_dev2,nv-commit2,ta,dd;nl,0.0219560878243513
mail_dev2,nv-commit2,tt,,0.00199600798403194
mail_dev2,nv-commit2,at,dd;pl,0.00199600798403194
mail_dev2,nv-mail_dev,nil,,0.998003992015968
mail_dev2,nv-mail_dev,ta,dd;nl,0.00199600798403194
mail_dev2,nv-mail_dev2,nil,,0.998003992015968
mail_dev2,nv-mail_dev2,ta,dd;nl,0.00199600798403194
mail_dev2,nv-thread,nil,,0.998003992015968
mail_dev2,nv-thread,ta,dd;nl,0.00199600798403194
mail_dev2,silence,nil,,0.784431137724551
mail_dev2,silence,at,pd;nl,0.143712574850299
mail_dev2,silence,ta,pd;nl,0.0718562874251497
mail_dev2,silence2,ta,pd;nl,0.998003992015968
mail_dev2,silence2,at,pd;nl,0.00199600798403194
mis_link,b_122110,nil,,0.996007984031936
mis_link,b_122110,ta,dd;nl,0.00399201596806387
mis_link,b_134353,nil,,0.996007984031936
mis_link,b_134353,ta,dd;nl,0.00399201596806387
mis_link,b_140076,nil,,0.998003992015968
mis_link,b_140076,ta,dd;nl,0.00199600798403194
mis_link,b_160799,nil,,0.998003992015968
mis_link,b_160799,ta,dd;nl,0.00199600798403194
mis_link,b_162107,nil,,0.986027944111776
mis_link,b_162107,tt,,0.00598802395209581
mis_link,b_162107,ta,dd;nl,0.00399201596806387
mis_link,b_162107,at,dd;pl,0.00399201596806387
mis_link,b_162178,nil,,0.994011976047904
mis_link,b_162178,ta,dd;nl,0.00598802395209581
mis_link,b_162179,nil,,0.994011976047904
mis_link,b_162179,ta,dd;nl,0.00399201596806387
mis_link,b_162179,tt,,0.00199600798403194
mis_link,b_162180,nil,,0.998003992015968
mis_link,b_162180,ta,dd;nl,0.00199600798403194
mis_link,b_166303,nil,,0.998003992015968
mis_link,b_166303,ta,dd;nl,0.00199600798403194
mis_link,b_162182,nil,,0.994011976047904
mis_link,b_162182,at,dd;nl,0.00399201596806387
mis_link,b_162182,ta,dd;pl,0.00199600798403194
mis_link,b_167053,nil,,0.946107784431138
mis_link,b_167053,ta,dd;nl,0.0359281437125749
mis_link,b_167053,tt,,0.00998003992015968
mis_link,b_167053,at,dd;pl,0.00798403193612774
mis_link,b_173731,nil,,0.890219560878244
mis_link,b_173731,ta,dd;nl,0.0778443113772455
mis_link,b_173731,tt,,0.0219560878243513
mis_link,b_173731,at,dd;pl,0.00998003992015968
mis_link,b_173733,nil,,0.982035928143713
mis_link,b_173733,ta,dd;nl,0.0159680638722555
mis_link,b_173733,at,dd;pl,0.00199600798403194
mis_link,b_180734,nil,,0.986027944111776
mis_link,b_180734,ta,dd;nl,0.00598802395209581
mis_link,b_180734,at,dd;pl,0.00598802395209581
mis_link,b_180734,tt,,0.00199600798403194
mail_dev2,commit2,ta,dd;nl,0.854291417165669
mail_dev2,commit2,at,pd;nl,0.119760479041916
mail_dev2,commit2,nil,,0.0259481037924152
mail_dev2,churn,ta,pd;nl,0.682634730538922
mail_dev2,churn,nil,,0.191616766467066
mail_dev2,churn,at,pd;nl,0.125748502994012
mail_dev2,commit,ta,pd;nl,0.510978043912176
mail_dev2,commit,nil,,0.271457085828343
mail_dev2,commit,at,pd;pl,0.217564870259481
mail_dev2,b_180732,nil,,0.998003992015968
mail_dev2,b_180732,ta,dd;nl,0.00199600798403194
mail_dev2,b_80891,nil,,0.998003992015968
mail_dev2,b_80891,tt,,0.00199600798403194
mail_dev2,b_162178,nil,,0.998003992015968
mail_dev2,b_162178,ta,dd;nl,0.00199600798403194
mail_dev2,b_166302,nil,,0.998003992015968
mail_dev2,b_166302,ta,dd;nl,0.00199600798403194
mail_dev2,b_162108,nil,,0.998003992015968
mail_dev2,b_162108,ta,dd;nl,0.00199600798403194
mail_dev2,b_162176,nil,,0.998003992015968
mail_dev2,b_162176,ta,dd;nl,0.00199600798403194
mail_dev2,b_142970,nil,,0.998003992015968
mail_dev2,b_142970,ta,dd;nl,0.00199600798403194
mail_dev,thread2,ta,pd;nl,0.664670658682635
mail_dev,thread2,at,pd;nl,0.30938123752495
mail_dev,thread2,tt,,0.0199600798403194
mail_dev,thread2,nil,,0.00598802395209581
mail_dev2,b_160701,nil,,0.998003992015968
mail_dev2,b_160701,ta,dd;nl,0.00199600798403194
mail_dev,silence2,ta,pd;nl,0.838323353293413
mail_dev,silence2,nil,,0.153692614770459
mail_dev,silence2,at,pd;nl,0.00798403193612774
mail_dev,thread,ta,dd;nl,0.758483033932136
mail_dev,thread,at,pd;nl,0.18562874251497
mail_dev,thread,tt,,0.0558882235528942
mail_dev,nv-mis_link2,nil,,0.998003992015968
mail_dev,nv-mis_link2,ta,dd;nl,0.00199600798403194
mail_dev,silence,ta,pd;nl,1
mail_dev,nv-code_dev,nil,,0.998003992015968
mail_dev,nv-code_dev,ta,dd;nl,0.00199600798403194
mail_dev,nv-mail_dev2,nil,,0.998003992015968
mail_dev,nv-mail_dev2,tt,,0.00199600798403194
mail_dev,mail_dev2,ta,pd;nl,0.70059880239521
mail_dev,mail_dev2,at,pd;nl,0.243512974051896
mail_dev,mail_dev2,tt,,0.0339321357285429
mail_dev,mail_dev2,nil,,0.0219560878243513
mail_dev,nv-churn,nil,,0.998003992015968
mail_dev,nv-churn,ta,dd;nl,0.00199600798403194
mail_dev,file,ta,pd;nl,0.688622754491018
mail_dev,file,nil,,0.25748502994012
mail_dev,file,at,pd;nl,0.0538922155688623
mail_dev,file2,ta,pd;nl,0.570858283433134
mail_dev,file2,nil,,0.411177644710579
mail_dev,file2,at,pd;nl,0.0179640718562874
mail_dev,commit,nil,,0.479041916167665
mail_dev,commit,ta,pd;nl,0.273453093812375
mail_dev,commit,at,pd;pl,0.24750499001996
mail_dev,commit2,ta,pd;nl,0.856287425149701
mail_dev,commit2,at,pd;nl,0.109780439121756
mail_dev,commit2,nil,,0.0339321357285429
mail_dev,churn2,ta,pd;nl,0.710578842315369
mail_dev,churn2,at,pd;nl,0.145708582834331
mail_dev,churn2,nil,,0.141716566866267
mail_dev,churn2,tt,,0.00199600798403194
mail_dev,code_dev2,nil,,0.530938123752495
mail_dev,code_dev2,ta,pd;nl,0.211576846307385
mail_dev,code_dev2,at,pd;nl,0.211576846307385
mail_dev,code_dev2,tt,,0.0459081836327345
mail_dev,b_81672,nil,,0.998003992015968
mail_dev,b_81672,ta,dd;nl,0.00199600798403194
mail_dev,churn,ta,pd;nl,0.7624750499002
mail_dev,churn,at,pd;nl,0.189620758483034
mail_dev,churn,nil,,0.0479041916167665
mail_dev,b_167053,nil,,0.996007984031936
mail_dev,b_167053,ta,dd;nl,0.00399201596806387
mail_dev,b_62937,nil,,0.998003992015968
mail_dev,b_62937,ta,dd;nl,0.00199600798403194
mail_dev,b_166303,nil,,0.998003992015968
mail_dev,b_166303,ta,dd;nl,0.00199600798403194
mail_dev,b_166304,nil,,0.998003992015968
mail_dev,b_166304,ta,dd;nl,0.00199600798403194
mail_dev,b_143572,nil,,0.998003992015968
mail_dev,b_143572,ta,dd;nl,0.00199600798403194
mail_dev,b_151791,nil,,0.998003992015968
mail_dev,b_151791,ta,dd;nl,0.00199600798403194
mail_dev,b_140076,nil,,0.998003992015968
mail_dev,b_140076,ta,dd;nl,0.00199600798403194
mail_dev,b_143567,nil,,0.998003992015968
mail_dev,b_143567,ta,dd;nl,0.00199600798403194
file2,silence2,ta,dd;nl,0.998003992015968
file2,silence2,at,pd;nl,0.00199600798403194
mail_dev,b_122110,nil,,0.998003992015968
mail_dev,b_122110,ta,dd;nl,0.00199600798403194
file2,nv-churn2,nil,,0.998003992015968
file2,nv-churn2,ta,dd;nl,0.00199600798403194
file2,nv-silence,nil,,0.940119760479042
file2,nv-silence,ta,dd;nl,0.0598802395209581
file2,b_191549,nil,,0.994011976047904
file2,b_191549,ta,dd;nl,0.00598802395209581
file2,churn,nil,,0.471057884231537
file2,churn,ta,dd;nl,0.287425149700599
file2,churn,at,pd;nl,0.241516966067864
file2,b_180739,nil,,0.994011976047904
file2,b_180739,ta,dd;nl,0.00598802395209581
file2,b_191547,nil,,0.998003992015968
file2,b_191547,ta,dd;nl,0.00199600798403194
file2,b_180732,nil,,0.996007984031936
file2,b_180732,ta,dd;nl,0.00399201596806387
file2,b_180735,nil,,0.996007984031936
file2,b_180735,ta,dd;nl,0.00399201596806387
file2,b_162180,nil,,0.996007984031936
file2,b_162180,ta,dd;nl,0.00399201596806387
file2,b_173733,nil,,0.996007984031936
file2,b_173733,ta,dd;nl,0.00399201596806387
file2,b_151789,nil,,0.998003992015968
file2,b_151789,ta,dd;nl,0.00199600798403194
file2,b_162107,nil,,0.996007984031936
file2,b_162107,ta,pd;nl,0.00399201596806387
file2,b_150285,nil,,0.998003992015968
file2,b_150285,ta,dd;nl,0.00199600798403194
file2,b_150287,nil,,0.998003992015968
file2,b_150287,ta,dd;nl,0.00199600798403194
file2,b_143506,nil,,0.998003992015968
file2,b_143506,ta,dd;nl,0.00199600798403194
file2,b_143510,nil,,0.998003992015968
file2,b_143510,ta,dd;nl,0.00199600798403194
file2,b_140160,nil,,0.998003992015968
file2,b_140160,ta,dd;nl,0.00199600798403194
file2,b_140221,nil,,0.998003992015968
file2,b_140221,ta,dd;nl,0.00199600798403194
file,commit2,nil,,0.768463073852295
file,commit2,ta,pd;nl,0.157684630738523
file,commit2,at,pd;nl,0.0738522954091816
file,file2,ta,pd;nl,0.544910179640719
file,file2,nil,,0.39121756487026
file,file2,at,pd;nl,0.063872255489022
file,churn,ta,pd;nl,0.918163672654691
file,churn,at,dd;nl,0.06187624750499
file,churn,tt,,0.0199600798403194
file,churn2,nil,,0.706586826347305
file,churn2,ta,pd;nl,0.209580838323353
file,churn2,at,pd;pl,0.0838323353293413
file,b_191549,nil,,0.996007984031936
file,b_191549,ta,dd;nl,0.00399201596806387
file,b_201967,nil,,0.994011976047904
file,b_201967,ta,dd;nl,0.00598802395209581
file,b_180739,nil,,0.998003992015968
file,b_180739,ta,dd;nl,0.00199600798403194
file,b_191547,nil,,0.998003992015968
file,b_191547,ta,dd;nl,0.00199600798403194
file,b_180735,nil,,0.994011976047904
file,b_180735,ta,dd;nl,0.00598802395209581
file,b_180737,nil,,0.988023952095808
file,b_180737,ta,dd;nl,0.0119760479041916
file,b_173733,nil,,0.998003992015968
file,b_173733,ta,dd;nl,0.00199600798403194
file,b_180732,nil,,0.994011976047904
file,b_180732,ta,dd;nl,0.00598802395209581
file,b_162181,nil,,0.998003992015968
file,b_162181,ta,dd;nl,0.00199600798403194
file,b_166303,nil,,0.998003992015968
file,b_166303,ta,dd;nl,0.00199600798403194
file,b_162176,nil,,0.996007984031936
file,b_162176,ta,dd;nl,0.00199600798403194
file,b_162176,at,dd;pl,0.00199600798403194
file,b_162107,nil,,0.982035928143713
file,b_162107,at,dd;nl,0.0159680638722555
file,b_162107,ta,pd;pl,0.00199600798403194
file,b_162180,nil,,0.976047904191617
file,b_162180,ta,pd;nl,0.0159680638722555
file,b_162180,at,pd;pl,0.00798403193612774
file,b_150207,nil,,0.998003992015968
file,b_150207,ta,dd;nl,0.00199600798403194
file,b_160705,nil,,0.998003992015968
file,b_160705,ta,dd;nl,0.00199600798403194
file,b_143507,nil,,0.998003992015968
file,b_143507,ta,dd;nl,0.00199600798403194
file,b_143570,nil,,0.998003992015968
file,b_143570,ta,dd;nl,0.00199600798403194
commit2,silence2,nil,,0.888223552894212
commit2,silence2,ta,pd;nl,0.0878243512974052
commit2,silence2,at,dd;nl,0.0239520958083832
file,b_140221,nil,,0.998003992015968
file,b_140221,ta,dd;nl,0.00199600798403194
commit2,nv-thread2,nil,,0.998003992015968
commit2,nv-thread2,ta,dd;nl,0.00199600798403194
commit2,silence,nil,,0.526946107784431
commit2,silence,ta,pd;nl,0.29940119760479
commit2,silence,at,pd;nl,0.173652694610778
commit2,nv-file2,nil,,0.998003992015968
commit2,nv-file2,ta,dd;nl,0.00199600798403194
commit2,nv-mis_link,nil,,0.998003992015968
commit2,nv-mis_link,ta,dd;nl,0.00199600798403194
commit2,file2,ta,pd;nl,0.780439121756487
commit2,file2,at,pd;nl,0.219560878243513
commit2,nv-b_104180,nil,,0.994011976047904
commit2,nv-b_104180,ta,dd;nl,0.00399201596806387
commit2,nv-b_104180,at,dd;nl,0.00199600798403194
commit2,churn,ta,pd;nl,0.732534930139721
commit2,churn,at,pd;nl,0.223552894211577
commit2,churn,nil,,0.0439121756487026
commit2,commit,ta,dd;nl,0.772455089820359
commit2,commit,at,pd;pl,0.225548902195609
commit2,commit,tt,,0.00199600798403194
commit2,b_191549,nil,,0.954091816367266
commit2,b_191549,ta,dd;nl,0.0459081836327345
commit2,b_201967,nil,,0.960079840319361
commit2,b_201967,ta,dd;nl,0.0399201596806387
commit2,b_180739,nil,,0.954091816367266
commit2,b_180739,ta,dd;nl,0.0459081836327345
commit2,b_191547,nil,,0.994011976047904
commit2,b_191547,ta,dd;nl,0.00399201596806387
commit2,b_191547,at,dd;pl,0.00199600798403194
commit2,b_180735,nil,,0.976047904191617
commit2,b_180735,ta,pd;nl,0.0239520958083832
commit2,b_180737,nil,,0.954091816367266
commit2,b_180737,ta,dd;nl,0.0459081836327345
commit2,b_180732,nil,,0.958083832335329
commit2,b_180732,ta,dd;nl,0.0419161676646707
commit2,b_180734,nil,,0.954091816367266
commit2,b_180734,ta,dd;nl,0.0419161676646707
commit2,b_180734,at,dd;nl,0.00399201596806387
commit2,b_166304,nil,,0.998003992015968
commit2,b_166304,ta,dd;nl,0.00199600798403194
commit2,b_173733,nil,,0.994011976047904
commit2,b_173733,ta,dd;nl,0.00598802395209581
commit2,b_166302,nil,,0.996007984031936
commit2,b_166302,ta,dd;nl,0.00399201596806387
commit2,b_166303,nil,,0.996007984031936
commit2,b_166303,ta,dd;nl,0.00399201596806387
commit2,b_162181,nil,,0.996007984031936
commit2,b_162181,ta,dd;nl,0.00399201596806387
commit2,b_162182,nil,,0.998003992015968
commit2,b_162182,ta,dd;nl,0.00199600798403194
commit2,b_150287,nil,,0.998003992015968
commit2,b_150287,ta,dd;nl,0.00199600798403194
commit2,b_162179,nil,,0.996007984031936
commit2,b_162179,ta,dd;nl,0.00399201596806387
commit2,b_143508,nil,,0.996007984031936
commit2,b_143508,ta,dd;nl,0.00399201596806387
commit2,b_150208,nil,,0.998003992015968
commit2,b_150208,ta,dd;nl,0.00199600798403194
commit2,b_120027,nil,,0.982035928143713
commit2,b_120027,ta,dd;nl,0.0179640718562874
commit2,b_143470,nil,,0.998003992015968
commit2,b_143470,ta,dd;nl,0.00199600798403194
commit2,b_104180,nil,,0.996007984031936
commit2,b_104180,ta,dd;nl,0.00399201596806387
commit2,b_114577,nil,,0.982035928143713
commit2,b_114577,ta,dd;nl,0.0179640718562874
commit,silence,ta,pd;nl,0.788423153692615
commit,silence,nil,,0.165668662674651
commit,silence,at,dd;nl,0.0459081836327345
commit,silence2,nil,,0.522954091816367
commit,silence2,ta,pd;pl,0.421157684630739
commit,silence2,at,dd;nl,0.0558882235528942
code_dev,thread,nil,,0.407185628742515
code_dev,thread,at,pd;nl,0.359281437125749
code_dev,thread,ta,pd;nl,0.221556886227545
code_dev,thread,tt,,0.0119760479041916
code_dev,silence2,nil,,0.497005988023952
code_dev,silence2,ta,pd;pl,0.483033932135729
code_dev,silence2,at,pd;nl,0.0199600798403194
code_dev,start,ta,pd;nl,0.467065868263473
code_dev,start,at,pd;nl,0.349301397205589
code_dev,start,nil,,0.183632734530938
code_dev,nv-start,nil,,0.998003992015968
code_dev,nv-start,ta,pd;pl,0.00199600798403194
code_dev,silence,nil,,0.846307385229541
code_dev,silence,at,pd;nl,0.103792415169661
code_dev,silence,ta,pd;nl,0.0499001996007984
code_dev,nv-silence2,nil,,0.998003992015968
code_dev,nv-silence2,ta,pd;pl,0.00199600798403194
code_dev,nv-mail_dev2,nil,,0.996007984031936
code_dev,nv-mail_dev2,tt,,0.00199600798403194
code_dev,nv-mail_dev2,at,dd;nl,0.00199600798403194
code_dev,nv-mis_link,nil,,0.99001996007984
code_dev,nv-mis_link,ta,dd;nl,0.00598802395209581
code_dev,nv-mis_link,tt,,0.00399201596806387
code_dev,nv-churn,nil,,0.996007984031936
code_dev,nv-churn,ta,dd;nl,0.00399201596806387
code_dev,nv-b_102939,nil,,0.996007984031936
code_dev,nv-b_102939,ta,dd;nl,0.00399201596806387
code_dev,mis_link2,ta,dd;nl,0.417165668662675
code_dev,mis_link2,nil,,0.275449101796407
code_dev,mis_link2,at,dd;nl,0.193612774451098
code_dev,mis_link2,tt,,0.11377245508982
code_dev,mis_link,ta,pd;pl,0.538922155688623
code_dev,mis_link,at,pd;pl,0.363273453093812
code_dev,mis_link,tt,,0.0978043912175649
code_dev,mail_dev,ta,pd;pl,0.528942115768463
code_dev,mail_dev,nil,,0.329341317365269
code_dev,mail_dev,at,pd;nl,0.129740518962076
code_dev,mail_dev,tt,,0.0119760479041916
code_dev,file2,ta,pd;pl,0.826347305389222
code_dev,file2,at,pd;nl,0.167664670658683
code_dev,file2,nil,,0.00598802395209581
code_dev,file,ta,pd;pl,0.630738522954092
code_dev,file,at,pd;nl,0.233532934131737
code_dev,file,nil,,0.121756487025948
code_dev,file,tt,,0.0139720558882236
code_dev,commit2,ta,pd;pl,0.798403193612774
code_dev,commit2,at,pd;nl,0.199600798403194
code_dev,commit2,nil,,0.00199600798403194
code_dev,code_dev2,ta,pd;pl,0.694610778443114
code_dev,code_dev2,at,pd;pl,0.261477045908184
code_dev,code_dev2,tt,,0.0419161676646707
code_dev,code_dev2,nil,,0.00199600798403194
code_dev,commit,ta,pd;pl,0.644710578842315
code_dev,commit,at,pd;nl,0.267465069860279
code_dev,commit,nil,,0.0878243512974052
code_dev,mail_dev2,nil,,0.722554890219561
code_dev,mail_dev2,ta,pd;nl,0.245508982035928
code_dev,mail_dev2,at,pd;pl,0.031936127744511
code_dev2,b_114577,nil,,0.988023952095808
code_dev2,b_114577,ta,dd;nl,0.00598802395209581
code_dev2,b_114577,at,dd;pl,0.00399201596806387
code_dev2,b_114577,tt,,0.00199600798403194
code_dev2,b_122333,nil,,0.994011976047904
code_dev2,b_122333,ta,dd;nl,0.00399201596806387
code_dev2,b_122333,at,dd;pl,0.00199600798403194
code_dev2,b_134353,nil,,0.998003992015968
code_dev2,b_134353,ta,dd;nl,0.00199600798403194
code_dev2,b_130166,nil,,0.994011976047904
code_dev2,b_130166,at,dd;nl,0.00399201596806387
code_dev2,b_130166,ta,dd;pl,0.00199600798403194
code_dev2,b_122110,nil,,0.998003992015968
code_dev2,b_122110,tt,,0.00199600798403194
code_dev2,b_120027,nil,,0.994011976047904
code_dev2,b_120027,ta,dd;nl,0.00598802395209581
code_dev2,b_143505,nil,,0.996007984031936
code_dev2,b_143505,ta,dd;nl,0.00399201596806387
code_dev2,b_143509,nil,,0.998003992015968
code_dev2,b_143509,ta,dd;nl,0.00199600798403194
code_dev2,b_140076,nil,,0.998003992015968
code_dev2,b_140076,ta,dd;nl,0.00199600798403194
code_dev2,b_136450,nil,,0.998003992015968
code_dev2,b_136450,ta,dd;nl,0.00199600798403194
code_dev2,b_162107,nil,,0.954091816367266
code_dev2,b_162107,ta,pd;nl,0.0439121756487026
code_dev2,b_162107,at,dd;pl,0.00199600798403194
code_dev2,b_162108,nil,,0.998003992015968
code_dev2,b_162108,ta,dd;nl,0.00199600798403194
code_dev2,b_162106,nil,,0.998003992015968
code_dev2,b_162106,ta,dd;nl,0.00199600798403194
code_dev2,b_160798,nil,,0.998003992015968
code_dev2,b_160798,ta,dd;nl,0.00199600798403194
code_dev2,b_162179,nil,,0.998003992015968
code_dev2,b_162179,ta,dd;nl,0.00199600798403194
code_dev2,b_162182,nil,,0.998003992015968
code_dev2,b_162182,ta,dd;nl,0.00199600798403194
code_dev2,b_162178,nil,,0.998003992015968
code_dev2,b_162178,ta,dd;nl,0.00199600798403194
code_dev2,b_162176,nil,,0.998003992015968
code_dev2,b_162176,ta,dd;nl,0.00199600798403194
code_dev2,b_173733,nil,,0.996007984031936
code_dev2,b_173733,ta,dd;nl,0.00399201596806387
code_dev2,b_180732,nil,,0.974051896207585
code_dev2,b_180732,ta,dd;nl,0.0239520958083832
code_dev2,b_180732,at,dd;pl,0.00199600798403194
code_dev2,b_166304,nil,,0.998003992015968
code_dev2,b_166304,ta,dd;nl,0.00199600798403194
code_dev2,b_166302,nil,,0.996007984031936
code_dev2,b_166302,ta,dd;nl,0.00399201596806387
code_dev2,b_180737,nil,,0.960079840319361
code_dev2,b_180737,ta,dd;nl,0.0359281437125749
code_dev2,b_180737,at,dd;pl,0.00399201596806387
code_dev2,b_180739,nil,,0.974051896207585
code_dev2,b_180739,ta,dd;nl,0.0139720558882236
code_dev2,b_180739,at,dd;pl,0.00998003992015968
code_dev2,b_180739,tt,,0.00199600798403194
code_dev2,b_180735,nil,,0.974051896207585
code_dev2,b_180735,ta,dd;nl,0.0159680638722555
code_dev2,b_180735,at,dd;nl,0.00798403193612774
code_dev2,b_180735,tt,,0.00199600798403194
code_dev2,b_180734,nil,,0.972055888223553
code_dev2,b_180734,ta,dd;nl,0.0199600798403194
code_dev2,b_180734,tt,,0.00399201596806387
code_dev2,b_180734,at,dd;pl,0.00399201596806387
code_dev2,b_201967,nil,,0.968063872255489
code_dev2,b_201967,ta,dd;nl,0.0179640718562874
code_dev2,b_201967,at,dd;pl,0.00998003992015968
code_dev2,b_201967,tt,,0.00399201596806387
code_dev2,churn,ta,pd;nl,0.524950099800399
code_dev2,churn,nil,,0.277445109780439
code_dev2,churn,at,pd;nl,0.197604790419162
code_dev2,b_191549,nil,,0.970059880239521
code_dev2,b_191549,ta,dd;nl,0.0199600798403194
code_dev2,b_191549,at,pd;pl,0.00798403193612774
code_dev2,b_191549,tt,,0.00199600798403194
code_dev2,b_191547,nil,,0.968063872255489
code_dev2,b_191547,ta,dd;nl,0.0239520958083832
code_dev2,b_191547,at,dd;pl,0.00798403193612774
code_dev2,commit2,ta,pd;nl,0.920159680638723
code_dev2,commit2,nil,,0.0538922155688623
code_dev2,commit2,at,pd;nl,0.0259481037924152
code_dev2,file,ta,pd;nl,0.636726546906188
code_dev2,file,nil,,0.355289421157685
code_dev2,file,at,pd;nl,0.00798403193612774
code_dev2,commit,ta,pd;nl,0.632734530938124
code_dev2,commit,at,pd;pl,0.201596806387226
code_dev2,commit,nil,,0.165668662674651
code_dev2,churn2,ta,pd;nl,0.760479041916168
code_dev2,churn2,at,dd;nl,0.165668662674651
code_dev2,churn2,tt,,0.0738522954091816
code_dev2,nv-b_100433,nil,,0.99001996007984
code_dev2,nv-b_100433,ta,dd;pl,0.00998003992015968
code_dev2,nv-b_100742,nil,,0.998003992015968
code_dev2,nv-b_100742,ta,dd;nl,0.00199600798403194
code_dev2,nv-code_dev,nil,,0.992015968063872
code_dev2,nv-code_dev,ta,dd;nl,0.00399201596806387
code_dev2,nv-code_dev,tt,,0.00199600798403194
code_dev2,nv-code_dev,at,dd;nl,0.00199600798403194
code_dev2,nv-mail_dev,nil,,0.992015968063872
code_dev2,nv-mail_dev,ta,dd;nl,0.00798403193612774
code_dev2,nv-mis_link,nil,,0.972055888223553
code_dev2,nv-mis_link,ta,dd;nl,0.0219560878243513
code_dev2,nv-mis_link,at,dd;nl,0.00598802395209581
code_dev2,nv-silence,nil,,0.99001996007984
code_dev2,nv-silence,ta,dd;nl,0.00998003992015968
code_dev2,nv-silence2,nil,,0.924151696606786
code_dev2,nv-silence2,ta,dd;nl,0.0339321357285429
code_dev2,nv-silence2,tt,,0.0279441117764471
code_dev2,nv-silence2,at,dd;pl,0.0139720558882236
code_dev2,silence,ta,pd;nl,0.87624750499002
code_dev2,silence,at,dd;nl,0.117764471057884
code_dev2,silence,nil,,0.00598802395209581
code_dev2,silence2,nil,,0.784431137724551
code_dev2,silence2,ta,pd;nl,0.215568862275449
code_dev2,start,nil,,0.958083832335329
code_dev2,start,ta,pd;pl,0.0259481037924152
code_dev2,start,at,pd;nl,0.0159680638722555
code_dev2,thread,ta,dd;nl,0.694610778443114
code_dev2,thread,nil,,0.261477045908184
code_dev2,thread,at,pd;pl,0.0439121756487026
code_dev2,thread2,ta,pd;nl,0.706586826347305
code_dev2,thread2,at,pd;pl,0.169660678642715
code_dev2,thread2,nil,,0.111776447105788
code_dev2,thread2,tt,,0.0119760479041916
commit,b_114577,nil,,0.966067864271457
commit,b_114577,ta,dd;nl,0.0219560878243513
commit,b_114577,tt,,0.00998003992015968
commit,b_114577,at,dd;pl,0.00199600798403194
commit,b_134353,nil,,0.998003992015968
commit,b_134353,ta,dd;nl,0.00199600798403194
commit,b_120027,nil,,0.980039920159681
commit,b_120027,at,dd;nl,0.0119760479041916
commit,b_120027,tt,,0.00598802395209581
commit,b_120027,ta,dd;pl,0.00199600798403194
commit,b_143511,nil,,0.998003992015968
commit,b_143511,ta,dd;nl,0.00199600798403194
commit,b_160705,nil,,0.998003992015968
commit,b_160705,ta,dd;nl,0.00199600798403194
commit,b_150208,nil,,0.988023952095808
commit,b_150208,at,dd;nl,0.00798403193612774
commit,b_150208,tt,,0.00399201596806387
commit,b_162107,nil,,0.992015968063872
commit,b_162107,ta,pd;nl,0.00798403193612774
commit,b_162109,nil,,0.998003992015968
commit,b_162109,ta,dd;nl,0.00199600798403194
commit,b_162181,nil,,0.998003992015968
commit,b_162181,ta,dd;nl,0.00199600798403194
commit,b_173733,nil,,0.998003992015968
commit,b_173733,ta,dd;nl,0.00199600798403194
commit,b_180732,nil,,0.940119760479042
commit,b_180732,at,dd;nl,0.0399201596806387
commit,b_180732,tt,,0.0139720558882236
commit,b_180732,ta,dd;pl,0.00598802395209581
commit,b_180734,nil,,0.970059880239521
commit,b_180734,ta,dd;nl,0.0199600798403194
commit,b_180734,at,dd;nl,0.00598802395209581
commit,b_180734,tt,,0.00399201596806387
commit,b_180735,nil,,0.988023952095808
commit,b_180735,ta,dd;nl,0.00998003992015968
commit,b_180735,tt,,0.00199600798403194
commit,b_180737,nil,,0.946107784431138
commit,b_180737,ta,dd;nl,0.0419161676646707
commit,b_180737,tt,,0.00798403193612774
commit,b_180737,at,dd;pl,0.00399201596806387
commit,b_180739,nil,,0.94810379241517
commit,b_180739,ta,dd;nl,0.0499001996007984
commit,b_180739,at,dd;pl,0.00199600798403194
commit,b_191547,nil,,0.984031936127744
commit,b_191547,ta,pd;pl,0.0159680638722555
commit,b_191549,nil,,0.950099800399202
commit,b_191549,ta,dd;nl,0.0419161676646707
commit,b_191549,tt,,0.00798403193612774
commit,b_201967,nil,,0.944111776447106
commit,b_201967,ta,dd;nl,0.0439121756487026
commit,b_201967,tt,,0.00998003992015968
commit,b_201967,at,dd;pl,0.00199600798403194
commit,churn,ta,pd;nl,0.940119760479042
commit,churn,at,pd;nl,0.0598802395209581
commit,churn2,nil,,0.800399201596806
commit,churn2,ta,pd;pl,0.153692614770459
commit,churn2,at,pd;nl,0.0459081836327345
commit,file,ta,dd;nl,0.934131736526946
commit,file,at,pd;nl,0.0598802395209581
commit,file,tt,,0.00598802395209581
commit,file2,ta,pd;nl,0.658682634730539
commit,file2,nil,,0.271457085828343
commit,file2,at,pd;nl,0.0698602794411178
commit,nv-churn2,nil,,0.998003992015968
commit,nv-churn2,ta,dd;nl,0.00199600798403194
commit,nv-mis_link2,nil,,0.998003992015968
commit,nv-mis_link2,ta,dd;nl,0.00199600798403194
code_dev2,mail_dev2,nil,,0.978043912175649
code_dev2,mail_dev2,ta,pd;nl,0.0139720558882236
code_dev2,mail_dev2,at,pd;nl,0.00598802395209581
code_dev2,mail_dev2,tt,,0.00199600798403194
code_dev2,file2,nil,,0.778443113772455
code_dev2,file2,ta,pd;nl,0.221556886227545
commit,nv-thread2,nil,,0.992015968063872
commit,nv-thread2,at,dd;nl,0.00598802395209581
commit,nv-thread2,ta,dd;nl,0.00199600798403194
nv-b_100742,b_191549,nil,,0.874251497005988
nv-b_100742,b_191549,at,pd;nl,0.0658682634730539
nv-b_100742,b_191549,ta,dd;pl,0.0538922155688623
nv-b_100742,b_191549,tt,,0.00598802395209581
nv-b_100742,nv-code_dev,nil,,0.996007984031936
nv-b_100742,nv-code_dev,ta,dd;nl,0.00399201596806387
nv-b_100742,nv-commit,nil,,0.998003992015968
nv-b_100742,nv-commit,ta,dd;nl,0.00199600798403194
nv-b_100433,nv-commit2,nil,,0.992015968063872
nv-b_100433,nv-commit2,at,dd;nl,0.00598802395209581
nv-b_100433,nv-commit2,ta,dd;pl,0.00199600798403194
mis_link2,thread,nil,,0.836327345309381
mis_link2,thread,ta,pd;pl,0.0818363273453094
mis_link2,thread,at,pd;pl,0.0738522954091816
mis_link2,thread,tt,,0.00798403193612774
mis_link2,thread2,ta,pd;pl,0.784431137724551
mis_link2,thread2,nil,,0.181636726546906
mis_link2,thread2,tt,,0.0179640718562874
mis_link2,thread2,at,pd;pl,0.0159680638722555
nv-b_100433,nv-churn2,nil,,0.998003992015968
nv-b_100433,nv-churn2,ta,dd;nl,0.00199600798403194
mis_link2,start,ta,dd;pl,0.506986027944112
mis_link2,start,at,pd;nl,0.489021956087824
mis_link2,start,tt,,0.00199600798403194
mis_link2,start,nil,,0.00199600798403194
mis_link2,silence2,ta,pd;pl,1
mis_link2,nv-thread,nil,,0.996007984031936
mis_link2,nv-thread,tt,,0.00399201596806387
mis_link2,silence,ta,pd;pl,0.884231536926148
mis_link2,silence,nil,,0.115768463073852
mis_link2,nv-file,nil,,0.998003992015968
mis_link2,nv-file,ta,dd;nl,0.00199600798403194
mis_link2,nv-code_dev,nil,,0.998003992015968
mis_link2,nv-code_dev,ta,dd;nl,0.00199600798403194
mis_link2,nv-b_100433,nil,,0.998003992015968
mis_link2,nv-b_100433,ta,dd;nl,0.00199600798403194
mis_link2,nv-b_100742,nil,,0.99001996007984
mis_link2,nv-b_100742,ta,dd;pl,0.00598802395209581
mis_link2,nv-b_100742,at,dd;nl,0.00399201596806387
mis_link2,mis_link,ta,pd;pl,0.383233532934132
mis_link2,mis_link,at,pd;pl,0.369261477045908
mis_link2,mis_link,tt,,0.24750499001996
mis_link2,mail_dev,ta,pd;pl,0.473053892215569
mis_link2,mail_dev,nil,,0.36127744510978
mis_link2,mail_dev,at,pd;pl,0.093812375249501
mis_link2,mail_dev,tt,,0.0718562874251497
mis_link2,mail_dev2,ta,pd;pl,0.848303393213573
mis_link2,mail_dev2,at,pd;pl,0.141716566866267
mis_link2,mail_dev2,tt,,0.00998003992015968
mis_link2,file2,ta,pd;pl,0.7624750499002
mis_link2,file2,nil,,0.233532934131737
mis_link2,file2,at,pd;nl,0.00399201596806387
mis_link2,file,ta,pd;pl,0.728542914171657
mis_link2,file,nil,,0.191616766467066
mis_link2,file,at,pd;nl,0.0778443113772455
mis_link2,file,tt,,0.00199600798403194
mis_link2,commit,ta,pd;pl,0.602794411177645
mis_link2,commit,nil,,0.291417165668663
mis_link2,commit,at,pd;pl,0.103792415169661
mis_link2,commit,tt,,0.00199600798403194
mis_link2,commit2,ta,pd;pl,0.996007984031936
mis_link2,commit2,at,pd;nl,0.00399201596806387
mis_link2,code_dev2,ta,pd;pl,0.776447105788423
mis_link2,code_dev2,tt,,0.157684630738523
mis_link2,code_dev2,at,pd;pl,0.0658682634730539
mis_link,b_180737,nil,,0.994011976047904
mis_link,b_180737,ta,dd;nl,0.00399201596806387
mis_link,b_180737,at,dd;pl,0.00199600798403194
mis_link,b_191547,nil,,0.958083832335329
mis_link,b_191547,ta,dd;nl,0.0259481037924152
mis_link,b_191547,tt,,0.0119760479041916
mis_link,b_191547,at,dd;pl,0.00399201596806387
mis_link,b_191549,nil,,0.994011976047904
mis_link,b_191549,ta,dd;nl,0.00399201596806387
mis_link,b_191549,at,dd;pl,0.00199600798403194
mis_link,b_201967,nil,,0.976047904191617
mis_link,b_201967,ta,pd;pl,0.0219560878243513
mis_link,b_201967,at,dd;pl,0.00199600798403194
mis_link,churn,ta,pd;nl,0.806387225548902
mis_link,churn,nil,,0.187624750499002
mis_link,churn,at,pd;nl,0.00598802395209581
mis_link,churn2,ta,pd;nl,0.816367265469062
mis_link,churn2,at,pd;pl,0.101796407185629
mis_link,churn2,nil,,0.0578842315369262
mis_link,churn2,tt,,0.0239520958083832
mis_link,code_dev2,ta,dd;nl,0.698602794411178
mis_link,code_dev2,nil,,0.197604790419162
mis_link,code_dev2,at,pd;pl,0.0898203592814371
mis_link,code_dev2,tt,,0.0139720558882236
mis_link,commit,nil,,0.526946107784431
mis_link,commit,ta,pd;nl,0.265469061876248
mis_link,commit,at,pd;pl,0.207584830339321
mis_link,commit2,ta,pd;nl,0.608782435129741
mis_link,commit2,nil,,0.385229540918164
mis_link,commit2,at,pd;nl,0.00598802395209581
mis_link,file,ta,pd;nl,0.764471057884232
mis_link,file,at,pd;nl,0.197604790419162
mis_link,file,nil,,0.0339321357285429
mis_link,file,tt,,0.00399201596806387
mis_link,file2,ta,pd;nl,0.988023952095808
mis_link,file2,nil,,0.0119760479041916
mis_link,mail_dev,ta,dd;nl,0.608782435129741
mis_link,mail_dev,nil,,0.161676646706587
mis_link,mail_dev,at,dd;nl,0.155688622754491
mis_link,mail_dev,tt,,0.0738522954091816
mis_link,mail_dev2,ta,pd;nl,0.806387225548902
mis_link,mail_dev2,nil,,0.169660678642715
mis_link,mail_dev2,at,dd;nl,0.0159680638722555
mis_link,mail_dev2,tt,,0.00798403193612774
mis_link,nv-b_102939,nil,,0.994011976047904
mis_link,nv-b_102939,ta,pd;nl,0.00399201596806387
mis_link,nv-b_102939,at,dd;nl,0.00199600798403194
mis_link,nv-churn,nil,,0.994011976047904
mis_link,nv-churn,ta,dd;nl,0.00598802395209581
mis_link,nv-file,nil,,0.996007984031936
mis_link,nv-file,ta,dd;nl,0.00399201596806387
mis_link,nv-mail_dev,nil,,0.984031936127744
mis_link,nv-mail_dev,ta,dd;nl,0.0119760479041916
mis_link,nv-mail_dev,tt,,0.00399201596806387
mis_link,silence,nil,,0.994011976047904
mis_link,silence,ta,pd;nl,0.00598802395209581
mis_link,silence2,ta,pd;nl,0.998003992015968
mis_link,silence2,nil,,0.00199600798403194
mis_link,start,ta,pd;nl,0.528942115768463
mis_link,start,at,dd;nl,0.461077844311377
mis_link,start,nil,,0.00998003992015968
mis_link,thread,ta,pd;nl,0.860279441117764
mis_link,thread,at,pd;pl,0.0778443113772455
mis_link,thread,tt,,0.0439121756487026
mis_link,thread,nil,,0.0179640718562874
mis_link,thread2,nil,,0.572854291417166
mis_link,thread2,ta,pd;pl,0.295409181636727
mis_link,thread2,tt,,0.0778443113772455
mis_link,thread2,at,dd;nl,0.0538922155688623
mis_link2,b_103864,nil,,0.998003992015968
mis_link2,b_103864,tt,,0.00199600798403194
mis_link2,b_114109,nil,,0.998003992015968
mis_link2,b_114109,ta,dd;nl,0.00199600798403194
mis_link2,b_114576,nil,,0.998003992015968
mis_link2,b_114576,tt,,0.00199600798403194
mis_link2,b_120884,nil,,0.998003992015968
mis_link2,b_120884,ta,dd;nl,0.00199600798403194
mis_link2,b_122110,nil,,0.992015968063872
mis_link2,b_122110,ta,dd;nl,0.00399201596806387
mis_link2,b_122110,tt,,0.00199600798403194
mis_link2,b_122110,at,dd;pl,0.00199600798403194
mis_link2,b_134353,nil,,0.998003992015968
mis_link2,b_134353,ta,dd;nl,0.00199600798403194
mis_link2,b_143470,nil,,0.998003992015968
mis_link2,b_143470,ta,dd;nl,0.00199600798403194
mis_link2,b_148275,nil,,0.998003992015968
mis_link2,b_148275,ta,dd;nl,0.00199600798403194
mis_link2,b_160702,nil,,0.998003992015968
mis_link2,b_160702,ta,dd;nl,0.00199600798403194
mis_link2,b_162107,nil,,0.976047904191617
mis_link2,b_162107,ta,dd;nl,0.0179640718562874
mis_link2,b_162107,at,dd;pl,0.00399201596806387
mis_link2,b_162107,tt,,0.00199600798403194
mis_link2,b_162108,nil,,0.998003992015968
mis_link2,b_162108,ta,dd;nl,0.00199600798403194
mis_link2,b_162109,nil,,0.998003992015968
mis_link2,b_162109,ta,dd;nl,0.00199600798403194
mis_link2,b_162176,nil,,0.998003992015968
mis_link2,b_162176,tt,,0.00199600798403194
mis_link2,b_162178,nil,,0.99001996007984
mis_link2,b_162178,tt,,0.00598802395209581
mis_link2,b_162178,ta,dd;nl,0.00399201596806387
mis_link2,b_162179,nil,,0.99001996007984
mis_link2,b_162179,ta,dd;nl,0.00798403193612774
mis_link2,b_162179,tt,,0.00199600798403194
mis_link2,b_162180,nil,,0.998003992015968
mis_link2,b_162180,tt,,0.00199600798403194
mis_link2,b_162181,nil,,0.996007984031936
mis_link2,b_162181,ta,dd;nl,0.00399201596806387
mis_link2,b_162182,nil,,0.996007984031936
mis_link2,b_162182,ta,dd;nl,0.00399201596806387
mis_link2,b_166302,nil,,0.996007984031936
mis_link2,b_166302,ta,dd;nl,0.00399201596806387
mis_link2,b_166304,nil,,0.998003992015968
mis_link2,b_166304,tt,,0.00199600798403194
mis_link2,b_167053,nil,,0.950099800399202
mis_link2,b_167053,ta,dd;pl,0.0479041916167665
mis_link2,b_167053,tt,,0.00199600798403194
mis_link2,b_173731,nil,,0.984031936127744
mis_link2,b_173731,ta,dd;nl,0.00798403193612774
mis_link2,b_173731,tt,,0.00598802395209581
mis_link2,b_173731,at,dd;pl,0.00199600798403194
mis_link2,b_173733,nil,,0.996007984031936
mis_link2,b_173733,tt,,0.00199600798403194
mis_link2,b_173733,ta,dd;nl,0.00199600798403194
mis_link2,b_180732,nil,,0.998003992015968
mis_link2,b_180732,ta,pd;nl,0.00199600798403194
mis_link2,b_180735,nil,,0.966067864271457
mis_link2,b_180735,ta,dd;nl,0.0199600798403194
mis_link2,b_180735,tt,,0.00998003992015968
mis_link2,b_180735,at,dd;pl,0.00399201596806387
mis_link2,b_180734,nil,,0.984031936127744
mis_link2,b_180734,at,dd;nl,0.0119760479041916
mis_link2,b_180734,ta,dd;pl,0.00199600798403194
mis_link2,b_180734,tt,,0.00199600798403194
mis_link2,b_180737,nil,,0.992015968063872
mis_link2,b_180737,ta,dd;nl,0.00399201596806387
mis_link2,b_180737,at,dd;pl,0.00399201596806387
mis_link2,b_180739,nil,,0.992015968063872
mis_link2,b_180739,ta,dd;nl,0.00598802395209581
mis_link2,b_180739,at,dd;pl,0.00199600798403194
mis_link2,b_191547,nil,,0.976047904191617
mis_link2,b_191547,ta,dd;nl,0.0179640718562874
mis_link2,b_191547,at,dd;nl,0.00399201596806387
mis_link2,b_191547,tt,,0.00199600798403194
mis_link2,b_201967,nil,,0.998003992015968
mis_link2,b_201967,ta,dd;nl,0.00199600798403194
mis_link2,churn,ta,pd;pl,0.798403193612774
mis_link2,churn,nil,,0.135728542914172
mis_link2,churn,at,pd;nl,0.0658682634730539
mis_link2,churn2,ta,pd;pl,0.816367265469062
mis_link2,churn2,at,pd;pl,0.0958083832335329
mis_link2,churn2,nil,,0.063872255489022
mis_link2,churn2,tt,,0.0239520958083832
nv-b_100433,nv-file2,nil,,0.862275449101797
nv-b_100433,nv-file2,ta,dd;nl,0.0698602794411178
nv-b_100433,nv-file2,at,dd;pl,0.0598802395209581
nv-b_100433,nv-file2,tt,,0.00798403193612774
nv-b_100433,nv-mis_link2,nil,,0.998003992015968
nv-b_100433,nv-mis_link2,ta,dd;nl,0.00199600798403194
nv-b_100740,mail_dev,nil,,0.992015968063872
nv-b_100740,mail_dev,ta,dd;nl,0.00399201596806387
nv-b_100740,mail_dev,at,dd;nl,0.00399201596806387
nv-b_100740,nv-churn2,nil,,0.982035928143713
nv-b_100740,nv-churn2,ta,dd;nl,0.0139720558882236
nv-b_100740,nv-churn2,at,dd;pl,0.00399201596806387
nv-b_100740,nv-commit2,nil,,0.976047904191617
nv-b_100740,nv-commit2,at,dd;nl,0.0119760479041916
nv-b_100740,nv-commit2,ta,dd;pl,0.00998003992015968
nv-b_100740,nv-commit2,tt,,0.00199600798403194
nv-b_100740,nv-b_100742,nil,,0.754491017964072
nv-b_100740,nv-b_100742,at,dd;nl,0.155688622754491
nv-b_100740,nv-b_100742,ta,dd;nl,0.0898203592814371
nv-b_100433,nv-thread2,nil,,0.988023952095808
nv-b_100433,nv-thread2,ta,dd;nl,0.00798403193612774
nv-b_100433,nv-thread2,tt,,0.00199600798403194
nv-b_100433,nv-thread2,at,dd;nl,0.00199600798403194
nv-b_100742,nv-mis_link,nil,,0.986027944111776
nv-b_100742,nv-mis_link,at,dd;nl,0.00798403193612774
nv-b_100742,nv-mis_link,ta,dd;pl,0.00598802395209581
nv-b_100742,nv-start,nil,,0.998003992015968
nv-b_100742,nv-start,ta,dd;nl,0.00199600798403194
nv-b_100742,nv-thread,nil,,0.998003992015968
nv-b_100742,nv-thread,ta,dd;nl,0.00199600798403194
nv-b_102939,nv-thread,nil,,0.996007984031936
nv-b_102939,nv-thread,ta,dd;nl,0.00199600798403194
nv-b_102939,nv-thread,at,dd;pl,0.00199600798403194
nv-b_103864,nv-silence2,nil,,0.988023952095808
nv-b_103864,nv-silence2,ta,dd;nl,0.00598802395209581
nv-b_103864,nv-silence2,at,dd;pl,0.00399201596806387
nv-b_103864,nv-silence2,tt,,0.00199600798403194
nv-b_103864,mail_dev,nil,,0.996007984031936
nv-b_103864,mail_dev,ta,dd;nl,0.00399201596806387
nv-b_103864,commit,nil,,0.952095808383234
nv-b_103864,commit,ta,dd;nl,0.0279441117764471
nv-b_103864,commit,at,dd;nl,0.0199600798403194
nv-b_100742,nv-commit2,nil,,0.992015968063872
nv-b_100742,nv-commit2,at,dd;nl,0.00598802395209581
nv-b_100742,nv-commit2,ta,dd;pl,0.00199600798403194
nv-thread,nv-mail_dev,nil,,0.968063872255489
nv-thread,nv-mail_dev,tt,,0.0199600798403194
nv-thread,nv-mail_dev,ta,dd;pl,0.00798403193612774
nv-thread,nv-mail_dev,at,dd;pl,0.00399201596806387
nv-thread2,b_104180,nil,,0.994011976047904
nv-thread2,b_104180,tt,,0.00399201596806387
nv-thread2,b_104180,ta,dd;pl,0.00199600798403194
nv-thread,b_93245,nil,,0.992015968063872
nv-thread,b_93245,tt,,0.00798403193612774
nv-thread,nv-code_dev2,nil,,0.988023952095808
nv-thread,nv-code_dev2,tt,,0.00998003992015968
nv-thread,nv-code_dev2,ta,dd;nl,0.00199600798403194
nv-thread,b_62940,nil,,0.998003992015968
nv-thread,b_62940,tt,,0.00199600798403194
nv-thread,b_191547,nil,,0.988023952095808
nv-thread,b_191547,tt,,0.00598802395209581
nv-thread,b_191547,ta,dd;pl,0.00399201596806387
nv-thread,b_191547,at,dd;nl,0.00199600798403194
nv-thread,b_201967,nil,,0.998003992015968
nv-thread,b_201967,tt,,0.00199600798403194
nv-thread,b_180739,nil,,0.992015968063872
nv-thread,b_180739,tt,,0.00598802395209581
nv-thread,b_180739,ta,dd;pl,0.00199600798403194
nv-thread,b_162182,nil,,0.994011976047904
nv-thread,b_162182,tt,,0.00598802395209581
nv-thread,b_162106,nil,,0.996007984031936
nv-thread,b_162106,tt,,0.00399201596806387
nv-thread,b_162109,nil,,0.960079840319361
nv-thread,b_162109,tt,,0.0339321357285429
nv-thread,b_162109,ta,dd;nl,0.00399201596806387
nv-thread,b_162109,at,dd;pl,0.00199600798403194
nv-thread,b_160798,nil,,0.998003992015968
nv-thread,b_160798,tt,,0.00199600798403194
nv-thread,b_151791,nil,,0.996007984031936
nv-thread,b_151791,tt,,0.00399201596806387
nv-thread,b_150287,nil,,0.998003992015968
nv-thread,b_150287,ta,dd;pl,0.00199600798403194
nv-thread,b_151790,nil,,0.996007984031936
nv-thread,b_151790,tt,,0.00399201596806387
nv-thread,b_150209,nil,,0.960079840319361
nv-thread,b_150209,tt,,0.0379241516966068
nv-thread,b_150209,at,dd;pl,0.00199600798403194
nv-thread,b_150205,nil,,0.992015968063872
nv-thread,b_150205,tt,,0.00598802395209581
nv-thread,b_150205,at,dd;pl,0.00199600798403194
nv-thread,b_143567,nil,,0.998003992015968
nv-thread,b_143567,tt,,0.00199600798403194
nv-thread,b_150204,nil,,0.982035928143713
nv-thread,b_150204,tt,,0.0119760479041916
nv-thread,b_150204,at,dd;pl,0.00598802395209581
nv-thread,b_143513,nil,,0.998003992015968
nv-thread,b_143513,tt,,0.00199600798403194
nv-thread,b_143470,nil,,0.980039920159681
nv-thread,b_143470,tt,,0.0199600798403194
nv-thread,b_140195,nil,,0.998003992015968
nv-thread,b_140195,tt,,0.00199600798403194
nv-thread,b_140224,nil,,0.998003992015968
nv-thread,b_140224,tt,,0.00199600798403194
nv-thread,b_136450,nil,,0.996007984031936
nv-thread,b_136450,tt,,0.00399201596806387
nv-thread,b_114576,nil,,0.998003992015968
nv-thread,b_114576,tt,,0.00199600798403194
nv-start,start,nil,,0.996007984031936
nv-start,start,ta,dd;pl,0.00199600798403194
nv-start,start,at,dd;nl,0.00199600798403194
nv-start,nv-mis_link,nil,,0.998003992015968
nv-start,nv-mis_link,ta,dd;nl,0.00199600798403194
nv-start,mail_dev,nil,,0.998003992015968
nv-start,mail_dev,ta,dd;pl,0.00199600798403194
nv-start,b_201967,nil,,0.998003992015968
nv-start,b_201967,tt,,0.00199600798403194
nv-start,b_63738,nil,,0.916167664670659
nv-start,b_63738,ta,dd;pl,0.0538922155688623
nv-start,b_63738,tt,,0.0259481037924152
nv-start,b_63738,at,dd;nl,0.00399201596806387
nv-start,b_180735,nil,,0.994011976047904
nv-start,b_180735,tt,,0.00598802395209581
nv-start,b_173731,nil,,0.998003992015968
nv-start,b_173731,tt,,0.00199600798403194
nv-start,b_162181,nil,,0.994011976047904
nv-start,b_162181,tt,,0.00399201596806387
nv-start,b_162181,at,dd;pl,0.00199600798403194
nv-start,b_167053,nil,,0.998003992015968
nv-start,b_167053,ta,dd;nl,0.00199600798403194
nv-start,b_162179,nil,,0.998003992015968
nv-start,b_162179,tt,,0.00199600798403194
nv-start,b_162176,nil,,0.998003992015968
nv-start,b_162176,tt,,0.00199600798403194
nv-start,b_151794,nil,,0.998003992015968
nv-start,b_151794,tt,,0.00199600798403194
nv-start,b_162106,nil,,0.998003992015968
nv-start,b_162106,tt,,0.00199600798403194
nv-start,b_151793,nil,,0.980039920159681
nv-start,b_151793,tt,,0.0159680638722555
nv-start,b_151793,ta,dd;nl,0.00199600798403194
nv-start,b_151793,at,dd;pl,0.00199600798403194
nv-start,b_151788,nil,,0.998003992015968
nv-start,b_151788,tt,,0.00199600798403194
nv-start,b_150287,nil,,0.998003992015968
nv-start,b_150287,ta,dd;pl,0.00199600798403194
nv-start,b_151787,nil,,0.998003992015968
nv-start,b_151787,tt,,0.00199600798403194
nv-start,b_150286,nil,,0.982035928143713
nv-start,b_150286,tt,,0.0179640718562874
nv-start,b_150205,nil,,0.998003992015968
nv-start,b_150205,tt,,0.00199600798403194
nv-start,b_143567,nil,,0.978043912175649
nv-start,b_143567,tt,,0.0159680638722555
nv-start,b_143567,ta,dd;nl,0.00598802395209581
nv-start,b_148275,nil,,0.998003992015968
nv-start,b_148275,tt,,0.00199600798403194
nv-start,b_143511,nil,,0.998003992015968
nv-start,b_143511,tt,,0.00199600798403194
nv-start,b_143508,nil,,0.996007984031936
nv-start,b_143508,tt,,0.00399201596806387
nv-start,b_140224,nil,,0.998003992015968
nv-start,b_140224,tt,,0.00199600798403194
nv-start,b_142970,nil,,0.992015968063872
nv-start,b_142970,tt,,0.00798403193612774
nv-start,b_140195,nil,,0.994011976047904
nv-start,b_140195,tt,,0.00598802395209581
nv-start,b_114619,nil,,0.998003992015968
nv-start,b_114619,ta,dd;nl,0.00199600798403194
nv-silence2,nv-mis_link2,nil,,0.994011976047904
nv-silence2,nv-mis_link2,ta,dd;nl,0.00399201596806387
nv-silence2,nv-mis_link2,tt,,0.00199600798403194
nv-start,b_100433,nil,,0.984031936127744
nv-start,b_100433,tt,,0.0119760479041916
nv-start,b_100433,ta,dd;nl,0.00399201596806387
nv-silence2,nv-mis_link,nil,,0.998003992015968
nv-silence2,nv-mis_link,tt,,0.00199600798403194
nv-silence2,nv-mail_dev,nil,,0.984031936127744
nv-silence2,nv-mail_dev,tt,,0.0159680638722555
nv-silence2,mis_link2,nil,,0.998003992015968
nv-silence2,mis_link2,ta,dd;pl,0.00199600798403194
nv-silence2,nv-commit,nil,,0.994011976047904
nv-silence2,nv-commit,ta,dd;pl,0.00199600798403194
nv-silence2,nv-commit,tt,,0.00199600798403194
nv-silence2,nv-commit,at,dd;pl,0.00199600798403194
nv-silence2,b_80891,nil,,0.998003992015968
nv-silence2,b_80891,ta,dd;pl,0.00199600798403194
nv-silence2,b_64339,nil,,0.998003992015968
nv-silence2,b_64339,ta,dd;pl,0.00199600798403194
nv-silence2,b_173733,nil,,0.996007984031936
nv-silence2,b_173733,tt,,0.00399201596806387
nv-silence2,b_180737,nil,,0.994011976047904
nv-silence2,b_180737,tt,,0.00598802395209581
nv-silence2,b_166303,nil,,0.950099800399202
nv-silence2,b_166303,tt,,0.0379241516966068
nv-silence2,b_166303,at,dd;nl,0.00798403193612774
nv-silence2,b_166303,ta,dd;pl,0.00399201596806387
nv-silence2,b_160705,nil,,0.998003992015968
nv-silence2,b_160705,tt,,0.00199600798403194
nv-silence2,b_150291,nil,,0.992015968063872
nv-silence2,b_150291,tt,,0.00399201596806387
nv-silence2,b_150291,ta,dd;pl,0.00199600798403194
nv-silence2,b_150291,at,dd;pl,0.00199600798403194
nv-silence2,b_151794,nil,,0.998003992015968
nv-silence2,b_151794,tt,,0.00199600798403194
nv-silence2,b_150290,nil,,0.994011976047904
nv-silence2,b_150290,tt,,0.00399201596806387
nv-silence2,b_150290,at,dd;pl,0.00199600798403194
nv-silence2,b_143510,nil,,0.994011976047904
nv-silence2,b_143510,tt,,0.00199600798403194
nv-silence2,b_143510,ta,dd;nl,0.00199600798403194
nv-silence2,b_143510,at,dd;pl,0.00199600798403194
nv-silence2,b_143470,nil,,0.998003992015968
nv-silence2,b_143470,tt,,0.00199600798403194
nv-silence2,b_143506,nil,,0.956087824351297
nv-silence2,b_143506,tt,,0.0419161676646707
nv-silence2,b_143506,ta,dd;nl,0.00199600798403194
nv-silence2,b_114619,nil,,0.996007984031936
nv-silence2,b_114619,tt,,0.00399201596806387
nv-silence2,b_114109,nil,,0.998003992015968
nv-silence2,b_114109,ta,dd;pl,0.00199600798403194
nv-silence,nv-commit2,nil,,0.998003992015968
nv-silence,nv-commit2,ta,dd;pl,0.00199600798403194
nv-silence,nv-mis_link,nil,,0.998003992015968
nv-silence,nv-mis_link,tt,,0.00199600798403194
nv-silence,b_191547,nil,,0.980039920159681
nv-silence,b_191547,tt,,0.0179640718562874
nv-silence,b_191547,at,dd;pl,0.00199600798403194
nv-silence,b_180739,nil,,0.998003992015968
nv-silence,b_180739,ta,dd;pl,0.00199600798403194
nv-silence,b_166303,nil,,0.998003992015968
nv-silence,b_166303,tt,,0.00199600798403194
nv-silence,b_167053,nil,,0.996007984031936
nv-silence,b_167053,tt,,0.00199600798403194
nv-silence,b_167053,at,dd;nl,0.00199600798403194
nv-silence,b_162181,nil,,0.998003992015968
nv-silence,b_162181,tt,,0.00199600798403194
nv-silence,b_162179,nil,,0.998003992015968
nv-silence,b_162179,tt,,0.00199600798403194
nv-silence,b_150290,nil,,0.996007984031936
nv-silence,b_150290,tt,,0.00399201596806387
nv-silence,b_160702,nil,,0.996007984031936
nv-silence,b_160702,tt,,0.00399201596806387
nv-silence,b_150287,nil,,0.960079840319361
nv-silence,b_150287,tt,,0.0339321357285429
nv-silence,b_150287,ta,dd;nl,0.00399201596806387
nv-silence,b_150287,at,dd;pl,0.00199600798403194
nv-silence,b_150209,nil,,0.988023952095808
nv-silence,b_150209,tt,,0.00998003992015968
nv-silence,b_150209,at,dd;pl,0.00199600798403194
nv-silence,b_143572,nil,,0.994011976047904
nv-silence,b_143572,tt,,0.00598802395209581
nv-silence,b_148275,nil,,0.978043912175649
nv-silence,b_148275,tt,,0.00998003992015968
nv-silence,b_148275,ta,dd;nl,0.00798403193612774
nv-silence,b_148275,at,dd;pl,0.00399201596806387
nv-silence,b_143570,nil,,0.994011976047904
nv-silence,b_143570,ta,dd;nl,0.00199600798403194
nv-silence,b_143570,tt,,0.00199600798403194
nv-silence,b_143570,at,dd;pl,0.00199600798403194
nv-silence,b_143513,nil,,0.998003992015968
nv-silence,b_143513,tt,,0.00199600798403194
nv-silence,b_140160,nil,,0.986027944111776
nv-silence,b_140160,tt,,0.00798403193612774
nv-silence,b_140160,ta,dd;nl,0.00399201596806387
nv-silence,b_140160,at,dd;pl,0.00199600798403194
nv-silence,b_143510,nil,,0.978043912175649
nv-silence,b_143510,tt,,0.0119760479041916
nv-silence,b_143510,ta,dd;nl,0.00598802395209581
nv-silence,b_143510,at,dd;pl,0.00399201596806387
nv-silence,b_114577,nil,,0.994011976047904
nv-silence,b_114577,tt,,0.00598802395209581
nv-silence,b_104180,nil,,0.984031936127744
nv-silence,b_104180,tt,,0.00598802395209581
nv-silence,b_104180,at,dd;nl,0.00598802395209581
nv-silence,b_104180,ta,dd;pl,0.00399201596806387
nv-silence,b_100742,nil,,0.998003992015968
nv-silence,b_100742,ta,dd;pl,0.00199600798403194
nv-silence,b_103864,nil,,0.998003992015968
nv-silence,b_103864,ta,dd;nl,0.00199600798403194
nv-silence,b_100740,nil,,0.806387225548902
nv-silence,b_100740,tt,,0.135728542914172
nv-silence,b_100740,at,dd;nl,0.0399201596806387
nv-silence,b_100740,ta,dd;nl,0.0179640718562874
nv-mis_link2,nv-file,nil,,0.992015968063872
nv-mis_link2,nv-file,tt,,0.00798403193612774
nv-mis_link2,nv-churn,nil,,0.996007984031936
nv-mis_link2,nv-churn,tt,,0.00399201596806387
nv-mis_link2,nv-code_dev,nil,,0.998003992015968
nv-mis_link2,nv-code_dev,tt,,0.00199600798403194
nv-mis_link2,b_191549,nil,,0.996007984031936
nv-mis_link2,b_191549,tt,,0.00199600798403194
nv-mis_link2,b_191549,ta,dd;pl,0.00199600798403194
nv-mis_link2,b_180734,nil,,0.996007984031936
nv-mis_link2,b_180734,tt,,0.00399201596806387
nv-mis_link2,b_173733,nil,,0.99001996007984
nv-mis_link2,b_173733,tt,,0.00998003992015968
nv-mis_link2,b_180732,nil,,0.988023952095808
nv-mis_link2,b_180732,tt,,0.00998003992015968
nv-mis_link2,b_180732,at,dd;pl,0.00199600798403194
nv-mis_link2,b_167053,nil,,0.992015968063872
nv-mis_link2,b_167053,ta,dd;nl,0.00399201596806387
nv-mis_link2,b_167053,tt,,0.00399201596806387
nv-mis_link2,b_166302,nil,,0.976047904191617
nv-mis_link2,b_166302,tt,,0.0179640718562874
nv-mis_link2,b_166302,at,dd;pl,0.00399201596806387
nv-mis_link2,b_166302,ta,dd;pl,0.00199600798403194
nv-mis_link2,b_151790,nil,,0.982035928143713
nv-mis_link2,b_151790,tt,,0.0139720558882236
nv-mis_link2,b_151790,ta,dd;pl,0.00199600798403194
nv-mis_link2,b_151790,at,dd;pl,0.00199600798403194
nv-mis_link2,b_160799,nil,,0.998003992015968
nv-mis_link2,b_160799,tt,,0.00199600798403194
nv-mis_link2,b_151788,nil,,0.984031936127744
nv-mis_link2,b_151788,tt,,0.0139720558882236
nv-mis_link2,b_151788,at,dd;pl,0.00199600798403194
nv-mis_link2,b_150285,nil,,0.998003992015968
nv-mis_link2,b_150285,tt,,0.00199600798403194
nv-mis_link2,b_150287,nil,,0.970059880239521
nv-mis_link2,b_150287,tt,,0.0279441117764471
nv-mis_link2,b_150287,ta,dd;pl,0.00199600798403194
nv-mis_link2,b_143569,nil,,0.998003992015968
nv-mis_link2,b_143569,tt,,0.00199600798403194
nv-mis_link2,b_143509,nil,,0.996007984031936
nv-mis_link2,b_143509,tt,,0.00399201596806387
nv-mis_link2,b_140224,nil,,0.996007984031936
nv-mis_link2,b_140224,tt,,0.00399201596806387
nv-mis_link2,b_143507,nil,,0.998003992015968
nv-mis_link2,b_143507,tt,,0.00199600798403194
nv-mis_link2,b_140160,nil,,0.994011976047904
nv-mis_link2,b_140160,tt,,0.00598802395209581
nv-mis_link2,b_122110,nil,,0.994011976047904
nv-mis_link2,b_122110,tt,,0.00399201596806387
nv-mis_link2,b_122110,at,dd;pl,0.00199600798403194
nv-mis_link2,b_113207,nil,,0.992015968063872
nv-mis_link2,b_113207,tt,,0.00798403193612774
nv-mis_link2,b_114109,nil,,0.996007984031936
nv-mis_link2,b_114109,tt,,0.00399201596806387
nv-mis_link2,b_103864,nil,,0.988023952095808
nv-mis_link2,b_103864,tt,,0.0119760479041916
nv-mis_link2,b_100433,nil,,0.998003992015968
nv-mis_link2,b_100433,tt,,0.00199600798403194
nv-mis_link,b_80891,nil,,0.996007984031936
nv-mis_link,b_80891,tt,,0.00199600798403194
nv-mis_link,b_80891,ta,dd;pl,0.00199600798403194
nv-mis_link,b_81672,nil,,0.998003992015968
nv-mis_link,b_81672,tt,,0.00199600798403194
nv-mis_link,start,nil,,0.998003992015968
nv-mis_link,start,ta,dd;pl,0.00199600798403194
nv-mis_link,b_191547,nil,,0.998003992015968
nv-mis_link,b_191547,tt,,0.00199600798403194
nv-mis_link,b_180735,nil,,0.994011976047904
nv-mis_link,b_180735,ta,dd;pl,0.00199600798403194
nv-mis_link,b_180735,tt,,0.00199600798403194
nv-mis_link,b_180735,at,dd;nl,0.00199600798403194
nv-mis_link,b_166304,nil,,0.998003992015968
nv-mis_link,b_166304,tt,,0.00199600798403194
nv-mis_link,b_173733,nil,,0.996007984031936
nv-mis_link,b_173733,tt,,0.00399201596806387
nv-mis_link,b_166302,nil,,0.998003992015968
nv-mis_link,b_166302,tt,,0.00199600798403194
nv-mis_link,b_162179,nil,,0.950099800399202
nv-mis_link,b_162179,tt,,0.0439121756487026
nv-mis_link,b_162179,ta,dd;nl,0.00399201596806387
nv-mis_link,b_162179,at,dd;pl,0.00199600798403194
nv-mis_link,b_162106,nil,,0.998003992015968
nv-mis_link,b_162106,tt,,0.00199600798403194
nv-mis_link,b_162108,nil,,0.998003992015968
nv-mis_link,b_162108,tt,,0.00199600798403194
nv-mis_link,b_151794,nil,,0.996007984031936
nv-mis_link,b_151794,tt,,0.00399201596806387
nv-mis_link,b_151789,nil,,0.998003992015968
nv-mis_link,b_151789,tt,,0.00199600798403194
nv-mis_link,b_150285,nil,,0.984031936127744
nv-mis_link,b_150285,tt,,0.00998003992015968
nv-mis_link,b_150285,at,dd;pl,0.00399201596806387
nv-mis_link,b_150285,ta,dd;pl,0.00199600798403194
nv-mis_link,b_150287,nil,,0.996007984031936
nv-mis_link,b_150287,tt,,0.00399201596806387
nv-mis_link,b_150208,nil,,0.99001996007984
nv-mis_link,b_150208,tt,,0.00998003992015968
nv-mis_link,b_150206,nil,,0.992015968063872
nv-mis_link,b_150206,tt,,0.00598802395209581
nv-mis_link,b_150206,at,dd;pl,0.00199600798403194
nv-mis_link,b_143507,nil,,0.992015968063872
nv-mis_link,b_143507,tt,,0.00798403193612774
nv-mis_link,b_143511,nil,,0.998003992015968
nv-mis_link,b_143511,tt,,0.00199600798403194
nv-mis_link,b_143506,nil,,0.998003992015968
nv-mis_link,b_143506,tt,,0.00199600798403194
nv-mis_link,b_140195,nil,,0.996007984031936
nv-mis_link,b_140195,tt,,0.00399201596806387
nv-mis_link,b_114619,nil,,0.994011976047904
nv-mis_link,b_114619,tt,,0.00399201596806387
nv-mis_link,b_114619,at,dd;pl,0.00199600798403194
nv-mis_link,b_122333,nil,,0.996007984031936
nv-mis_link,b_122333,tt,,0.00399201596806387
nv-mis_link,b_114109,nil,,0.998003992015968
nv-mis_link,b_114109,ta,dd;pl,0.00199600798403194
nv-mis_link,b_102939,nil,,0.994011976047904
nv-mis_link,b_102939,tt,,0.00399201596806387
nv-mis_link,b_102939,at,dd;pl,0.00199600798403194
nv-mail_dev2,nv-silence,nil,,0.888223552894212
nv-mail_dev2,nv-silence,tt,,0.0558882235528942
nv-mail_dev2,nv-silence,ta,dd;pl,0.0419161676646707
nv-mail_dev2,nv-silence,at,dd;nl,0.0139720558882236
nv-mail_dev2,nv-start,nil,,0.986027944111776
nv-mail_dev2,nv-start,tt,,0.0119760479041916
nv-mail_dev2,nv-start,at,dd;nl,0.00199600798403194
nv-mail_dev2,nv-mis_link2,nil,,0.998003992015968
nv-mail_dev2,nv-mis_link2,tt,,0.00199600798403194
nv-mail_dev2,nv-commit2,nil,,0.998003992015968
nv-mail_dev2,nv-commit2,ta,dd;pl,0.00199600798403194
nv-mail_dev2,b_62940,nil,,0.998003992015968
nv-mail_dev2,b_62940,tt,,0.00199600798403194
nv-mail_dev2,b_93245,nil,,0.998003992015968
nv-mail_dev2,b_93245,tt,,0.00199600798403194
nv-mail_dev2,b_180739,nil,,0.998003992015968
nv-mail_dev2,b_180739,tt,,0.00199600798403194
nv-mail_dev2,b_167053,nil,,0.998003992015968
nv-mail_dev2,b_167053,tt,,0.00199600798403194
nv-mail_dev2,b_162176,nil,,0.99001996007984
nv-mail_dev2,b_162176,tt,,0.00798403193612774
nv-mail_dev2,b_162176,at,dd;pl,0.00199600798403194
nv-mail_dev2,b_166303,nil,,0.998003992015968
nv-mail_dev2,b_166303,tt,,0.00199600798403194
nv-mail_dev2,b_162108,nil,,0.998003992015968
nv-mail_dev2,b_162108,tt,,0.00199600798403194
nv-mail_dev2,b_160701,nil,,0.998003992015968
nv-mail_dev2,b_160701,tt,,0.00199600798403194
nv-mail_dev2,b_150289,nil,,0.982035928143713
nv-mail_dev2,b_150289,tt,,0.0139720558882236
nv-mail_dev2,b_150289,at,dd;pl,0.00399201596806387
nv-mail_dev2,b_151793,nil,,0.998003992015968
nv-mail_dev2,b_151793,tt,,0.00199600798403194
nv-mail_dev2,b_150285,nil,,0.988023952095808
nv-mail_dev2,b_150285,tt,,0.00998003992015968
nv-mail_dev2,b_150285,at,dd;pl,0.00199600798403194
nv-mail_dev2,b_148275,nil,,0.992015968063872
nv-mail_dev2,b_148275,tt,,0.00598802395209581
nv-mail_dev2,b_148275,ta,dd;nl,0.00199600798403194
nv-mail_dev2,b_143568,nil,,0.962075848303393
nv-mail_dev2,b_143568,tt,,0.0359281437125749
nv-mail_dev2,b_143568,at,dd;pl,0.00199600798403194
nv-mail_dev2,b_143569,nil,,0.998003992015968
nv-mail_dev2,b_143569,tt,,0.00199600798403194
nv-mail_dev2,b_143511,nil,,0.998003992015968
nv-mail_dev2,b_143511,tt,,0.00199600798403194
nv-mail_dev2,b_143510,nil,,0.982035928143713
nv-mail_dev2,b_143510,tt,,0.0159680638722555
nv-mail_dev2,b_143510,at,dd;pl,0.00199600798403194
nv-mail_dev2,b_140195,nil,,0.996007984031936
nv-mail_dev2,b_140195,tt,,0.00399201596806387
nv-mail_dev2,b_140221,nil,,0.996007984031936
nv-mail_dev2,b_140221,ta,dd;pl,0.00399201596806387
nv-mail_dev2,b_140160,nil,,0.998003992015968
nv-mail_dev2,b_140160,tt,,0.00199600798403194
nv-mail_dev2,b_140076,nil,,0.996007984031936
nv-mail_dev2,b_140076,tt,,0.00399201596806387
nv-mail_dev2,b_114619,nil,,0.968063872255489
nv-mail_dev2,b_114619,tt,,0.0219560878243513
nv-mail_dev2,b_114619,at,dd;nl,0.00998003992015968
nv-mail_dev2,b_130166,nil,,0.970059880239521
nv-mail_dev2,b_130166,tt,,0.0259481037924152
nv-mail_dev2,b_130166,at,dd;pl,0.00399201596806387
nv-mail_dev2,b_114577,nil,,0.998003992015968
nv-mail_dev2,b_114577,tt,,0.00199600798403194
nv-mail_dev2,b_104180,nil,,0.998003992015968
nv-mail_dev2,b_104180,tt,,0.00199600798403194
nv-mail_dev,nv-start,nil,,0.996007984031936
nv-mail_dev,nv-start,tt,,0.00399201596806387
nv-mail_dev2,b_103864,nil,,0.998003992015968
nv-mail_dev2,b_103864,tt,,0.00199600798403194
nv-mail_dev,b_80891,nil,,0.996007984031936
nv-mail_dev,b_80891,ta,dd;pl,0.00199600798403194
nv-mail_dev,b_80891,at,dd;pl,0.00199600798403194
nv-mail_dev,nv-silence,nil,,0.998003992015968
nv-mail_dev,nv-silence,ta,dd;nl,0.00199600798403194
nv-b_104180,nv-mail_dev,nil,,0.974051896207585
nv-b_104180,nv-mail_dev,at,dd;nl,0.0139720558882236
nv-b_104180,nv-mail_dev,ta,dd;pl,0.0119760479041916
nv-b_104180,churn2,nil,,0.998003992015968
nv-b_104180,churn2,ta,dd;nl,0.00199600798403194
nv-b_104180,mis_link,nil,,0.998003992015968
nv-b_104180,mis_link,ta,dd;nl,0.00199600798403194
nv-b_104180,nv-mis_link2,nil,,0.996007984031936
nv-b_104180,nv-mis_link2,ta,dd;nl,0.00399201596806387
nv-b_104180,nv-thread,nil,,0.998003992015968
nv-b_104180,nv-thread,ta,dd;nl,0.00199600798403194
nv-churn,b_100740,nil,,0.982035928143713
nv-churn,b_100740,tt,,0.0119760479041916
nv-churn,b_100740,ta,dd;pl,0.00399201596806387
nv-churn,b_100740,at,dd;nl,0.00199600798403194
nv-churn,b_102939,nil,,0.996007984031936
nv-churn,b_102939,tt,,0.00399201596806387
nv-b_104180,nv-thread2,nil,,0.998003992015968
nv-b_104180,nv-thread2,ta,dd;nl,0.00199600798403194
nv-churn,b_140076,nil,,0.998003992015968
nv-churn,b_140076,tt,,0.00199600798403194
nv-churn,b_140221,nil,,0.984031936127744
nv-churn,b_140221,tt,,0.00798403193612774
nv-churn,b_140221,ta,dd;pl,0.00798403193612774
nv-churn,b_122333,nil,,0.984031936127744
nv-churn,b_122333,tt,,0.0119760479041916
nv-churn,b_122333,ta,dd;nl,0.00399201596806387
nv-churn,b_122110,nil,,0.982035928143713
nv-churn,b_122110,tt,,0.0139720558882236
nv-churn,b_122110,at,dd;pl,0.00399201596806387
nv-churn,b_143570,nil,,0.992015968063872
nv-churn,b_143570,tt,,0.00399201596806387
nv-churn,b_143570,ta,dd;pl,0.00199600798403194
nv-churn,b_143570,at,dd;nl,0.00199600798403194
nv-churn,b_150285,nil,,0.998003992015968
nv-churn,b_150285,tt,,0.00199600798403194
nv-churn,b_143506,nil,,0.992015968063872
nv-churn,b_143506,tt,,0.00798403193612774
nv-churn,b_142970,nil,,0.99001996007984
nv-churn,b_142970,tt,,0.00598802395209581
nv-churn,b_142970,at,dd;pl,0.00399201596806387
nv-churn,b_160799,nil,,0.994011976047904
nv-churn,b_160799,tt,,0.00598802395209581
nv-churn,b_162178,nil,,0.998003992015968
nv-churn,b_162178,tt,,0.00199600798403194
nv-churn,b_151791,nil,,0.996007984031936
nv-churn,b_151791,tt,,0.00399201596806387
nv-churn,b_150288,nil,,0.998003992015968
nv-churn,b_150288,tt,,0.00199600798403194
nv-churn,b_191549,nil,,0.994011976047904
nv-churn,b_191549,tt,,0.00399201596806387
nv-churn,b_191549,at,dd;pl,0.00199600798403194
nv-churn,b_62937,nil,,0.998003992015968
nv-churn,b_62937,tt,,0.00199600798403194
nv-churn,b_162182,nil,,0.996007984031936
nv-churn,b_162182,tt,,0.00399201596806387
nv-churn,b_162181,nil,,0.998003992015968
nv-churn,b_162181,tt,,0.00199600798403194
nv-churn,nv-commit,nil,,0.998003992015968
nv-churn,nv-commit,tt,,0.00199600798403194
nv-churn,nv-mail_dev,nil,,0.962075848303393
nv-churn,nv-mail_dev,tt,,0.0179640718562874
nv-churn,nv-mail_dev,ta,dd;pl,0.0139720558882236
nv-churn,nv-mail_dev,at,dd;pl,0.00598802395209581
nv-churn,nv-code_dev,nil,,0.998003992015968
nv-churn,nv-code_dev,tt,,0.00199600798403194
nv-churn,b_63738,nil,,0.99001996007984
nv-churn,b_63738,tt,,0.00598802395209581
nv-churn,b_63738,at,dd;nl,0.00399201596806387
nv-churn,nv-start,nil,,0.998003992015968
nv-churn,nv-start,ta,dd;pl,0.00199600798403194
nv-churn2,b_100740,nil,,0.976047904191617
nv-churn2,b_100740,tt,,0.0119760479041916
nv-churn2,b_100740,at,dd;pl,0.0119760479041916
nv-churn,nv-silence,nil,,0.998003992015968
nv-churn,nv-silence,ta,dd;pl,0.00199600798403194
nv-churn,nv-mail_dev2,nil,,0.994011976047904
nv-churn,nv-mail_dev2,ta,dd;pl,0.00598802395209581
nv-churn2,b_143470,nil,,0.992015968063872
nv-churn2,b_143470,tt,,0.00798403193612774
nv-churn2,b_143509,nil,,0.968063872255489
nv-churn2,b_143509,tt,,0.0259481037924152
nv-churn2,b_143509,at,dd;pl,0.00399201596806387
nv-churn2,b_143509,ta,dd;nl,0.00199600798403194
nv-churn2,b_136450,nil,,0.980039920159681
nv-churn2,b_136450,tt,,0.0179640718562874
nv-churn2,b_136450,ta,dd;nl,0.00199600798403194
nv-churn2,b_114576,nil,,0.998003992015968
nv-churn2,b_114576,tt,,0.00199600798403194
nv-churn2,b_150204,nil,,0.996007984031936
nv-churn2,b_150204,tt,,0.00399201596806387
nv-churn2,b_150287,nil,,0.998003992015968
nv-churn2,b_150287,tt,,0.00199600798403194
nv-churn2,b_143572,nil,,0.998003992015968
nv-churn2,b_143572,tt,,0.00199600798403194
nv-churn2,b_143513,nil,,0.994011976047904
nv-churn2,b_143513,tt,,0.00399201596806387
nv-churn2,b_143513,at,dd;pl,0.00199600798403194
nv-churn2,b_162109,nil,,0.992015968063872
nv-churn2,b_162109,tt,,0.00598802395209581
nv-churn2,b_162109,ta,dd;pl,0.00199600798403194
nv-churn2,b_166302,nil,,0.998003992015968
nv-churn2,b_166302,tt,,0.00199600798403194
nv-churn2,b_162108,nil,,0.996007984031936
nv-churn2,b_162108,tt,,0.00399201596806387
nv-churn2,b_160701,nil,,0.994011976047904
nv-churn2,b_160701,tt,,0.00598802395209581
nv-churn2,b_180735,nil,,0.994011976047904
nv-churn2,b_180735,ta,dd;nl,0.00199600798403194
nv-churn2,b_180735,tt,,0.00199600798403194
nv-churn2,b_180735,at,dd;nl,0.00199600798403194
nv-churn2,nv-churn,nil,,0.996007984031936
nv-churn2,nv-churn,tt,,0.00399201596806387
nv-churn2,b_167053,nil,,0.996007984031936
nv-churn2,b_167053,tt,,0.00399201596806387
nv-churn2,b_166303,nil,,0.992015968063872
nv-churn2,b_166303,tt,,0.00598802395209581
nv-churn2,b_166303,at,dd;nl,0.00199600798403194
nv-churn2,nv-commit,nil,,0.998003992015968
nv-churn2,nv-commit,tt,,0.00199600798403194
nv-churn2,nv-commit2,nil,,0.93812375249501
nv-churn2,nv-commit2,tt,,0.0279441117764471
nv-churn2,nv-commit2,ta,dd;pl,0.0259481037924152
nv-churn2,nv-commit2,at,dd;nl,0.00798403193612774
nv-churn2,nv-code_dev2,nil,,0.998003992015968
nv-churn2,nv-code_dev2,ta,dd;nl,0.00199600798403194
nv-churn2,nv-mis_link,nil,,0.998003992015968
nv-churn2,nv-mis_link,ta,dd;pl,0.00199600798403194
nv-churn2,nv-start,nil,,0.998003992015968
nv-churn2,nv-start,ta,dd;pl,0.00199600798403194
nv-churn2,nv-file2,nil,,0.994011976047904
nv-churn2,nv-file2,tt,,0.00598802395209581
nv-churn2,nv-file,nil,,0.994011976047904
nv-churn2,nv-file,tt,,0.00399201596806387
nv-churn2,nv-file,ta,dd;nl,0.00199600798403194
nv-code_dev,b_102939,nil,,0.99001996007984
nv-code_dev,b_102939,tt,,0.00598802395209581
nv-code_dev,b_102939,ta,dd;pl,0.00399201596806387
nv-code_dev,b_114619,nil,,0.998003992015968
nv-code_dev,b_114619,tt,,0.00199600798403194
nv-churn2,start,nil,,0.942115768463074
nv-churn2,start,ta,dd;pl,0.031936127744511
nv-churn2,start,at,dd;nl,0.0259481037924152
nv-churn2,nv-thread,nil,,0.998003992015968
nv-churn2,nv-thread,tt,,0.00199600798403194
nv-code_dev,b_142970,nil,,0.992015968063872
nv-code_dev,b_142970,tt,,0.00798403193612774
nv-code_dev,b_143505,nil,,0.996007984031936
nv-code_dev,b_143505,tt,,0.00399201596806387
nv-code_dev,b_140224,nil,,0.976047904191617
nv-code_dev,b_140224,tt,,0.0219560878243513
nv-code_dev,b_140224,at,dd;pl,0.00199600798403194
nv-code_dev,b_140076,nil,,0.998003992015968
nv-code_dev,b_140076,tt,,0.00199600798403194
nv-code_dev,b_143569,nil,,0.996007984031936
nv-code_dev,b_143569,tt,,0.00199600798403194
nv-code_dev,b_143569,at,dd;pl,0.00199600798403194
nv-code_dev,b_150205,nil,,0.970059880239521
nv-code_dev,b_150205,tt,,0.0259481037924152
nv-code_dev,b_150205,at,dd;pl,0.00399201596806387
nv-code_dev,b_143567,nil,,0.998003992015968
nv-code_dev,b_143567,tt,,0.00199600798403194
nv-code_dev,b_143507,nil,,0.904191616766467
nv-code_dev,b_143507,tt,,0.0778443113772455
nv-code_dev,b_143507,at,dd;pl,0.0179640718562874
nv-code_dev,b_151788,nil,,0.99001996007984
nv-code_dev,b_151788,tt,,0.00998003992015968
nv-code_dev,b_151791,nil,,0.998003992015968
nv-code_dev,b_151791,tt,,0.00199600798403194
nv-code_dev,b_150286,nil,,0.968063872255489
nv-code_dev,b_150286,tt,,0.029940119760479
nv-code_dev,b_150286,ta,dd;nl,0.00199600798403194
nv-code_dev,b_150285,nil,,0.998003992015968
nv-code_dev,b_150285,ta,dd;nl,0.00199600798403194
nv-code_dev,b_162178,nil,,0.972055888223553
nv-code_dev,b_162178,tt,,0.0259481037924152
nv-code_dev,b_162178,at,dd;pl,0.00199600798403194
nv-code_dev,b_166302,nil,,0.998003992015968
nv-code_dev,b_166302,tt,,0.00199600798403194
nv-code_dev,b_160797,nil,,0.986027944111776
nv-code_dev,b_160797,tt,,0.00798403193612774
nv-code_dev,b_160797,at,dd;pl,0.00399201596806387
nv-code_dev,b_160797,ta,dd;nl,0.00199600798403194
nv-code_dev,b_151794,nil,,0.992015968063872
nv-code_dev,b_151794,tt,,0.00399201596806387
nv-code_dev,b_151794,at,dd;pl,0.00399201596806387
nv-code_dev,b_173731,nil,,0.99001996007984
nv-code_dev,b_173731,tt,,0.00798403193612774
nv-code_dev,b_173731,ta,dd;pl,0.00199600798403194
nv-code_dev,b_63738,nil,,0.99001996007984
nv-code_dev,b_63738,tt,,0.00798403193612774
nv-code_dev,b_63738,at,dd;nl,0.00199600798403194
nv-code_dev,b_167053,nil,,0.862275449101797
nv-code_dev,b_167053,tt,,0.0998003992015968
nv-code_dev,b_167053,ta,dd;pl,0.0219560878243513
nv-code_dev,b_167053,at,dd;pl,0.0159680638722555
nv-code_dev,b_166304,nil,,0.996007984031936
nv-code_dev,b_166304,tt,,0.00399201596806387
nv-code_dev,nv-mis_link,nil,,0.998003992015968
nv-code_dev,nv-mis_link,tt,,0.00199600798403194
nv-code_dev,nv-silence,nil,,0.994011976047904
nv-code_dev,nv-silence,tt,,0.00598802395209581
nv-code_dev,nv-commit,nil,,0.998003992015968
nv-code_dev,nv-commit,ta,dd;pl,0.00199600798403194
nv-code_dev,file,nil,,0.998003992015968
nv-code_dev,file,ta,dd;pl,0.00199600798403194
nv-code_dev2,b_114619,nil,,0.99001996007984
nv-code_dev2,b_114619,tt,,0.00798403193612774
nv-code_dev2,b_114619,at,dd;pl,0.00199600798403194
nv-code_dev2,b_120884,nil,,0.992015968063872
nv-code_dev2,b_120884,tt,,0.00598802395209581
nv-code_dev2,b_120884,at,dd;pl,0.00199600798403194
nv-code_dev2,b_114109,nil,,0.998003992015968
nv-code_dev2,b_114109,tt,,0.00199600798403194
nv-code_dev2,b_102939,nil,,0.998003992015968
nv-code_dev2,b_102939,tt,,0.00199600798403194
nv-code_dev2,b_140076,nil,,0.996007984031936
nv-code_dev2,b_140076,tt,,0.00399201596806387
nv-code_dev2,b_143506,nil,,0.996007984031936
nv-code_dev2,b_143506,tt,,0.00399201596806387
nv-code_dev2,b_136450,nil,,0.998003992015968
nv-code_dev2,b_136450,tt,,0.00199600798403194
nv-code_dev2,b_130166,nil,,0.992015968063872
nv-code_dev2,b_130166,tt,,0.00798403193612774
nv-code_dev2,b_150209,nil,,0.998003992015968
nv-code_dev2,b_150209,tt,,0.00199600798403194
nv-code_dev2,b_150287,nil,,0.960079840319361
nv-code_dev2,b_150287,tt,,0.031936127744511
nv-code_dev2,b_150287,at,dd;pl,0.00798403193612774
nv-code_dev2,b_143568,nil,,0.998003992015968
nv-code_dev2,b_143568,tt,,0.00199600798403194
nv-code_dev2,b_143508,nil,,0.998003992015968
nv-code_dev2,b_143508,tt,,0.00199600798403194
nv-code_dev2,b_160702,nil,,0.996007984031936
nv-code_dev2,b_160702,tt,,0.00399201596806387
nv-code_dev2,b_160797,nil,,0.998003992015968
nv-code_dev2,b_160797,tt,,0.00199600798403194
nv-code_dev2,b_151794,nil,,0.998003992015968
nv-code_dev2,b_151794,tt,,0.00199600798403194
nv-code_dev2,b_151788,nil,,0.968063872255489
nv-code_dev2,b_151788,tt,,0.0279441117764471
nv-code_dev2,b_151788,at,dd;pl,0.00399201596806387
nv-code_dev2,b_166302,nil,,0.996007984031936
nv-code_dev2,b_166302,tt,,0.00399201596806387
nv-code_dev2,b_180732,nil,,0.988023952095808
nv-code_dev2,b_180732,tt,,0.00598802395209581
nv-code_dev2,b_180732,at,dd;pl,0.00399201596806387
nv-code_dev2,b_180732,ta,dd;nl,0.00199600798403194
nv-code_dev2,b_162182,nil,,0.988023952095808
nv-code_dev2,b_162182,tt,,0.00998003992015968
nv-code_dev2,b_162182,at,dd;pl,0.00199600798403194
nv-code_dev2,b_162178,nil,,0.992015968063872
nv-code_dev2,b_162178,tt,,0.00798403193612774
nv-code_dev2,b_62937,nil,,0.998003992015968
nv-code_dev2,b_62937,tt,,0.00199600798403194
nv-code_dev2,b_62940,nil,,0.998003992015968
nv-code_dev2,b_62940,tt,,0.00199600798403194
nv-code_dev2,b_201967,nil,,0.998003992015968
nv-code_dev2,b_201967,tt,,0.00199600798403194
nv-code_dev2,b_191549,nil,,0.996007984031936
nv-code_dev2,b_191549,tt,,0.00399201596806387
nv-code_dev2,nv-b_103864,nil,,0.998003992015968
nv-code_dev2,nv-b_103864,ta,dd;pl,0.00199600798403194
nv-code_dev2,nv-churn,nil,,0.998003992015968
nv-code_dev2,nv-churn,tt,,0.00199600798403194
nv-code_dev2,b_93245,nil,,0.986027944111776
nv-code_dev2,b_93245,tt,,0.00998003992015968
nv-code_dev2,b_93245,at,dd;pl,0.00399201596806387
nv-code_dev2,b_81672,nil,,0.998003992015968
nv-code_dev2,b_81672,ta,dd;pl,0.00199600798403194
nv-commit,b_100433,nil,,0.996007984031936
nv-commit,b_100433,tt,,0.00399201596806387
nv-commit,b_103864,nil,,0.998003992015968
nv-commit,b_103864,tt,,0.00199600798403194
nv-code_dev2,nv-thread2,nil,,0.998003992015968
nv-code_dev2,nv-thread2,tt,,0.00199600798403194
nv-code_dev2,silence,nil,,0.994011976047904
nv-code_dev2,silence,at,dd;nl,0.00399201596806387
nv-code_dev2,silence,ta,dd;nl,0.00199600798403194
nv-code_dev2,nv-commit,nil,,0.996007984031936
nv-code_dev2,nv-commit,tt,,0.00399201596806387
nv-commit,b_114109,nil,,0.998003992015968
nv-commit,b_114109,tt,,0.00199600798403194
nv-commit,b_120027,nil,,0.998003992015968
nv-commit,b_120027,tt,,0.00199600798403194
nv-commit,b_113207,nil,,0.998003992015968
nv-commit,b_113207,tt,,0.00199600798403194
nv-commit,b_104180,nil,,0.998003992015968
nv-commit,b_104180,tt,,0.00199600798403194
nv-commit,b_130166,nil,,0.988023952095808
nv-commit,b_130166,tt,,0.00798403193612774
nv-commit,b_130166,at,dd;nl,0.00399201596806387
nv-commit,b_143508,nil,,0.996007984031936
nv-commit,b_143508,tt,,0.00399201596806387
nv-commit,b_122110,nil,,0.986027944111776
nv-commit,b_122110,tt,,0.0119760479041916
nv-commit,b_122110,ta,dd;nl,0.00199600798403194
nv-commit,b_120884,nil,,0.998003992015968
nv-commit,b_120884,ta,dd;pl,0.00199600798403194
nv-commit,b_150285,nil,,0.998003992015968
nv-commit,b_150285,ta,dd;pl,0.00199600798403194
nv-commit,b_150286,nil,,0.994011976047904
nv-commit,b_150286,tt,,0.00598802395209581
nv-commit,b_150205,nil,,0.976047904191617
nv-commit,b_150205,tt,,0.0179640718562874
nv-commit,b_150205,at,dd;pl,0.00399201596806387
nv-commit,b_150205,ta,dd;nl,0.00199600798403194
nv-commit,b_143513,nil,,0.992015968063872
nv-commit,b_143513,tt,,0.00798403193612774
nv-commit,b_151788,nil,,0.998003992015968
nv-commit,b_151788,tt,,0.00199600798403194
nv-commit,b_151790,nil,,0.976047904191617
nv-commit,b_151790,tt,,0.0239520958083832
nv-commit,b_150289,nil,,0.978043912175649
nv-commit,b_150289,tt,,0.0219560878243513
nv-commit,b_150287,nil,,0.998003992015968
nv-commit,b_150287,tt,,0.00199600798403194
nv-commit,b_162106,nil,,0.992015968063872
nv-commit,b_162106,tt,,0.00598802395209581
nv-commit,b_162106,ta,dd;pl,0.00199600798403194
nv-commit,b_162179,nil,,0.998003992015968
nv-commit,b_162179,tt,,0.00199600798403194
nv-commit,b_162105,nil,,0.998003992015968
nv-commit,b_162105,tt,,0.00199600798403194
nv-commit,b_160798,nil,,0.998003992015968
nv-commit,b_160798,tt,,0.00199600798403194
nv-commit,b_180735,nil,,0.998003992015968
nv-commit,b_180735,tt,,0.00199600798403194
nv-commit,b_191547,nil,,0.984031936127744
nv-commit,b_191547,tt,,0.00798403193612774
nv-commit,b_191547,ta,dd;pl,0.00598802395209581
nv-commit,b_191547,at,dd;nl,0.00199600798403194
nv-commit,b_173733,nil,,0.964071856287425
nv-commit,b_173733,tt,,0.0219560878243513
nv-commit,b_173733,at,dd;pl,0.00798403193612774
nv-commit,b_173733,ta,dd;nl,0.00598802395209581
nv-commit,b_162181,nil,,0.998003992015968
nv-commit,b_162181,tt,,0.00199600798403194
nv-commit,nv-b_100740,nil,,0.998003992015968
nv-commit,nv-b_100740,ta,dd;pl,0.00199600798403194
nv-commit,nv-file,nil,,0.996007984031936
nv-commit,nv-file,tt,,0.00399201596806387
nv-commit,b_62940,nil,,0.992015968063872
nv-commit,b_62940,tt,,0.00598802395209581
nv-commit,b_62940,ta,dd;pl,0.00199600798403194
nv-commit,b_62937,nil,,0.998003992015968
nv-commit,b_62937,tt,,0.00199600798403194
nv-commit2,b_113207,nil,,0.998003992015968
nv-commit2,b_113207,tt,,0.00199600798403194
nv-commit2,b_114619,nil,,0.972055888223553
nv-commit2,b_114619,tt,,0.0219560878243513
nv-commit2,b_114619,ta,dd;nl,0.00399201596806387
nv-commit2,b_114619,at,dd;pl,0.00199600798403194
nv-commit,nv-thread,nil,,0.998003992015968
nv-commit,nv-thread,tt,,0.00199600798403194
nv-commit,nv-mis_link,nil,,0.896207584830339
nv-commit,nv-mis_link,tt,,0.0918163672654691
nv-commit,nv-mis_link,ta,dd;pl,0.00798403193612774
nv-commit,nv-mis_link,at,dd;nl,0.00399201596806387
nv-commit2,b_142970,nil,,0.998003992015968
nv-commit2,b_142970,ta,dd;nl,0.00199600798403194
nv-commit2,b_143507,nil,,0.998003992015968
nv-commit2,b_143507,tt,,0.00199600798403194
nv-commit2,b_136450,nil,,0.968063872255489
nv-commit2,b_136450,tt,,0.0199600798403194
nv-commit2,b_136450,at,dd;pl,0.00998003992015968
nv-commit2,b_136450,ta,dd;nl,0.00199600798403194
nv-commit2,b_150204,nil,,0.996007984031936
nv-commit2,b_150204,tt,,0.00399201596806387
nv-commit2,b_150206,nil,,0.998003992015968
nv-commit2,b_150206,ta,dd;nl,0.00199600798403194
nv-commit2,b_148275,nil,,0.992015968063872
nv-commit2,b_148275,tt,,0.00598802395209581
nv-commit2,b_148275,at,dd;pl,0.00199600798403194
nv-commit2,b_143569,nil,,0.996007984031936
nv-commit2,b_143569,tt,,0.00399201596806387
nv-commit2,b_162105,nil,,0.998003992015968
nv-commit2,b_162105,ta,dd;nl,0.00199600798403194
nv-commit2,b_162178,nil,,0.996007984031936
nv-commit2,b_162178,ta,dd;nl,0.00199600798403194
nv-commit2,b_162178,tt,,0.00199600798403194
nv-commit2,b_173733,nil,,0.998003992015968
nv-commit2,b_173733,tt,,0.00199600798403194
nv-commit2,b_160705,nil,,0.998003992015968
nv-commit2,b_160705,tt,,0.00199600798403194
nv-commit2,b_150208,nil,,0.994011976047904
nv-commit2,b_150208,tt,,0.00399201596806387
nv-commit2,b_150208,at,dd;nl,0.00199600798403194
nv-commit2,b_191549,nil,,0.994011976047904
nv-commit2,b_191549,ta,dd;nl,0.00399201596806387
nv-commit2,b_191549,tt,,0.00199600798403194
nv-commit2,b_201967,nil,,0.998003992015968
nv-commit2,b_201967,tt,,0.00199600798403194
nv-commit2,b_191547,nil,,0.99001996007984
nv-commit2,b_191547,tt,,0.00598802395209581
nv-commit2,b_191547,ta,dd;pl,0.00399201596806387
nv-commit2,b_180739,nil,,0.994011976047904
nv-commit2,b_180739,ta,dd;nl,0.00399201596806387
nv-commit2,b_180739,at,dd;pl,0.00199600798403194
nv-commit2,nv-file,nil,,0.99001996007984
nv-commit2,nv-file,tt,,0.00798403193612774
nv-commit2,nv-file,at,dd;nl,0.00199600798403194
nv-commit2,nv-mail_dev,nil,,0.998003992015968
nv-commit2,nv-mail_dev,ta,dd;pl,0.00199600798403194
nv-commit2,b_93245,nil,,0.998003992015968
nv-commit2,b_93245,tt,,0.00199600798403194
nv-commit2,nv-code_dev,nil,,0.992015968063872
nv-commit2,nv-code_dev,ta,dd;pl,0.00399201596806387
nv-commit2,nv-code_dev,tt,,0.00199600798403194
nv-commit2,nv-code_dev,at,dd;pl,0.00199600798403194
nv-commit2,b_62937,nil,,0.994011976047904
nv-commit2,b_62937,tt,,0.00598802395209581
nv-file,b_114577,nil,,0.996007984031936
nv-file,b_114577,ta,dd;pl,0.00199600798403194
nv-file,b_114577,tt,,0.00199600798403194
nv-file,b_114619,nil,,0.998003992015968
nv-file,b_114619,tt,,0.00199600798403194
nv-commit2,nv-thread,nil,,0.998003992015968
nv-commit2,nv-thread,tt,,0.00199600798403194
nv-file,b_114576,nil,,0.992015968063872
nv-file,b_114576,tt,,0.00598802395209581
nv-file,b_114576,at,dd;nl,0.00199600798403194
nv-commit2,nv-mis_link,nil,,0.994011976047904
nv-commit2,nv-mis_link,tt,,0.00399201596806387
nv-commit2,nv-mis_link,ta,dd;pl,0.00199600798403194
nv-file,b_143508,nil,,0.998003992015968
nv-file,b_143508,tt,,0.00199600798403194
nv-file,b_143511,nil,,0.998003992015968
nv-file,b_143511,tt,,0.00199600798403194
nv-file,b_140195,nil,,0.998003992015968
nv-file,b_140195,tt,,0.00199600798403194
nv-file,b_140076,nil,,0.998003992015968
nv-file,b_140076,tt,,0.00199600798403194
nv-file,b_150204,nil,,0.998003992015968
nv-file,b_150204,tt,,0.00199600798403194
nv-file,b_150285,nil,,0.998003992015968
nv-file,b_150285,tt,,0.00199600798403194
nv-file,b_143571,nil,,0.988023952095808
nv-file,b_143571,tt,,0.00998003992015968
nv-file,b_143571,ta,dd;nl,0.00199600798403194
nv-file,b_143570,nil,,0.992015968063872
nv-file,b_143570,tt,,0.00798403193612774
nv-file,b_151793,nil,,0.994011976047904
nv-file,b_151793,tt,,0.00598802395209581
nv-file,b_160701,nil,,0.998003992015968
nv-file,b_160701,tt,,0.00199600798403194
nv-file,b_151790,nil,,0.992015968063872
nv-file,b_151790,ta,dd;pl,0.00399201596806387
nv-file,b_151790,tt,,0.00399201596806387
nv-file,b_150286,nil,,0.996007984031936
nv-file,b_150286,tt,,0.00399201596806387
nv-file,b_162109,nil,,0.998003992015968
nv-file,b_162109,tt,,0.00199600798403194
nv-file,b_162180,nil,,0.998003992015968
nv-file,b_162180,tt,,0.00199600798403194
nv-file,b_160798,nil,,0.964071856287425
nv-file,b_160798,tt,,0.031936127744511
nv-file,b_160798,ta,dd;nl,0.00199600798403194
nv-file,b_160798,at,dd;pl,0.00199600798403194
nv-file,b_160797,nil,,0.998003992015968
nv-file,b_160797,tt,,0.00199600798403194
nv-file,b_201967,nil,,0.998003992015968
nv-file,b_201967,tt,,0.00199600798403194
nv-file,nv-b_100740,nil,,0.998003992015968
nv-file,nv-b_100740,ta,dd;pl,0.00199600798403194
nv-file,b_180739,nil,,0.996007984031936
nv-file,b_180739,tt,,0.00399201596806387
nv-file,b_180734,nil,,0.998003992015968
nv-file,b_180734,tt,,0.00199600798403194
nv-file2,b_140221,nil,,0.998003992015968
nv-file2,b_140221,tt,,0.00199600798403194
nv-file2,b_143569,nil,,0.960079840319361
nv-file2,b_143569,tt,,0.0239520958083832
nv-file2,b_143569,at,dd;pl,0.0159680638722555
nv-file2,b_100740,nil,,0.998003992015968
nv-file2,b_100740,ta,dd;nl,0.00199600798403194
nv-file,nv-start,nil,,0.998003992015968
nv-file,nv-start,tt,,0.00199600798403194
nv-file2,b_150209,nil,,0.984031936127744
nv-file2,b_150209,tt,,0.0119760479041916
nv-file2,b_150209,ta,dd;nl,0.00399201596806387
nv-file2,b_150285,nil,,0.960079840319361
nv-file2,b_150285,tt,,0.0279441117764471
nv-file2,b_150285,ta,dd;nl,0.0119760479041916
nv-file2,b_148275,nil,,0.994011976047904
nv-file2,b_148275,tt,,0.00598802395209581
nv-file2,b_143572,nil,,0.996007984031936
nv-file2,b_143572,tt,,0.00399201596806387
nv-file2,b_160702,nil,,0.998003992015968
nv-file2,b_160702,tt,,0.00199600798403194
nv-file2,b_160797,nil,,0.998003992015968
nv-file2,b_160797,tt,,0.00199600798403194
nv-file2,b_151791,nil,,0.998003992015968
nv-file2,b_151791,ta,dd;nl,0.00199600798403194
nv-file2,b_150290,nil,,0.934131736526946
nv-file2,b_150290,tt,,0.0558882235528942
nv-file2,b_150290,at,dd;pl,0.00798403193612774
nv-file2,b_150290,ta,dd;nl,0.00199600798403194
nv-file2,b_162181,nil,,0.998003992015968
nv-file2,b_162181,tt,,0.00199600798403194
nv-file2,b_173731,nil,,0.998003992015968
nv-file2,b_173731,ta,dd;pl,0.00199600798403194
nv-file2,b_160799,nil,,0.99001996007984
nv-file2,b_160799,tt,,0.00998003992015968
nv-file2,b_64339,nil,,0.994011976047904
nv-file2,b_64339,ta,dd;nl,0.00199600798403194
nv-file2,b_64339,tt,,0.00199600798403194
nv-file2,b_64339,at,dd;nl,0.00199600798403194
nv-file2,b_80891,nil,,0.998003992015968
nv-file2,b_80891,ta,dd;pl,0.00199600798403194
nv-file2,b_62937,nil,,0.998003992015968
nv-file2,b_62937,tt,,0.00199600798403194
nv-file2,b_180734,nil,,0.996007984031936
nv-file2,b_180734,tt,,0.00399201596806387
nv-file2,nv-churn,nil,,0.998003992015968
nv-file2,nv-churn,tt,,0.00199600798403194
nv-file2,nv-commit,nil,,0.99001996007984
nv-file2,nv-commit,tt,,0.00798403193612774
nv-file2,nv-commit,ta,dd;nl,0.00199600798403194
nv-file2,mis_link,nil,,0.998003992015968
nv-file2,mis_link,ta,dd;pl,0.00199600798403194
nv-file2,b_93245,nil,,0.978043912175649
nv-file2,b_93245,tt,,0.00998003992015968
nv-file2,b_93245,at,dd;nl,0.00998003992015968
nv-file2,b_93245,ta,dd;pl,0.00199600798403194
nv-mail_dev,b_100742,nil,,0.974051896207585
nv-mail_dev,b_100742,tt,,0.0199600798403194
nv-mail_dev,b_100742,at,dd;nl,0.00399201596806387
nv-mail_dev,b_100742,ta,dd;pl,0.00199600798403194
nv-mail_dev,b_114577,nil,,0.988023952095808
nv-mail_dev,b_114577,tt,,0.00598802395209581
nv-mail_dev,b_114577,at,dd;pl,0.00399201596806387
nv-mail_dev,b_114577,ta,dd;pl,0.00199600798403194
nv-file2,start,nil,,0.998003992015968
nv-file2,start,ta,dd;pl,0.00199600798403194
nv-file2,nv-mail_dev,nil,,0.992015968063872
nv-file2,nv-mail_dev,tt,,0.00399201596806387
nv-file2,nv-mail_dev,ta,dd;nl,0.00399201596806387
nv-mail_dev,b_143470,nil,,0.956087824351297
nv-mail_dev,b_143470,tt,,0.0379241516966068
nv-mail_dev,b_143470,at,dd;pl,0.00399201596806387
nv-mail_dev,b_143470,ta,dd;nl,0.00199600798403194
nv-mail_dev,b_143509,nil,,0.998003992015968
nv-mail_dev,b_143509,tt,,0.00199600798403194
nv-mail_dev,b_130166,nil,,0.996007984031936
nv-mail_dev,b_130166,tt,,0.00399201596806387
nv-mail_dev,b_120884,nil,,0.998003992015968
nv-mail_dev,b_120884,tt,,0.00199600798403194
nv-mail_dev,b_143568,nil,,0.998003992015968
nv-mail_dev,b_143568,tt,,0.00199600798403194
nv-mail_dev,b_143570,nil,,0.998003992015968
nv-mail_dev,b_143570,tt,,0.00199600798403194
nv-mail_dev,b_143511,nil,,0.946107784431138
nv-mail_dev,b_143511,tt,,0.0499001996007984
nv-mail_dev,b_143511,ta,dd;nl,0.00199600798403194
nv-mail_dev,b_143511,at,dd;pl,0.00199600798403194
nv-mail_dev,b_143510,nil,,0.996007984031936
nv-mail_dev,b_143510,ta,dd;nl,0.00199600798403194
nv-mail_dev,b_143510,at,dd;pl,0.00199600798403194
nv-mail_dev,b_150291,nil,,0.998003992015968
nv-mail_dev,b_150291,tt,,0.00199600798403194
nv-mail_dev,b_151788,nil,,0.99001996007984
nv-mail_dev,b_151788,tt,,0.00998003992015968
nv-mail_dev,b_150289,nil,,0.998003992015968
nv-mail_dev,b_150289,tt,,0.00199600798403194
nv-mail_dev,b_150286,nil,,0.99001996007984
nv-mail_dev,b_150286,tt,,0.00998003992015968
nv-mail_dev,b_166303,nil,,0.998003992015968
nv-mail_dev,b_166303,ta,dd;pl,0.00199600798403194
nv-mail_dev,b_180732,nil,,0.998003992015968
nv-mail_dev,b_180732,tt,,0.00199600798403194
nv-mail_dev,b_162109,nil,,0.970059880239521
nv-mail_dev,b_162109,tt,,0.0259481037924152
nv-mail_dev,b_162109,ta,dd;nl,0.00399201596806387
nv-mail_dev,b_151790,nil,,0.998003992015968
nv-mail_dev,b_151790,tt,,0.00199600798403194
nv-mail_dev,b_64339,nil,,0.998003992015968
nv-mail_dev,b_64339,tt,,0.00199600798403194
nv-b_103864,nv-thread,nil,,0.99001996007984
nv-b_103864,nv-thread,at,dd;nl,0.00598802395209581
nv-b_103864,nv-thread,ta,dd;pl,0.00399201596806387
nv-thread2,b_142970,nil,,0.994011976047904
nv-thread2,b_142970,tt,,0.00598802395209581
nv-thread2,b_143572,nil,,0.996007984031936
nv-thread2,b_143572,tt,,0.00399201596806387
nv-thread2,b_130166,nil,,0.99001996007984
nv-thread2,b_130166,tt,,0.00798403193612774
nv-thread2,b_130166,at,dd;pl,0.00199600798403194
nv-thread2,b_120027,nil,,0.996007984031936
nv-thread2,b_120027,tt,,0.00399201596806387
nv-thread2,b_151791,nil,,0.996007984031936
nv-thread2,b_151791,tt,,0.00399201596806387
nv-thread2,b_151794,nil,,0.912175648702595
nv-thread2,b_151794,tt,,0.0658682634730539
nv-thread2,b_151794,at,dd;pl,0.0199600798403194
nv-thread2,b_151794,ta,dd;nl,0.00199600798403194
nv-thread2,b_160798,nil,,0.996007984031936
nv-thread2,b_160798,tt,,0.00399201596806387
nv-thread2,b_150290,nil,,0.998003992015968
nv-thread2,b_150290,tt,,0.00199600798403194
nv-thread2,b_150209,nil,,0.998003992015968
nv-thread2,b_150209,tt,,0.00199600798403194
nv-thread2,b_162179,nil,,0.982035928143713
nv-thread2,b_162179,tt,,0.0139720558882236
nv-thread2,b_162179,ta,dd;nl,0.00199600798403194
nv-thread2,b_162179,at,dd;pl,0.00199600798403194
nv-thread2,b_162181,nil,,0.99001996007984
nv-thread2,b_162181,tt,,0.00598802395209581
nv-thread2,b_162181,ta,dd;nl,0.00199600798403194
nv-thread2,b_162181,at,dd;pl,0.00199600798403194
nv-thread2,b_162109,nil,,0.998003992015968
nv-thread2,b_162109,tt,,0.00199600798403194
nv-thread2,b_162106,nil,,0.968063872255489
nv-thread2,b_162106,tt,,0.0259481037924152
nv-thread2,b_162106,at,dd;pl,0.00399201596806387
nv-thread2,b_162106,ta,dd;nl,0.00199600798403194
nv-thread2,b_62937,nil,,0.998003992015968
nv-thread2,b_62937,tt,,0.00199600798403194
nv-thread2,b_63738,nil,,0.998003992015968
nv-thread2,b_63738,tt,,0.00199600798403194
nv-thread2,b_166303,nil,,0.87624750499002
nv-thread2,b_166303,tt,,0.0878243512974052
nv-thread2,b_166303,ta,dd;pl,0.0199600798403194
nv-thread2,b_166303,at,dd;pl,0.0159680638722555
nv-thread2,b_180739,nil,,0.998003992015968
nv-thread2,b_180739,tt,,0.00199600798403194
nv-thread2,b_166302,nil,,0.998003992015968
nv-thread2,b_166302,tt,,0.00199600798403194
nv-thread2,nv-b_100740,nil,,0.998003992015968
nv-thread2,nv-b_100740,ta,dd;pl,0.00199600798403194
nv-thread2,nv-b_103864,nil,,0.996007984031936
nv-thread2,nv-b_103864,ta,dd;pl,0.00199600798403194
nv-thread2,nv-b_103864,tt,,0.00199600798403194
nv-thread2,code_dev2,nil,,0.998003992015968
nv-thread2,code_dev2,ta,dd;pl,0.00199600798403194
nv-thread2,mail_dev2,nil,,0.998003992015968
nv-thread2,mail_dev2,ta,dd;pl,0.00199600798403194
nv-thread2,b_80891,nil,,0.996007984031936
nv-thread2,b_80891,ta,dd;pl,0.00199600798403194
nv-thread2,b_80891,at,dd;pl,0.00199600798403194
nv-thread2,nv-thread,nil,,0.996007984031936
nv-thread2,nv-thread,tt,,0.00399201596806387
nv-thread2,thread,nil,,0.998003992015968
nv-thread2,thread,ta,pd;pl,0.00199600798403194
nv-thread2,nv-file,nil,,0.970059880239521
nv-thread2,nv-file,tt,,0.0159680638722555
nv-thread2,nv-file,at,dd;pl,0.00798403193612774
nv-thread2,nv-file,ta,dd;pl,0.00598802395209581
nv-thread2,nv-code_dev,nil,,0.998003992015968
nv-thread2,nv-code_dev,ta,dd;pl,0.00199600798403194
silence,b_151788,nil,,0.998003992015968
silence,b_151788,ta,dd;nl,0.00199600798403194
silence,b_180732,nil,,0.994011976047904
silence,b_180732,ta,dd;nl,0.00598802395209581
silence,b_122110,nil,,0.998003992015968
silence,b_122110,ta,dd;nl,0.00199600798403194
silence,b_100740,nil,,0.998003992015968
silence,b_100740,ta,dd;nl,0.00199600798403194
silence,churn,nil,,0.826347305389222
silence,churn,ta,pd;nl,0.147704590818363
silence,churn,at,pd;nl,0.0259481037924152
silence,b_64339,nil,,0.998003992015968
silence,b_64339,ta,dd;nl,0.00199600798403194
silence,b_180734,nil,,0.998003992015968
silence,b_180734,ta,dd;nl,0.00199600798403194
silence,nv-b_100740,nil,,0.988023952095808
silence,nv-b_100740,ta,dd;nl,0.00998003992015968
silence,nv-b_100740,at,dd;pl,0.00199600798403194
silence,nv-b_104180,nil,,0.986027944111776
silence,nv-b_104180,at,dd;nl,0.00798403193612774
silence,nv-b_104180,ta,dd;nl,0.00598802395209581
silence,file2,ta,dd;nl,0.838323353293413
silence,file2,at,pd;nl,0.161676646706587
silence,nv-mis_link,nil,,0.998003992015968
silence,nv-mis_link,ta,dd;nl,0.00199600798403194
silence,nv-silence,nil,,0.998003992015968
silence,nv-silence,ta,dd;nl,0.00199600798403194
silence,nv-mail_dev2,nil,,0.998003992015968
silence,nv-mail_dev2,ta,dd;nl,0.00199600798403194
silence,nv-file,nil,,0.998003992015968
silence,nv-file,ta,dd;nl,0.00199600798403194
silence2,b_122110,nil,,0.998003992015968
silence2,b_122110,ta,dd;nl,0.00199600798403194
silence2,b_166304,nil,,0.998003992015968
silence2,b_166304,ta,dd;nl,0.00199600798403194
silence,silence2,ta,pd;nl,0.776447105788423
silence,silence2,at,pd;nl,0.117764471057884
silence,silence2,nil,,0.105788423153693
silence,nv-thread,nil,,0.998003992015968
silence,nv-thread,ta,dd;nl,0.00199600798403194
silence2,b_191549,nil,,0.994011976047904
silence2,b_191549,ta,dd;nl,0.00598802395209581
silence2,b_201967,nil,,0.996007984031936
silence2,b_201967,ta,dd;nl,0.00399201596806387
silence2,b_191547,nil,,0.998003992015968
silence2,b_191547,ta,dd;nl,0.00199600798403194
silence2,b_180737,nil,,0.998003992015968
silence2,b_180737,ta,dd;nl,0.00199600798403194
silence2,nv-b_104180,nil,,0.988023952095808
silence2,nv-b_104180,ta,dd;nl,0.0119760479041916
silence2,nv-code_dev2,nil,,0.996007984031936
silence2,nv-code_dev2,ta,dd;nl,0.00399201596806387
silence2,churn,ta,dd;nl,0.644710578842315
silence2,churn,at,pd;nl,0.351297405189621
silence2,churn,nil,,0.00399201596806387
silence2,b_62940,nil,,0.998003992015968
silence2,b_62940,ta,dd;nl,0.00199600798403194
silence2,nv-silence,nil,,0.986027944111776
silence2,nv-silence,ta,dd;nl,0.0139720558882236
start,b_103864,nil,,0.838323353293413
start,b_103864,ta,dd;nl,0.093812375249501
start,b_103864,at,dd;pl,0.0678642714570858
start,b_102939,nil,,0.794411177644711
start,b_102939,at,dd;nl,0.11377245508982
start,b_102939,ta,dd;pl,0.0918163672654691
start,b_100740,nil,,0.716566866267465
start,b_100740,at,dd;nl,0.149700598802395
start,b_100740,ta,dd;pl,0.13373253493014
silence2,nv-file,nil,,0.998003992015968
silence2,nv-file,ta,dd;nl,0.00199600798403194
silence2,nv-commit2,nil,,0.970059880239521
silence2,nv-commit2,ta,dd;nl,0.029940119760479
start,b_114576,nil,,0.93812375249501
start,b_114576,ta,dd;nl,0.0399201596806387
start,b_114576,at,dd;pl,0.0219560878243513
start,b_114619,nil,,0.964071856287425
start,b_114619,ta,dd;nl,0.0199600798403194
start,b_114619,at,dd;pl,0.0159680638722555
start,b_113207,nil,,0.930139720558882
start,b_113207,ta,dd;nl,0.0379241516966068
start,b_113207,at,dd;pl,0.031936127744511
start,b_114109,nil,,0.974051896207585
start,b_114109,at,dd;nl,0.0159680638722555
start,b_114109,ta,dd;pl,0.00998003992015968
start,b_104180,nil,,0.892215568862276
start,b_104180,ta,dd;nl,0.0678642714570858
start,b_104180,at,dd;pl,0.0399201596806387
start,b_122333,nil,,0.980039920159681
start,b_122333,ta,dd;nl,0.0119760479041916
start,b_122333,at,dd;pl,0.00798403193612774
start,b_130166,nil,,0.992015968063872
start,b_130166,ta,dd;nl,0.00598802395209581
start,b_130166,at,dd;pl,0.00199600798403194
start,b_122110,nil,,0.972055888223553
start,b_122110,ta,dd;nl,0.0179640718562874
start,b_122110,at,dd;pl,0.00998003992015968
start,b_120884,nil,,0.962075848303393
start,b_120884,ta,dd;nl,0.0259481037924152
start,b_120884,at,dd;pl,0.0119760479041916
start,b_150208,nil,,0.846307385229541
start,b_150208,ta,dd;nl,0.093812375249501
start,b_150208,at,dd;pl,0.0598802395209581
start,b_160705,ta,dd;nl,0.465069860279441
start,b_160705,nil,,0.417165668662675
start,b_160705,at,dd;pl,0.117764471057884
start,b_150207,nil,,0.954091816367266
start,b_150207,ta,dd;nl,0.0399201596806387
start,b_150207,at,dd;pl,0.00598802395209581
start,b_150206,nil,,0.968063872255489
start,b_150206,at,dd;nl,0.0179640718562874
start,b_150206,ta,dd;pl,0.0139720558882236
start,b_143568,nil,,0.998003992015968
start,b_143568,ta,dd;nl,0.00199600798403194
start,b_162181,nil,,0.998003992015968
start,b_162181,ta,dd;nl,0.00199600798403194
start,b_166304,nil,,0.998003992015968
start,b_166304,ta,dd;nl,0.00199600798403194
start,b_162180,ta,dd;nl,0.608782435129741
start,b_162180,nil,,0.231536926147705
start,b_162180,at,dd;pl,0.155688622754491
start,b_162180,tt,,0.00399201596806387
start,b_162107,ta,dd;nl,0.780439121756487
start,b_162107,at,dd;pl,0.135728542914172
start,b_162107,nil,,0.0818363273453094
start,b_162107,tt,,0.00199600798403194
start,b_180732,nil,,0.934131736526946
start,b_180732,ta,dd;nl,0.0459081836327345
start,b_180732,at,dd;pl,0.0199600798403194
start,b_180734,nil,,0.888223552894212
start,b_180734,ta,dd;nl,0.0758483033932136
start,b_180734,at,dd;pl,0.0339321357285429
start,b_180734,tt,,0.00199600798403194
start,b_173731,nil,,0.974051896207585
start,b_173731,ta,dd;nl,0.0259481037924152
start,b_167053,nil,,0.99001996007984
start,b_167053,ta,dd;nl,0.00598802395209581
start,b_167053,at,dd;pl,0.00399201596806387
start,b_191547,nil,,0.796407185628743
start,b_191547,ta,dd;nl,0.153692614770459
start,b_191547,at,dd;pl,0.0499001996007984
start,b_180739,nil,,0.918163672654691
start,b_180739,ta,dd;nl,0.063872255489022
start,b_180739,at,dd;nl,0.0179640718562874
start,b_180735,nil,,0.746506986027944
start,b_180735,ta,pd;nl,0.167664670658683
start,b_180735,at,dd;pl,0.0838323353293413
start,b_180735,tt,,0.00199600798403194
start,b_191549,nil,,0.952095808383234
start,b_191549,at,dd;nl,0.0259481037924152
start,b_191549,ta,dd;pl,0.0219560878243513
start,b_201967,nil,,0.94810379241517
start,b_201967,at,dd;nl,0.031936127744511
start,b_201967,ta,dd;pl,0.0199600798403194
start,churn,nil,,0.896207584830339
start,churn,ta,pd;nl,0.0778443113772455
start,churn,at,pd;nl,0.0259481037924152
start,b_80891,nil,,0.363273453093812
start,b_80891,ta,dd;nl,0.317365269461078
start,b_80891,at,dd;pl,0.315369261477046
start,b_80891,tt,,0.00399201596806387
thread2,churn,nil,,0.884231536926148
thread2,churn,at,dd;nl,0.0778443113772455
thread2,churn,ta,pd;nl,0.0379241516966068
thread2,code_dev,nil,,0.568862275449102
thread2,code_dev,ta,pd;pl,0.243512974051896
thread2,code_dev,at,pd;nl,0.173652694610778
thread2,code_dev,tt,,0.0139720558882236
thread2,commit,ta,pd;nl,0.588822355289421
thread2,commit,nil,,0.365269461077844
thread2,commit,at,pd;pl,0.0459081836327345
thread2,commit2,ta,pd;nl,0.964071856287425
thread2,commit2,at,dd;nl,0.0359281437125749
thread2,file,nil,,0.964071856287425
thread2,file,ta,pd;nl,0.0219560878243513
thread2,file,at,pd;nl,0.0139720558882236
thread2,file2,ta,dd;nl,0.602794411177645
thread2,file2,nil,,0.387225548902196
thread2,file2,at,pd;nl,0.00998003992015968
thread2,mail_dev2,ta,dd;nl,0.856287425149701
thread2,mail_dev2,tt,,0.0758483033932136
thread2,mail_dev2,at,pd;nl,0.0678642714570858
thread2,nv-b_104180,nil,,0.994011976047904
thread2,nv-b_104180,ta,dd;nl,0.00598802395209581
thread2,nv-churn2,nil,,0.998003992015968
thread2,nv-churn2,ta,dd;nl,0.00199600798403194
thread2,nv-code_dev2,nil,,0.998003992015968
thread2,nv-code_dev2,ta,dd;nl,0.00199600798403194
thread2,nv-file2,nil,,0.998003992015968
thread2,nv-file2,ta,dd;nl,0.00199600798403194
thread2,nv-mail_dev,nil,,0.998003992015968
thread2,nv-mail_dev,ta,dd;nl,0.00199600798403194
thread2,nv-mail_dev2,nil,,0.998003992015968
thread2,nv-mail_dev2,tt,,0.00199600798403194
thread2,nv-mis_link2,nil,,0.998003992015968
thread2,nv-mis_link2,ta,dd;nl,0.00199600798403194
thread2,nv-silence2,nil,,0.998003992015968
thread2,nv-silence2,ta,dd;nl,0.00199600798403194
thread2,silence,nil,,0.800399201596806
thread2,silence,ta,pd;nl,0.197604790419162
thread2,silence,at,pd;nl,0.00199600798403194
thread2,silence2,nil,,0.944111776447106
thread2,silence2,ta,pd;nl,0.0538922155688623
thread2,silence2,at,pd;nl,0.00199600798403194
thread2,start,nil,,0.692614770459082
thread2,start,ta,pd;pl,0.18562874251497
thread2,start,at,pd;nl,0.121756487025948
thread2,b_173733,nil,,0.996007984031936
thread2,b_173733,ta,dd;nl,0.00399201596806387
thread2,b_180734,nil,,0.998003992015968
thread2,b_180734,ta,dd;nl,0.00199600798403194
thread2,b_167053,nil,,0.99001996007984
thread2,b_167053,ta,dd;nl,0.00998003992015968
thread2,b_173731,nil,,0.99001996007984
thread2,b_173731,ta,dd;nl,0.00598802395209581
thread2,b_173731,tt,,0.00399201596806387
thread2,b_162182,nil,,0.998003992015968
thread2,b_162182,ta,dd;nl,0.00199600798403194
thread2,b_166302,nil,,0.996007984031936
thread2,b_166302,ta,dd;nl,0.00399201596806387
thread2,b_162178,nil,,0.998003992015968
thread2,b_162178,tt,,0.00199600798403194
thread2,b_162179,nil,,0.998003992015968
thread2,b_162179,ta,dd;nl,0.00199600798403194
thread2,b_162108,nil,,0.996007984031936
thread2,b_162108,ta,dd;nl,0.00399201596806387
thread2,b_162109,nil,,0.996007984031936
thread2,b_162109,ta,dd;nl,0.00399201596806387
thread2,b_120884,nil,,0.998003992015968
thread2,b_120884,ta,dd;pl,0.00199600798403194
thread2,b_140076,nil,,0.998003992015968
thread2,b_140076,ta,dd;nl,0.00199600798403194
thread,start,nil,,0.856287425149701
thread,start,ta,pd;nl,0.129740518962076
thread,start,at,pd;nl,0.0139720558882236
thread,thread2,ta,dd;nl,0.746506986027944
thread,thread2,at,dd;nl,0.225548902195609
thread,thread2,tt,,0.0259481037924152
thread,thread2,nil,,0.00199600798403194
thread2,b_114109,nil,,0.998003992015968
thread2,b_114109,ta,dd;nl,0.00199600798403194
thread,silence,ta,pd;nl,0.524950099800399
thread,silence,nil,,0.407185628742515
thread,silence,at,pd;nl,0.0678642714570858
thread,nv-start,nil,,0.994011976047904
thread,nv-start,at,dd;nl,0.00399201596806387
thread,nv-start,ta,dd;pl,0.00199600798403194
thread,silence2,ta,pd;nl,0.996007984031936
thread,silence2,at,pd;nl,0.00199600798403194
thread,silence2,nil,,0.00199600798403194
thread,nv-file2,nil,,0.996007984031936
thread,nv-file2,ta,dd;nl,0.00399201596806387
thread,nv-mis_link,nil,,0.998003992015968
thread,nv-mis_link,ta,dd;nl,0.00199600798403194
thread,nv-b_102939,nil,,0.998003992015968
thread,nv-b_102939,ta,dd;nl,0.00199600798403194
thread,nv-b_100740,nil,,0.982035928143713
thread,nv-b_100740,at,dd;nl,0.0159680638722555
thread,nv-b_100740,ta,dd;nl,0.00199600798403194
thread,nv-commit2,nil,,0.998003992015968
thread,nv-commit2,ta,pd;nl,0.00199600798403194
thread,mail_dev2,ta,pd;nl,0.642714570858284
thread,mail_dev2,at,pd;pl,0.18562874251497
thread,mail_dev2,nil,,0.171656686626747
thread,file2,ta,pd;nl,0.988023952095808
thread,file2,at,pd;nl,0.0119760479041916
thread,churn2,ta,dd;nl,0.487025948103792
thread,churn2,at,dd;nl,0.255489021956088
thread,churn2,nil,,0.255489021956088
thread,churn2,tt,,0.00199600798403194
thread,b_62937,nil,,0.996007984031936
thread,b_62937,ta,dd;nl,0.00399201596806387
thread,b_167053,nil,,0.976047904191617
thread,b_167053,ta,dd;nl,0.0239520958083832
thread,b_166303,nil,,0.998003992015968
thread,b_166303,ta,dd;nl,0.00199600798403194
thread,b_162105,nil,,0.998003992015968
thread,b_162105,ta,dd;nl,0.00199600798403194
thread,b_143508,nil,,0.998003992015968
thread,b_143508,ta,dd;nl,0.00199600798403194
thread,b_114576,nil,,0.998003992015968
thread,b_114576,ta,dd;nl,0.00199600798403194
start,silence2,nil,,0.736526946107785
start,silence2,ta,pd;nl,0.251497005988024
start,silence2,at,dd;nl,0.0119760479041916
start,mail_dev,nil,,0.838323353293413
start,mail_dev,ta,pd;nl,0.0978043912175649
start,mail_dev,at,pd;pl,0.063872255489022
start,file,ta,pd;nl,0.854291417165669
start,file,at,pd;nl,0.145708582834331
start,file2,ta,pd;nl,0.900199600798403
start,file2,at,dd;nl,0.0998003992015968
start,commit2,ta,pd;nl,0.760479041916168
start,commit2,at,pd;nl,0.193612774451098
start,commit2,nil,,0.0459081836327345
start,commit,ta,pd;nl,0.634730538922156
start,commit,nil,,0.19560878243513
start,commit,at,dd;nl,0.169660678642715
start,silence,nil,,0.81437125748503
start,silence,ta,pd;nl,0.183632734530938
start,silence,at,pd;nl,0.00199600798403194
start,nv-commit2,nil,,0.972055888223553
start,nv-commit2,at,dd;nl,0.0159680638722555
start,nv-commit2,ta,dd;pl,0.0119760479041916
start,mail_dev2,nil,,0.74251497005988
start,mail_dev2,at,pd;nl,0.193612774451098
start,mail_dev2,ta,pd;pl,0.063872255489022
thread,b_104180,nil,,0.998003992015968
thread,b_104180,ta,dd;nl,0.00199600798403194
thread,b_122110,nil,,0.998003992015968
thread,b_122110,ta,dd;nl,0.00199600798403194
thread,b_143511,nil,,0.998003992015968
thread,b_143511,ta,dd;nl,0.00199600798403194
thread,b_162178,nil,,0.998003992015968
thread,b_162178,ta,dd;nl,0.00199600798403194
thread,b_166304,nil,,0.998003992015968
thread,b_166304,ta,dd;nl,0.00199600798403194
thread,b_173731,nil,,0.962075848303393
thread,b_173731,ta,dd;nl,0.0359281437125749
thread,b_173731,tt,,0.00199600798403194
thread,churn,ta,pd;nl,0.802395209580838
thread,churn,at,pd;nl,0.197604790419162
thread,commit,ta,pd;nl,0.698602794411178
thread,commit,at,pd;pl,0.301397205588822
thread,commit2,ta,pd;nl,0.684630738522954
thread,commit2,nil,,0.181636726546906
thread,commit2,at,dd;nl,0.13373253493014
start,churn2,nil,,0.419161676646707
start,churn2,at,pd;nl,0.295409181636727
start,churn2,ta,dd;nl,0.285429141716567
b_191547,thread2,nil,,0.992015968063872
b_191547,thread2,ta,pd;pl,0.00399201596806387
b_191547,thread2,at,dd;nl,0.00399201596806387
b_191549,nv-b_100433,nil,,0.968063872255489
b_191549,nv-b_100433,at,dd;pl,0.0279441117764471
b_191549,nv-b_100433,ta,dd;pl,0.00199600798403194
b_191549,nv-b_100433,tt,,0.00199600798403194
b_191549,nv-b_100740,nil,,0.892215568862276
b_191549,nv-b_100740,ta,dd;pl,0.0878243512974052
b_191549,nv-b_100740,at,dd;nl,0.0179640718562874
b_191549,nv-b_100740,tt,,0.00199600798403194
b_191547,nv-mail_dev,nil,,0.994011976047904
b_191547,nv-mail_dev,tt,,0.00399201596806387
b_191547,nv-mail_dev,ta,dd;pl,0.00199600798403194
b_191547,thread,nil,,0.984031936127744
b_191547,thread,ta,dd;nl,0.00798403193612774
b_191547,thread,at,dd;nl,0.00798403193612774
b_191547,nv-b_102939,nil,,0.972055888223553
b_191547,nv-b_102939,ta,dd;pl,0.0279441117764471
b_191547,nv-code_dev,nil,,0.996007984031936
b_191547,nv-code_dev,ta,dd;nl,0.00399201596806387
b_191547,mail_dev2,nil,,0.996007984031936
b_191547,mail_dev2,ta,dd;nl,0.00399201596806387
b_191547,nv-b_100433,nil,,0.950099800399202
b_191547,nv-b_100433,ta,dd;pl,0.0459081836327345
b_191547,nv-b_100433,at,dd;nl,0.00399201596806387
b_180739,nv-churn,nil,,0.904191616766467
b_180739,nv-churn,tt,,0.063872255489022
b_180739,nv-churn,ta,dd;nl,0.0199600798403194
b_180739,nv-churn,at,dd;pl,0.0119760479041916
b_180739,nv-churn2,nil,,0.994011976047904
b_180739,nv-churn2,ta,dd;nl,0.00399201596806387
b_180739,nv-churn2,tt,,0.00199600798403194
b_180739,mis_link,nil,,0.992015968063872
b_180739,mis_link,ta,dd;pl,0.00399201596806387
b_180739,mis_link,at,dd;nl,0.00399201596806387
b_180739,nv-b_102939,nil,,0.984031936127744
b_180739,nv-b_102939,ta,dd;pl,0.0159680638722555
b_180737,nv-mis_link2,nil,,0.998003992015968
b_180737,nv-mis_link2,ta,dd;nl,0.00199600798403194
b_180737,start,nil,,0.952095808383234
b_180737,start,ta,dd;pl,0.0279441117764471
b_180737,start,at,dd;nl,0.0199600798403194
b_180737,nv-b_100433,nil,,0.798403193612774
b_180737,nv-b_100433,ta,dd;pl,0.187624750499002
b_180737,nv-b_100433,tt,,0.0119760479041916
b_180737,nv-b_100433,at,dd;pl,0.00199600798403194
b_180735,silence2,nil,,0.998003992015968
b_180735,silence2,ta,dd;nl,0.00199600798403194
b_180735,thread,nil,,0.994011976047904
b_180735,thread,ta,pd;pl,0.00399201596806387
b_180735,thread,at,dd;nl,0.00199600798403194
b_180735,mail_dev2,nil,,0.996007984031936
b_180735,mail_dev2,ta,dd;nl,0.00399201596806387
b_180735,nv-b_100433,nil,,0.956087824351297
b_180735,nv-b_100433,ta,dd;pl,0.0419161676646707
b_180735,nv-b_100433,tt,,0.00199600798403194
b_180735,nv-b_100742,nil,,0.840319361277445
b_180735,nv-b_100742,ta,dd;pl,0.155688622754491
b_180735,nv-b_100742,at,dd;pl,0.00399201596806387
b_180735,nv-b_104180,nil,,0.970059880239521
b_180735,nv-b_104180,ta,dd;pl,0.0279441117764471
b_180735,nv-b_104180,at,dd;pl,0.00199600798403194
b_180735,nv-code_dev,nil,,0.982035928143713
b_180735,nv-code_dev,tt,,0.00998003992015968
b_180735,nv-code_dev,at,dd;pl,0.00598802395209581
b_180735,nv-code_dev,ta,dd;nl,0.00199600798403194
b_143507,nv-thread,nil,,0.994011976047904
b_143507,nv-thread,tt,,0.00399201596806387
b_143507,nv-thread,ta,dd;pl,0.00199600798403194
b_142970,nv-mail_dev,nil,,0.998003992015968
b_142970,nv-mail_dev,ta,dd;pl,0.00199600798403194
b_142970,nv-code_dev2,nil,,0.998003992015968
b_142970,nv-code_dev2,ta,dd;pl,0.00199600798403194
b_140224,nv-b_103864,nil,,0.958083832335329
b_140224,nv-b_103864,ta,dd;pl,0.0379241516966068
b_140224,nv-b_103864,tt,,0.00399201596806387
b_140221,nv-thread2,nil,,0.946107784431138
b_140221,nv-thread2,tt,,0.0379241516966068
b_140221,nv-thread2,ta,dd;pl,0.0119760479041916
b_140221,nv-thread2,at,dd;pl,0.00399201596806387
b_140221,nv-b_102939,nil,,0.870259481037924
b_140221,nv-b_102939,ta,dd;pl,0.127744510978044
b_140221,nv-b_102939,at,dd;pl,0.00199600798403194
b_140195,nv-file2,nil,,0.994011976047904
b_140195,nv-file2,ta,dd;pl,0.00399201596806387
b_140195,nv-file2,tt,,0.00199600798403194
b_140221,nv-silence2,nil,,0.99001996007984
b_140221,nv-silence2,tt,,0.00798403193612774
b_140221,nv-silence2,ta,dd;pl,0.00199600798403194
b_140224,code_dev2,nil,,0.998003992015968
b_140224,code_dev2,ta,dd;pl,0.00199600798403194
b_142970,nv-b_100740,nil,,0.94810379241517
b_142970,nv-b_100740,ta,dd;pl,0.0499001996007984
b_142970,nv-b_100740,tt,,0.00199600798403194
b_143505,nv-b_100740,nil,,0.896207584830339
b_143505,nv-b_100740,ta,dd;pl,0.093812375249501
b_143505,nv-b_100740,tt,,0.00998003992015968
b_143505,nv-thread,nil,,0.998003992015968
b_143505,nv-thread,ta,dd;pl,0.00199600798403194
b_143505,start,nil,,0.996007984031936
b_143505,start,ta,dd;pl,0.00199600798403194
b_143505,start,at,dd;nl,0.00199600798403194
b_143506,nv-b_100740,nil,,0.912175648702595
b_143506,nv-b_100740,ta,dd;pl,0.0778443113772455
b_143506,nv-b_100740,tt,,0.00598802395209581
b_143506,nv-b_100740,at,dd;nl,0.00399201596806387
b_143506,nv-commit2,nil,,0.996007984031936
b_143506,nv-commit2,ta,dd;pl,0.00199600798403194
b_143506,nv-commit2,at,dd;pl,0.00199600798403194
b_143507,nv-code_dev2,nil,,0.996007984031936
b_143507,nv-code_dev2,ta,dd;pl,0.00199600798403194
b_143507,nv-code_dev2,tt,,0.00199600798403194
b_143507,nv-silence,nil,,0.998003992015968
b_143507,nv-silence,ta,dd;pl,0.00199600798403194
b_150285,nv-silence,nil,,0.92814371257485
b_150285,nv-silence,tt,,0.0339321357285429
b_150285,nv-silence,ta,dd;pl,0.0259481037924152
b_150285,nv-silence,at,dd;pl,0.0119760479041916
b_150285,nv-b_100740,nil,,0.946107784431138
b_150285,nv-b_100740,ta,dd;pl,0.0518962075848303
b_150285,nv-b_100740,tt,,0.00199600798403194
b_150209,nv-b_100740,nil,,0.956087824351297
b_150209,nv-b_100740,ta,dd;pl,0.0419161676646707
b_150209,nv-b_100740,tt,,0.00199600798403194
b_150209,nv-churn,nil,,0.998003992015968
b_150209,nv-churn,ta,dd;pl,0.00199600798403194
b_150208,nv-churn,nil,,0.978043912175649
b_150208,nv-churn,ta,dd;pl,0.00998003992015968
b_150208,nv-churn,tt,,0.00998003992015968
b_150208,nv-churn,at,dd;nl,0.00199600798403194
b_150208,nv-code_dev2,nil,,0.980039920159681
b_150208,nv-code_dev2,tt,,0.0159680638722555
b_150208,nv-code_dev2,ta,dd;pl,0.00399201596806387
b_150207,nv-b_104180,nil,,0.934131736526946
b_150207,nv-b_104180,ta,dd;pl,0.063872255489022
b_150207,nv-b_104180,tt,,0.00199600798403194
b_150208,nv-b_103864,nil,,0.924151696606786
b_150208,nv-b_103864,ta,dd;pl,0.0698602794411178
b_150208,nv-b_103864,tt,,0.00598802395209581
b_150206,nv-b_102939,nil,,0.890219560878244
b_150206,nv-b_102939,ta,dd;pl,0.105788423153693
b_150206,nv-b_102939,tt,,0.00399201596806387
b_150206,nv-b_104180,nil,,0.93812375249501
b_150206,nv-b_104180,ta,dd;pl,0.06187624750499
b_150205,nv-churn2,nil,,0.998003992015968
b_150205,nv-churn2,ta,dd;pl,0.00199600798403194
b_150206,nv-b_100742,nil,,0.774451097804391
b_150206,nv-b_100742,ta,dd;pl,0.221556886227545
b_150206,nv-b_100742,tt,,0.00399201596806387
b_150204,nv-code_dev,nil,,0.988023952095808
b_150204,nv-code_dev,ta,dd;pl,0.00598802395209581
b_150204,nv-code_dev,tt,,0.00399201596806387
b_150204,nv-code_dev,at,dd;pl,0.00199600798403194
b_150205,nv-churn,nil,,0.986027944111776
b_150205,nv-churn,tt,,0.00798403193612774
b_150205,nv-churn,ta,dd;pl,0.00598802395209581
b_150204,nv-b_100433,nil,,0.758483033932136
b_150204,nv-b_100433,ta,dd;pl,0.231536926147705
b_150204,nv-b_100433,at,dd;pl,0.00598802395209581
b_150204,nv-b_100433,tt,,0.00399201596806387
b_150204,nv-b_100742,nil,,0.806387225548902
b_150204,nv-b_100742,ta,dd;pl,0.18562874251497
b_150204,nv-b_100742,tt,,0.00399201596806387
b_150204,nv-b_100742,at,dd;nl,0.00399201596806387
b_148275,nv-b_102939,nil,,0.934131736526946
b_148275,nv-b_102939,ta,dd;pl,0.0658682634730539
b_148275,nv-b_104180,nil,,0.816367265469062
b_148275,nv-b_104180,ta,dd;pl,0.173652694610778
b_148275,nv-b_104180,tt,,0.00798403193612774
b_148275,nv-b_104180,at,dd;pl,0.00199600798403194
b_143572,nv-mis_link2,nil,,0.992015968063872
b_143572,nv-mis_link2,tt,,0.00598802395209581
b_143572,nv-mis_link2,ta,dd;pl,0.00199600798403194
b_148275,nv-b_100433,nil,,0.93812375249501
b_148275,nv-b_100433,ta,dd;pl,0.0518962075848303
b_148275,nv-b_100433,tt,,0.00798403193612774
b_148275,nv-b_100433,at,dd;pl,0.00199600798403194
b_143571,nv-b_104180,nil,,0.982035928143713
b_143571,nv-b_104180,ta,dd;pl,0.0179640718562874
b_143572,nv-b_100740,nil,,0.968063872255489
b_143572,nv-b_100740,ta,dd;pl,0.029940119760479
b_143572,nv-b_100740,at,dd;nl,0.00199600798403194
b_143571,nv-b_100742,nil,,0.790419161676647
b_143571,nv-b_100742,ta,dd;pl,0.205588822355289
b_143571,nv-b_100742,tt,,0.00399201596806387
b_143571,nv-b_102939,nil,,0.964071856287425
b_143571,nv-b_102939,ta,dd;pl,0.0359281437125749
b_143570,nv-mail_dev2,nil,,0.998003992015968
b_143570,nv-mail_dev2,tt,,0.00199600798403194
b_143570,nv-thread2,nil,,0.988023952095808
b_143570,nv-thread2,ta,dd;pl,0.00598802395209581
b_143570,nv-thread2,tt,,0.00598802395209581
b_143570,nv-code_dev,nil,,0.994011976047904
b_143570,nv-code_dev,tt,,0.00598802395209581
b_143570,nv-commit2,nil,,0.996007984031936
b_143570,nv-commit2,ta,dd;pl,0.00199600798403194
b_143570,nv-commit2,tt,,0.00199600798403194
b_143570,nv-b_103864,nil,,0.976047904191617
b_143570,nv-b_103864,ta,dd;pl,0.0219560878243513
b_143570,nv-b_103864,tt,,0.00199600798403194
b_143570,nv-b_104180,nil,,0.970059880239521
b_143570,nv-b_104180,ta,dd;pl,0.029940119760479
b_143570,nv-b_100742,nil,,0.830339321357285
b_143570,nv-b_100742,ta,dd;pl,0.157684630738523
b_143570,nv-b_100742,tt,,0.00798403193612774
b_143570,nv-b_100742,at,dd;nl,0.00399201596806387
b_143570,nv-b_102939,nil,,0.968063872255489
b_143570,nv-b_102939,ta,dd;pl,0.031936127744511
b_143570,nv-b_100433,nil,,0.946107784431138
b_143570,nv-b_100433,ta,dd;pl,0.0518962075848303
b_143570,nv-b_100433,tt,,0.00199600798403194
b_143570,nv-b_100740,nil,,0.972055888223553
b_143570,nv-b_100740,ta,dd;pl,0.0239520958083832
b_143570,nv-b_100740,tt,,0.00199600798403194
b_143570,nv-b_100740,at,dd;nl,0.00199600798403194
b_143569,nv-b_100740,nil,,0.784431137724551
b_143569,nv-b_100740,ta,dd;pl,0.193612774451098
b_143569,nv-b_100740,tt,,0.0219560878243513
b_143569,nv-mail_dev,nil,,0.99001996007984
b_143569,nv-mail_dev,tt,,0.00798403193612774
b_143569,nv-mail_dev,ta,dd;pl,0.00199600798403194
b_143568,nv-b_100433,nil,,0.900199600798403
b_143568,nv-b_100433,ta,dd;pl,0.093812375249501
b_143568,nv-b_100433,tt,,0.00598802395209581
b_143568,nv-b_100740,nil,,0.94810379241517
b_143568,nv-b_100740,ta,dd;pl,0.0479041916167665
b_143568,nv-b_100740,tt,,0.00399201596806387
b_143513,nv-b_103864,nil,,0.954091816367266
b_143513,nv-b_103864,ta,dd;pl,0.0439121756487026
b_143513,nv-b_103864,tt,,0.00199600798403194
b_143513,nv-b_104180,nil,,0.966067864271457
b_143513,nv-b_104180,ta,dd;pl,0.0339321357285429
b_143511,nv-file2,nil,,0.998003992015968
b_143511,nv-file2,tt,,0.00199600798403194
b_143513,nv-b_100433,nil,,0.946107784431138
b_143513,nv-b_100433,ta,dd;pl,0.0538922155688623
b_143511,nv-b_102939,nil,,0.952095808383234
b_143511,nv-b_102939,ta,dd;pl,0.0479041916167665
b_143511,nv-code_dev2,nil,,0.954091816367266
b_143511,nv-code_dev2,tt,,0.0379241516966068
b_143511,nv-code_dev2,ta,dd;pl,0.00798403193612774
b_143510,nv-b_103864,nil,,0.80439121756487
b_143510,nv-b_103864,ta,dd;pl,0.18562874251497
b_143510,nv-b_103864,tt,,0.00998003992015968
b_143510,nv-code_dev,nil,,0.988023952095808
b_143510,nv-code_dev,tt,,0.00598802395209581
b_143510,nv-code_dev,at,dd;pl,0.00399201596806387
b_143510,nv-code_dev,ta,dd;pl,0.00199600798403194
b_143509,nv-b_104180,nil,,0.972055888223553
b_143509,nv-b_104180,ta,dd;pl,0.0279441117764471
b_143509,nv-file2,nil,,0.994011976047904
b_143509,nv-file2,tt,,0.00399201596806387
b_143509,nv-file2,ta,dd;pl,0.00199600798403194
b_143509,nv-b_100742,nil,,0.80439121756487
b_143509,nv-b_100742,ta,dd;pl,0.189620758483034
b_143509,nv-b_100742,at,dd;nl,0.00399201596806387
b_143509,nv-b_100742,tt,,0.00199600798403194
b_143509,nv-b_102939,nil,,0.960079840319361
b_143509,nv-b_102939,ta,dd;pl,0.0379241516966068
b_143509,nv-b_102939,tt,,0.00199600798403194
b_143508,nv-commit2,nil,,0.998003992015968
b_143508,nv-commit2,ta,dd;pl,0.00199600798403194
b_143509,nv-b_100740,nil,,0.926147704590818
b_143509,nv-b_100740,ta,dd;pl,0.0718562874251497
b_143509,nv-b_100740,tt,,0.00199600798403194
b_143507,start,nil,,0.998003992015968
b_143507,start,ta,dd;pl,0.00199600798403194
b_143508,nv-b_102939,nil,,0.958083832335329
b_143508,nv-b_102939,ta,dd;pl,0.0379241516966068
b_143508,nv-b_102939,tt,,0.00399201596806387
b_150286,nv-b_104180,nil,,0.836327345309381
b_150286,nv-b_104180,ta,dd;pl,0.157684630738523
b_150286,nv-b_104180,tt,,0.00598802395209581
b_150287,nv-b_103864,nil,,0.968063872255489
b_150287,nv-b_103864,ta,dd;pl,0.029940119760479
b_150287,nv-b_103864,at,dd;pl,0.00199600798403194
b_150288,nv-b_100740,nil,,0.582834331337325
b_150288,nv-b_100740,ta,dd;pl,0.373253493013972
b_150288,nv-b_100740,tt,,0.0279441117764471
b_150288,nv-b_100740,at,dd;pl,0.0159680638722555
b_150288,nv-b_103864,nil,,0.816367265469062
b_150288,nv-b_103864,ta,dd;pl,0.165668662674651
b_150288,nv-b_103864,at,dd;pl,0.0119760479041916
b_150288,nv-b_103864,tt,,0.00598802395209581
b_150288,nv-b_104180,nil,,0.972055888223553
b_150288,nv-b_104180,ta,dd;pl,0.0239520958083832
b_150288,nv-b_104180,at,dd;nl,0.00399201596806387
b_150289,nv-b_102939,nil,,0.972055888223553
b_150289,nv-b_102939,ta,dd;pl,0.0239520958083832
b_150289,nv-b_102939,tt,,0.00399201596806387
b_150291,nv-b_100433,nil,,0.942115768463074
b_150291,nv-b_100433,ta,dd;pl,0.0479041916167665
b_150291,nv-b_100433,tt,,0.00998003992015968
b_150290,nv-mail_dev,nil,,0.996007984031936
b_150290,nv-mail_dev,tt,,0.00399201596806387
b_150289,nv-b_104180,nil,,0.968063872255489
b_150289,nv-b_104180,ta,dd;pl,0.029940119760479
b_150289,nv-b_104180,at,dd;nl,0.00199600798403194
b_134353,nv-b_100740,nil,,0.966067864271457
b_134353,nv-b_100740,at,dd;pl,0.031936127744511
b_134353,nv-b_100740,tt,,0.00199600798403194
b_134353,code_dev,nil,,0.998003992015968
b_134353,code_dev,tt,,0.00199600798403194
b_134353,nv-b_100433,nil,,0.732534930139721
b_134353,nv-b_100433,ta,dd;pl,0.239520958083832
b_134353,nv-b_100433,tt,,0.0239520958083832
b_134353,nv-b_100433,at,dd;pl,0.00399201596806387
b_134353,nv-b_102939,nil,,0.812375249500998
b_134353,nv-b_102939,ta,dd;pl,0.179640718562874
b_134353,nv-b_102939,tt,,0.00598802395209581
b_134353,nv-b_102939,at,dd;pl,0.00199600798403194
b_134353,nv-b_103864,nil,,0.956087824351297
b_134353,nv-b_103864,ta,dd;pl,0.0419161676646707
b_134353,nv-b_103864,at,dd;nl,0.00199600798403194
b_136450,nv-b_100433,nil,,0.924151696606786
b_136450,nv-b_100433,ta,dd;pl,0.06187624750499
b_136450,nv-b_100433,tt,,0.0139720558882236
b_136450,nv-b_103864,nil,,0.956087824351297
b_136450,nv-b_103864,ta,dd;pl,0.0419161676646707
b_136450,nv-b_103864,tt,,0.00199600798403194
b_136450,nv-mail_dev,nil,,0.996007984031936
b_136450,nv-mail_dev,ta,dd;pl,0.00199600798403194
b_136450,nv-mail_dev,tt,,0.00199600798403194
b_140076,nv-b_100742,nil,,0.812375249500998
b_140076,nv-b_100742,ta,dd;pl,0.179640718562874
b_140076,nv-b_100742,tt,,0.00798403193612774
b_140076,nv-b_104180,nil,,0.950099800399202
b_140076,nv-b_104180,ta,dd;pl,0.0459081836327345
b_140076,nv-b_104180,tt,,0.00399201596806387
b_140076,nv-silence,nil,,0.998003992015968
b_140076,nv-silence,ta,dd;pl,0.00199600798403194
b_140160,mis_link2,nil,,0.998003992015968
b_140160,mis_link2,ta,dd;pl,0.00199600798403194
b_140160,nv-churn2,nil,,0.998003992015968
b_140160,nv-churn2,ta,dd;pl,0.00199600798403194
b_140195,nv-b_100742,nil,,0.776447105788423
b_140195,nv-b_100742,ta,dd;pl,0.211576846307385
b_140195,nv-b_100742,tt,,0.0119760479041916
b_140195,code_dev,nil,,0.996007984031936
b_140195,code_dev,ta,dd;pl,0.00199600798403194
b_140195,code_dev,at,dd;nl,0.00199600798403194
b_140160,nv-mail_dev,nil,,0.998003992015968
b_140160,nv-mail_dev,ta,dd;pl,0.00199600798403194
b_140195,nv-commit2,nil,,0.988023952095808
b_140195,nv-commit2,at,dd;pl,0.00598802395209581
b_140195,nv-commit2,ta,dd;nl,0.00399201596806387
b_140195,nv-commit2,tt,,0.00199600798403194
b_130166,nv-b_104180,nil,,0.518962075848303
b_130166,nv-b_104180,ta,dd;pl,0.461077844311377
b_130166,nv-b_104180,tt,,0.0159680638722555
b_130166,nv-b_104180,at,dd;nl,0.00399201596806387
b_104180,nv-code_dev2,nil,,0.996007984031936
b_104180,nv-code_dev2,ta,dd;pl,0.00199600798403194
b_104180,nv-code_dev2,tt,,0.00199600798403194
b_100742,nv-file2,nil,,0.994011976047904
b_100742,nv-file2,ta,dd;nl,0.00399201596806387
b_100742,nv-file2,at,dd;pl,0.00199600798403194
b_100742,nv-b_103864,nil,,0.768463073852295
b_100742,nv-b_103864,ta,dd;pl,0.189620758483034
b_100742,nv-b_103864,at,dd;nl,0.029940119760479
b_100742,nv-b_103864,tt,,0.0119760479041916
b_100742,nv-b_100433,nil,,0.722554890219561
b_100742,nv-b_100433,ta,dd;pl,0.235528942115768
b_100742,nv-b_100433,at,dd;pl,0.0279441117764471
b_100742,nv-b_100433,tt,,0.0139720558882236
b_100740,nv-thread2,nil,,0.996007984031936
b_100740,nv-thread2,ta,dd;pl,0.00199600798403194
b_100740,nv-thread2,tt,,0.00199600798403194
b_100740,nv-b_103864,nil,,0.92814371257485
b_100740,nv-b_103864,ta,dd;nl,0.063872255489022
b_100740,nv-b_103864,at,dd;nl,0.00798403193612774
b_100433,silence,nil,,0.998003992015968
b_100433,silence,ta,dd;pl,0.00199600798403194
b_100433,nv-b_100433,nil,,0.81437125748503
b_100433,nv-b_100433,ta,dd;pl,0.169660678642715
b_100433,nv-b_100433,tt,,0.0159680638722555
b_100433,nv-code_dev2,nil,,0.998003992015968
b_100433,nv-code_dev2,tt,,0.00199600798403194
b_100740,nv-b_104180,nil,,0.74251497005988
b_100740,nv-b_104180,ta,dd;pl,0.239520958083832
b_100740,nv-b_104180,at,dd;nl,0.00998003992015968
b_100740,nv-b_104180,tt,,0.00798403193612774
b_100742,nv-mail_dev2,nil,,0.996007984031936
b_100742,nv-mail_dev2,ta,dd;pl,0.00199600798403194
b_100742,nv-mail_dev2,tt,,0.00199600798403194
b_102939,nv-b_102939,nil,,0.714570858283433
b_102939,nv-b_102939,ta,dd;pl,0.265469061876248
b_102939,nv-b_102939,at,dd;nl,0.0139720558882236
b_102939,nv-b_102939,tt,,0.00598802395209581
b_102939,nv-b_103864,nil,,0.930139720558882
b_102939,nv-b_103864,ta,dd;pl,0.063872255489022
b_102939,nv-b_103864,at,dd;pl,0.00598802395209581
b_102939,nv-start,nil,,0.998003992015968
b_102939,nv-start,ta,dd;nl,0.00199600798403194
b_103864,nv-b_100433,nil,,0.894211576846307
b_103864,nv-b_100433,ta,dd;pl,0.0998003992015968
b_103864,nv-b_100433,tt,,0.00399201596806387
b_103864,nv-b_100433,at,dd;pl,0.00199600798403194
b_103864,nv-churn2,nil,,0.994011976047904
b_103864,nv-churn2,tt,,0.00399201596806387
b_103864,nv-churn2,ta,dd;pl,0.00199600798403194
b_120027,nv-mail_dev2,nil,,0.998003992015968
b_120027,nv-mail_dev2,ta,dd;pl,0.00199600798403194
b_130166,nv-b_103864,nil,,0.962075848303393
b_130166,nv-b_103864,ta,dd;pl,0.0359281437125749
b_130166,nv-b_103864,at,dd;pl,0.00199600798403194
b_130166,mis_link2,nil,,0.994011976047904
b_130166,mis_link2,ta,dd;pl,0.00199600798403194
b_130166,mis_link2,tt,,0.00199600798403194
b_130166,mis_link2,at,dd;nl,0.00199600798403194
b_122110,nv-file,nil,,0.996007984031936
b_122110,nv-file,ta,dd;pl,0.00199600798403194
b_122110,nv-file,tt,,0.00199600798403194
b_120884,nv-b_104180,nil,,0.934131736526946
b_120884,nv-b_104180,ta,dd;pl,0.0658682634730539
b_122110,nv-b_103864,nil,,0.736526946107785
b_122110,nv-b_103864,ta,dd;pl,0.24750499001996
b_122110,nv-b_103864,tt,,0.0139720558882236
b_122110,nv-b_103864,at,dd;pl,0.00199600798403194
b_122333,nv-b_100740,nil,,0.92814371257485
b_122333,nv-b_100740,ta,dd;pl,0.0698602794411178
b_122333,nv-b_100740,tt,,0.00199600798403194
b_114109,nv-b_104180,nil,,0.936127744510978
b_114109,nv-b_104180,at,dd;pl,0.0578842315369262
b_114109,nv-b_104180,tt,,0.00598802395209581
b_114109,nv-silence,nil,,0.998003992015968
b_114109,nv-silence,ta,dd;pl,0.00199600798403194
b_114576,nv-b_102939,nil,,0.956087824351297
b_114576,nv-b_102939,ta,dd;pl,0.0419161676646707
b_114576,nv-b_102939,at,dd;nl,0.00199600798403194
b_114576,nv-b_103864,nil,,0.934131736526946
b_114576,nv-b_103864,ta,dd;pl,0.063872255489022
b_114576,nv-b_103864,tt,,0.00199600798403194
b_114576,nv-code_dev2,nil,,0.998003992015968
b_114576,nv-code_dev2,ta,dd;pl,0.00199600798403194
b_114577,churn,nil,,0.998003992015968
b_114577,churn,ta,pd;pl,0.00199600798403194
b_114577,nv-thread2,nil,,0.996007984031936
b_114577,nv-thread2,ta,dd;pl,0.00399201596806387
b_114619,nv-b_100433,nil,,0.914171656686627
b_114619,nv-b_100433,ta,dd;pl,0.0758483033932136
b_114619,nv-b_100433,tt,,0.00598802395209581
b_114619,nv-b_100433,at,dd;nl,0.00399201596806387
b_120027,nv-churn,nil,,0.998003992015968
b_120027,nv-churn,tt,,0.00199600798403194
b_113207,nv-thread,nil,,0.984031936127744
b_113207,nv-thread,tt,,0.0119760479041916
b_113207,nv-thread,ta,dd;nl,0.00399201596806387
b_113207,mis_link,nil,,0.998003992015968
b_113207,mis_link,ta,dd;pl,0.00199600798403194
b_113207,nv-b_100740,nil,,0.950099800399202
b_113207,nv-b_100740,ta,dd;pl,0.0499001996007984
b_180734,nv-b_100740,nil,,0.974051896207585
b_180734,nv-b_100740,ta,dd;pl,0.0219560878243513
b_180734,nv-b_100740,tt,,0.00399201596806387
b_180734,nv-b_100433,nil,,0.966067864271457
b_180734,nv-b_100433,ta,dd;pl,0.0339321357285429
b_180734,churn2,nil,,0.998003992015968
b_180734,churn2,ta,pd;pl,0.00199600798403194
b_180734,churn,nil,,0.998003992015968
b_180734,churn,ta,pd;pl,0.00199600798403194
b_180732,nv-thread2,nil,,0.994011976047904
b_180732,nv-thread2,at,dd;pl,0.00399201596806387
b_180732,nv-thread2,tt,,0.00199600798403194
b_160705,nv-thread2,nil,,0.99001996007984
b_160705,nv-thread2,at,dd;nl,0.00798403193612774
b_160705,nv-thread2,ta,dd;pl,0.00199600798403194
b_160705,nv-churn,nil,,0.964071856287425
b_160705,nv-churn,ta,dd;nl,0.0279441117764471
b_160705,nv-churn,tt,,0.00798403193612774
b_160705,nv-b_100433,nil,,0.872255489021956
b_160705,nv-b_100433,ta,dd;pl,0.115768463073852
b_160705,nv-b_100433,at,dd;pl,0.00798403193612774
b_160705,nv-b_100433,tt,,0.00399201596806387
b_160705,churn2,nil,,0.998003992015968
b_160705,churn2,ta,pd;pl,0.00199600798403194
b_160702,nv-b_100433,nil,,0.950099800399202
b_160702,nv-b_100433,ta,dd;pl,0.0439121756487026
b_160702,nv-b_100433,tt,,0.00399201596806387
b_160702,nv-b_100433,at,dd;nl,0.00199600798403194
b_160701,nv-commit2,nil,,0.974051896207585
b_160701,nv-commit2,tt,,0.0219560878243513
b_160701,nv-commit2,ta,dd;pl,0.00199600798403194
b_160701,nv-commit2,at,dd;nl,0.00199600798403194
b_160701,nv-b_102939,nil,,0.842315369261477
b_160701,nv-b_102939,ta,dd;pl,0.147704590818363
b_160701,nv-b_102939,tt,,0.00598802395209581
b_160701,nv-b_102939,at,dd;pl,0.00399201596806387
b_160701,nv-b_100433,nil,,0.952095808383234
b_160701,nv-b_100433,ta,dd;pl,0.0419161676646707
b_160701,nv-b_100433,at,dd;pl,0.00399201596806387
b_160701,nv-b_100433,tt,,0.00199600798403194
b_151793,nv-thread2,nil,,0.998003992015968
b_151793,nv-thread2,tt,,0.00199600798403194
b_151791,nv-silence,nil,,0.998003992015968
b_151791,nv-silence,ta,dd;pl,0.00199600798403194
b_151791,nv-b_100433,nil,,0.958083832335329
b_151791,nv-b_100433,ta,dd;pl,0.0379241516966068
b_151791,nv-b_100433,tt,,0.00399201596806387
b_151789,nv-silence,nil,,0.998003992015968
b_151789,nv-silence,ta,dd;pl,0.00199600798403194
b_151789,nv-b_104180,nil,,0.834331337325349
b_151789,nv-b_104180,ta,dd;pl,0.159680638722555
b_151789,nv-b_104180,tt,,0.00399201596806387
b_151789,nv-b_104180,at,dd;nl,0.00199600798403194
b_151788,nv-b_100742,nil,,0.810379241516966
b_151788,nv-b_100742,ta,dd;pl,0.187624750499002
b_151788,nv-b_100742,tt,,0.00199600798403194
b_151787,nv-b_103864,nil,,0.974051896207585
b_151787,nv-b_103864,ta,dd;pl,0.0239520958083832
b_151787,nv-b_103864,tt,,0.00199600798403194
b_150291,nv-thread,nil,,0.996007984031936
b_150291,nv-thread,ta,dd;pl,0.00199600798403194
b_150291,nv-thread,tt,,0.00199600798403194
b_150291,nv-b_102939,nil,,0.972055888223553
b_150291,nv-b_102939,ta,dd;pl,0.0279441117764471
b_150291,nv-b_103864,nil,,0.848303393213573
b_150291,nv-b_103864,ta,dd;pl,0.143712574850299
b_150291,nv-b_103864,tt,,0.00598802395209581
b_150291,nv-b_103864,at,dd;nl,0.00199600798403194
b_151787,nv-b_100742,nil,,0.818363273453094
b_151787,nv-b_100742,ta,dd;pl,0.17564870259481
b_151787,nv-b_100742,tt,,0.00598802395209581
b_151787,nv-file,nil,,0.996007984031936
b_151787,nv-file,ta,dd;pl,0.00199600798403194
b_151787,nv-file,tt,,0.00199600798403194
b_151789,nv-b_102939,nil,,0.770459081836327
b_151789,nv-b_102939,ta,dd;pl,0.219560878243513
b_151789,nv-b_102939,tt,,0.00598802395209581
b_151789,nv-b_102939,at,dd;nl,0.00399201596806387
b_151789,nv-commit2,nil,,0.992015968063872
b_151789,nv-commit2,tt,,0.00399201596806387
b_151789,nv-commit2,ta,dd;pl,0.00199600798403194
b_151789,nv-commit2,at,dd;pl,0.00199600798403194
b_151790,nv-b_103864,nil,,0.988023952095808
b_151790,nv-b_103864,ta,dd;pl,0.0119760479041916
b_151791,nv-b_102939,nil,,0.936127744510978
b_151791,nv-b_102939,ta,dd;pl,0.063872255489022
b_151793,nv-b_103864,nil,,0.970059880239521
b_151793,nv-b_103864,ta,dd;pl,0.0279441117764471
b_151793,nv-b_103864,tt,,0.00199600798403194
b_151794,nv-b_104180,nil,,0.822355289421158
b_151794,nv-b_104180,ta,dd;pl,0.163672654690619
b_151794,nv-b_104180,tt,,0.0119760479041916
b_151794,nv-b_104180,at,dd;nl,0.00199600798403194
b_160701,nv-b_100742,nil,,0.820359281437126
b_160701,nv-b_100742,ta,dd;pl,0.173652694610778
b_160701,nv-b_100742,tt,,0.00598802395209581
b_160701,nv-code_dev,nil,,0.998003992015968
b_160701,nv-code_dev,ta,dd;pl,0.00199600798403194
b_160701,nv-mis_link,nil,,0.998003992015968
b_160701,nv-mis_link,ta,dd;pl,0.00199600798403194
b_160702,nv-mail_dev2,nil,,0.998003992015968
b_160702,nv-mail_dev2,ta,dd;pl,0.00199600798403194
b_160705,commit2,nil,,0.994011976047904
b_160705,commit2,ta,dd;nl,0.00598802395209581
b_160705,nv-b_103864,nil,,0.718562874251497
b_160705,nv-b_103864,ta,dd;nl,0.249500998003992
b_160705,nv-b_103864,tt,,0.0179640718562874
b_160705,nv-b_103864,at,dd;nl,0.0139720558882236
b_160705,nv-code_dev2,nil,,0.998003992015968
b_160705,nv-code_dev2,ta,dd;nl,0.00199600798403194
b_160797,nv-b_102939,nil,,0.968063872255489
b_160797,nv-b_102939,ta,dd;pl,0.031936127744511
b_160797,nv-b_104180,nil,,0.972055888223553
b_160797,nv-b_104180,ta,dd;pl,0.0279441117764471
b_160797,nv-mis_link2,nil,,0.998003992015968
b_160797,nv-mis_link2,ta,dd;pl,0.00199600798403194
b_160798,code_dev,nil,,0.998003992015968
b_160798,code_dev,ta,dd;pl,0.00199600798403194
b_160798,nv-code_dev,nil,,0.998003992015968
b_160798,nv-code_dev,tt,,0.00199600798403194
b_160798,nv-file2,nil,,0.998003992015968
b_160798,nv-file2,ta,dd;pl,0.00199600798403194
b_160799,nv-b_102939,nil,,0.966067864271457
b_160799,nv-b_102939,ta,dd;pl,0.029940119760479
b_160799,nv-b_102939,tt,,0.00399201596806387
b_160799,nv-b_100742,nil,,0.838323353293413
b_160799,nv-b_100742,ta,dd;pl,0.149700598802395
b_160799,nv-b_100742,tt,,0.00998003992015968
b_160799,nv-b_100742,at,dd;nl,0.00199600798403194
b_160799,nv-b_100740,nil,,0.960079840319361
b_160799,nv-b_100740,ta,dd;pl,0.031936127744511
b_160799,nv-b_100740,tt,,0.00598802395209581
b_160799,nv-b_100740,at,dd;nl,0.00199600798403194
b_162180,nv-commit2,nil,,0.980039920159681
b_162180,nv-commit2,at,dd;nl,0.00998003992015968
b_162180,nv-commit2,tt,,0.00798403193612774
b_162180,nv-commit2,ta,dd;nl,0.00199600798403194
b_162107,nv-file2,nil,,0.92814371257485
b_162107,nv-file2,at,dd;nl,0.0518962075848303
b_162107,nv-file2,ta,dd;pl,0.0119760479041916
b_162107,nv-file2,tt,,0.00798403193612774
b_162106,nv-mis_link2,nil,,0.99001996007984
b_162106,nv-mis_link2,tt,,0.00798403193612774
b_162106,nv-mis_link2,at,dd;pl,0.00199600798403194
b_162106,nv-b_104180,nil,,0.652694610778443
b_162106,nv-b_104180,ta,dd;pl,0.335329341317365
b_162106,nv-b_104180,tt,,0.00798403193612774
b_162106,nv-b_104180,at,dd;nl,0.00399201596806387
b_162105,nv-thread2,nil,,0.998003992015968
b_162105,nv-thread2,ta,dd;pl,0.00199600798403194
b_162105,nv-b_100742,nil,,0.854291417165669
b_162105,nv-b_100742,ta,dd;pl,0.141716566866267
b_162105,nv-b_100742,at,dd;pl,0.00399201596806387
b_162105,nv-b_100433,nil,,0.972055888223553
b_162105,nv-b_100433,ta,dd;pl,0.0219560878243513
b_162105,nv-b_100433,tt,,0.00399201596806387
b_162105,nv-b_100433,at,dd;pl,0.00199600798403194
b_160799,nv-commit,nil,,0.994011976047904
b_160799,nv-commit,ta,dd;pl,0.00399201596806387
b_160799,nv-commit,tt,,0.00199600798403194
b_162105,nv-b_100740,nil,,0.974051896207585
b_162105,nv-b_100740,ta,dd;pl,0.0199600798403194
b_162105,nv-b_100740,at,dd;pl,0.00399201596806387
b_162105,nv-b_100740,tt,,0.00199600798403194
b_162105,nv-b_102939,nil,,0.634730538922156
b_162105,nv-b_102939,ta,dd;pl,0.339321357285429
b_162105,nv-b_102939,tt,,0.0179640718562874
b_162105,nv-b_102939,at,dd;nl,0.00798403193612774
b_162106,nv-b_100740,nil,,0.976047904191617
b_162106,nv-b_100740,ta,dd;pl,0.0239520958083832
b_162106,nv-commit2,nil,,0.900199600798403
b_162106,nv-commit2,tt,,0.0558882235528942
b_162106,nv-commit2,ta,dd;pl,0.0359281437125749
b_162106,nv-commit2,at,dd;nl,0.00798403193612774
b_162107,nv-thread,nil,,0.992015968063872
b_162107,nv-thread,ta,dd;nl,0.00399201596806387
b_162107,nv-thread,at,dd;pl,0.00399201596806387
b_162108,code_dev,nil,,0.998003992015968
b_162108,code_dev,tt,,0.00199600798403194
b_162108,nv-b_100740,nil,,0.826347305389222
b_162108,nv-b_100740,ta,dd;pl,0.163672654690619
b_162108,nv-b_100740,tt,,0.00798403193612774
b_162108,nv-b_100740,at,dd;pl,0.00199600798403194
b_162108,nv-b_102939,nil,,0.978043912175649
b_162108,nv-b_102939,ta,dd;pl,0.0219560878243513
b_162108,nv-b_103864,nil,,0.984031936127744
b_162108,nv-b_103864,ta,dd;pl,0.0139720558882236
b_162108,nv-b_103864,tt,,0.00199600798403194
b_162108,nv-b_104180,nil,,0.870259481037924
b_162108,nv-b_104180,ta,dd;pl,0.12375249500998
b_162108,nv-b_104180,at,dd;nl,0.00399201596806387
b_162108,nv-b_104180,tt,,0.00199600798403194
b_162108,nv-silence,nil,,0.998003992015968
b_162108,nv-silence,ta,dd;pl,0.00199600798403194
b_162109,nv-b_100740,nil,,0.970059880239521
b_162109,nv-b_100740,ta,dd;pl,0.029940119760479
b_162109,nv-b_103864,nil,,0.972055888223553
b_162109,nv-b_103864,ta,dd;pl,0.0259481037924152
b_162109,nv-b_103864,tt,,0.00199600798403194
b_162109,nv-b_104180,nil,,0.982035928143713
b_162109,nv-b_104180,ta,dd;pl,0.0179640718562874
b_162176,nv-b_100740,nil,,0.970059880239521
b_162176,nv-b_100740,ta,dd;pl,0.0279441117764471
b_162176,nv-b_100740,tt,,0.00199600798403194
b_162176,nv-b_103864,nil,,0.984031936127744
b_162176,nv-b_103864,ta,dd;pl,0.0159680638722555
b_162176,nv-b_104180,nil,,0.964071856287425
b_162176,nv-b_104180,ta,dd;pl,0.0359281437125749
b_162176,nv-churn,nil,,0.978043912175649
b_162176,nv-churn,ta,dd;pl,0.0219560878243513
b_162178,start,nil,,0.998003992015968
b_162178,start,ta,dd;pl,0.00199600798403194
b_162179,churn2,nil,,0.998003992015968
b_162179,churn2,ta,dd;pl,0.00199600798403194
b_162179,nv-b_100433,nil,,0.960079840319361
b_162179,nv-b_100433,ta,dd;pl,0.0359281437125749
b_162179,nv-b_100433,tt,,0.00399201596806387
b_162179,nv-churn,nil,,0.998003992015968
b_162179,nv-churn,ta,dd;pl,0.00199600798403194
b_162179,nv-file2,nil,,0.996007984031936
b_162179,nv-file2,ta,dd;pl,0.00199600798403194
b_162179,nv-file2,tt,,0.00199600798403194
b_162179,nv-mail_dev,nil,,0.982035928143713
b_162179,nv-mail_dev,tt,,0.0139720558882236
b_162179,nv-mail_dev,ta,dd;pl,0.00199600798403194
b_162179,nv-mail_dev,at,dd;nl,0.00199600798403194
b_162180,churn,nil,,0.998003992015968
b_162180,churn,ta,dd;nl,0.00199600798403194
b_162180,nv-b_103864,nil,,0.94810379241517
b_162180,nv-b_103864,ta,dd;pl,0.0479041916167665
b_162180,nv-b_103864,at,dd;nl,0.00399201596806387
b_162180,nv-b_100740,nil,,0.930139720558882
b_162180,nv-b_100740,ta,dd;nl,0.063872255489022
b_162180,nv-b_100740,at,dd;pl,0.00598802395209581
b_162180,commit2,nil,,0.994011976047904
b_162180,commit2,ta,dd;nl,0.00399201596806387
b_162180,commit2,at,dd;nl,0.00199600798403194
b_166303,nv-b_103864,nil,,0.826347305389222
b_166303,nv-b_103864,at,dd;pl,0.157684630738523
b_166303,nv-b_103864,ta,dd;pl,0.00998003992015968
b_166303,nv-b_103864,tt,,0.00598802395209581
b_166302,nv-mail_dev,nil,,0.992015968063872
b_166302,nv-mail_dev,tt,,0.00399201596806387
b_166302,nv-mail_dev,ta,dd;nl,0.00199600798403194
b_166302,nv-mail_dev,at,dd;nl,0.00199600798403194
b_162182,nv-mail_dev2,nil,,0.994011976047904
b_162182,nv-mail_dev2,tt,,0.00399201596806387
b_162182,nv-mail_dev2,ta,dd;pl,0.00199600798403194
b_162182,nv-b_100740,nil,,0.960079840319361
b_162182,nv-b_100740,ta,dd;pl,0.0359281437125749
b_162182,nv-b_100740,tt,,0.00199600798403194
b_162182,nv-b_100740,at,dd;nl,0.00199600798403194
b_162182,commit,nil,,0.998003992015968
b_162182,commit,ta,dd;pl,0.00199600798403194
b_162181,nv-b_100740,nil,,0.956087824351297
b_162181,nv-b_100740,ta,dd;pl,0.0419161676646707
b_162181,nv-b_100740,tt,,0.00199600798403194
b_162180,thread,nil,,0.998003992015968
b_162180,thread,ta,pd;pl,0.00199600798403194
b_162180,nv-mail_dev2,nil,,0.998003992015968
b_162180,nv-mail_dev2,ta,dd;nl,0.00199600798403194
b_162181,nv-b_100433,nil,,0.950099800399202
b_162181,nv-b_100433,ta,dd;pl,0.0479041916167665
b_162181,nv-b_100433,tt,,0.00199600798403194
b_162181,nv-b_103864,nil,,0.978043912175649
b_162181,nv-b_103864,ta,dd;pl,0.0199600798403194
b_162181,nv-b_103864,at,dd;nl,0.00199600798403194
b_162182,nv-file2,nil,,0.952095808383234
b_162182,nv-file2,tt,,0.0379241516966068
b_162182,nv-file2,ta,dd;pl,0.00998003992015968
b_166302,nv-b_100433,nil,,0.952095808383234
b_166302,nv-b_100433,ta,dd;pl,0.0479041916167665
b_166303,nv-b_100433,nil,,0.94810379241517
b_166303,nv-b_100433,ta,dd;pl,0.0479041916167665
b_166303,nv-b_100433,tt,,0.00199600798403194
b_166303,nv-b_100433,at,dd;nl,0.00199600798403194
b_166303,nv-b_104180,nil,,0.870259481037924
b_166303,nv-b_104180,ta,dd;pl,0.12375249500998
b_166303,nv-b_104180,tt,,0.00399201596806387
b_166303,nv-b_104180,at,dd;pl,0.00199600798403194
b_166303,nv-commit,nil,,0.998003992015968
b_166303,nv-commit,ta,dd;nl,0.00199600798403194
b_166303,nv-commit2,nil,,0.942115768463074
b_166303,nv-commit2,ta,dd;pl,0.0339321357285429
b_166303,nv-commit2,tt,,0.0119760479041916
b_166303,nv-commit2,at,dd;nl,0.0119760479041916
b_166303,nv-mis_link,nil,,0.996007984031936
b_166303,nv-mis_link,ta,dd;pl,0.00199600798403194
b_166303,nv-mis_link,tt,,0.00199600798403194
b_166304,code_dev,nil,,0.998003992015968
b_166304,code_dev,tt,,0.00199600798403194
b_166304,nv-b_100740,nil,,0.80439121756487
b_166304,nv-b_100740,ta,dd;pl,0.181636726546906
b_166304,nv-b_100740,tt,,0.0139720558882236
b_167053,nv-b_102939,nil,,0.830339321357285
b_167053,nv-b_102939,ta,dd;nl,0.165668662674651
b_167053,nv-b_102939,tt,,0.00199600798403194
b_167053,nv-b_102939,at,dd;pl,0.00199600798403194
b_167053,nv-b_103864,nil,,0.976047904191617
b_167053,nv-b_103864,ta,dd;nl,0.0219560878243513
b_167053,nv-b_103864,tt,,0.00199600798403194
b_167053,nv-file,nil,,0.996007984031936
b_167053,nv-file,ta,dd;pl,0.00199600798403194
b_167053,nv-file,at,dd;pl,0.00199600798403194
b_173731,code_dev2,nil,,0.998003992015968
b_173731,code_dev2,ta,dd;pl,0.00199600798403194
b_173731,nv-b_104180,nil,,0.974051896207585
b_173731,nv-b_104180,ta,dd;pl,0.0259481037924152
b_173731,nv-thread,nil,,0.996007984031936
b_173731,nv-thread,ta,dd;nl,0.00199600798403194
b_173731,nv-thread,at,dd;pl,0.00199600798403194
b_173733,nv-b_100433,nil,,0.968063872255489
b_173733,nv-b_100433,ta,dd;pl,0.0279441117764471
b_173733,nv-b_100433,at,dd;nl,0.00399201596806387
b_173733,nv-b_102939,ta,dd;pl,0.50499001996008
b_173733,nv-b_102939,nil,,0.457085828343313
b_173733,nv-b_102939,tt,,0.0199600798403194
b_173733,nv-b_102939,at,dd;nl,0.0179640718562874
b_173733,thread,nil,,0.992015968063872
b_173733,thread,ta,dd;nl,0.00399201596806387
b_173733,thread,tt,,0.00199600798403194
b_173733,thread,at,dd;nl,0.00199600798403194
b_173733,nv-file,nil,,0.944111776447106
b_173733,nv-file,tt,,0.0459081836327345
b_173733,nv-file,ta,dd;pl,0.00598802395209581
b_173733,nv-file,at,dd;nl,0.00399201596806387
b_173733,nv-b_104180,nil,,0.872255489021956
b_173733,nv-b_104180,ta,dd;pl,0.111776447105788
b_173733,nv-b_104180,at,dd;nl,0.0139720558882236
b_173733,nv-b_104180,tt,,0.00199600798403194
b_180732,mail_dev,nil,,0.998003992015968
b_180732,mail_dev,ta,dd;nl,0.00199600798403194
b_180732,mis_link,nil,,0.988023952095808
b_180732,mis_link,ta,dd;nl,0.00598802395209581
b_180732,mis_link,at,dd;nl,0.00598802395209581
b_180732,nv-silence,nil,,0.998003992015968
b_180732,nv-silence,ta,dd;nl,0.00199600798403194
b_180732,nv-b_102939,nil,,0.984031936127744
b_180732,nv-b_102939,ta,dd;pl,0.0159680638722555
b_180732,nv-b_100433,nil,,0.966067864271457
b_180732,nv-b_100433,ta,dd;pl,0.0339321357285429
b_160799,nv-b_103864,nil,,0.982035928143713
b_160799,nv-b_103864,at,dd;pl,0.0139720558882236
b_160799,nv-b_103864,tt,,0.00399201596806387
b_180734,nv-b_104180,nil,,0.980039920159681
b_180734,nv-b_104180,ta,dd;pl,0.0179640718562874
b_180734,nv-b_104180,tt,,0.00199600798403194
b_180734,thread,nil,,0.998003992015968
b_180734,thread,ta,pd;pl,0.00199600798403194
