#
# A fatal error has been detected by the Java Runtime Environment:
#
#  SIGSEGV (0xb) at pc=0x0000000100a79920, pid=92495, tid=40459
#
# JRE version: OpenJDK Runtime Environment Corretto-21.0.10.7.1 (21.0.10+7) (build 21.0.10+7-LTS)
# Java VM: OpenJDK 64-Bit Server VM Corretto-21.0.10.7.1 (21.0.10+7-LTS, mixed mode, sharing, tiered, compressed oops, compressed class ptrs, g1 gc, bsd-aarch64)
# Problematic frame:
# C  [Python+0xc1920]  PyObject_RichCompare+0x44
#
# No core dump will be written. Core dumps have been disabled. To enable core dumping, try "ulimit -c unlimited" before starting Java again
#
# If you would like to submit a bug report, please visit:
#   https://github.com/corretto/corretto-21/issues/
# The crash happened outside the Java Virtual Machine in native code.
# See problematic frame for where to report the bug.
#

---------------  S U M M A R Y ------------

Command Line: -Xmx8g -Xms4g 

Host: "Mac16,8" arm64, 12 cores, 24G, Darwin 24.6.0, macOS 15.7.2 (24G325)
Time: Thu Mar 12 16:18:22 2026 HST elapsed time: 10379.864291 seconds (0d 2h 52m 59s)

---------------  T H R E A D  ---------------

Current thread (0x000000015505de00):  JavaThread "SIGTERM handler" daemon [_thread_in_native, id=40459, stack(0x0000000331d08000,0x0000000331f0b000) (2060K)]

Stack: [0x0000000331d08000,0x0000000331f0b000],  sp=0x0000000331f0a600,  free space=2057k
Native frames: (J=compiled Java code, j=interpreted, Vv=VM code, C=native code)
C  [Python+0xc1920]  PyObject_RichCompare+0x44
C  [Python+0x230a60]  compare_handler+0x3c
C  [Python+0x230e3c]  PyErr_SetInterruptEx+0x48
j  org.jpype.JPypeSignal.interruptPy(I)V+0
j  org.jpype.JPypeSignal.lambda$getSignalHandler$0(ILjava/lang/Object;Ljava/lang/reflect/Method;[Ljava/lang/Object;)Ljava/lang/Object;+7
j  org.jpype.JPypeSignal$$Lambda+0x0000008801007870.invoke(Ljava/lang/Object;Ljava/lang/reflect/Method;[Ljava/lang/Object;)Ljava/lang/Object;+7
j  jdk.proxy2.$Proxy3.handle(Lsun/misc/Signal;)V+16 jdk.proxy2
j  sun.misc.Signal$InternalMiscHandler.handle(Ljdk/internal/misc/Signal;)V+8 jdk.unsupported@21.0.10
j  jdk.internal.misc.Signal$1.run()V+8 java.base@21.0.10
j  java.lang.Thread.runWith(Ljava/lang/Object;Ljava/lang/Runnable;)V+5 java.base@21.0.10
j  java.lang.Thread.run()V+19 java.base@21.0.10
v  ~StubRoutines::call_stub 0x000000031fb54154
V  [libjvm.dylib+0x4b059c]  JavaCalls::call_helper(JavaValue*, methodHandle const&, JavaCallArguments*, JavaThread*)+0x3d8
V  [libjvm.dylib+0x4af4d4]  JavaCalls::call_virtual(JavaValue*, Klass*, Symbol*, Symbol*, JavaCallArguments*, JavaThread*)+0x140
V  [libjvm.dylib+0x4af5a0]  JavaCalls::call_virtual(JavaValue*, Handle, Klass*, Symbol*, Symbol*, JavaThread*)+0x64
V  [libjvm.dylib+0x57ed98]  thread_entry(JavaThread*, JavaThread*)+0x9c
V  [libjvm.dylib+0x4c48e4]  JavaThread::thread_main_inner()+0x98
V  [libjvm.dylib+0x9fb890]  Thread::call_run()+0xc8
V  [libjvm.dylib+0x81e7b8]  thread_native_entry(Thread*)+0x118
C  [libsystem_pthread.dylib+0x6bc8]  _pthread_start+0x88
Java frames: (J=compiled Java code, j=interpreted, Vv=VM code)
j  org.jpype.JPypeSignal.interruptPy(I)V+0
j  org.jpype.JPypeSignal.lambda$getSignalHandler$0(ILjava/lang/Object;Ljava/lang/reflect/Method;[Ljava/lang/Object;)Ljava/lang/Object;+7
j  org.jpype.JPypeSignal$$Lambda+0x0000008801007870.invoke(Ljava/lang/Object;Ljava/lang/reflect/Method;[Ljava/lang/Object;)Ljava/lang/Object;+7
j  jdk.proxy2.$Proxy3.handle(Lsun/misc/Signal;)V+16 jdk.proxy2
j  sun.misc.Signal$InternalMiscHandler.handle(Ljdk/internal/misc/Signal;)V+8 jdk.unsupported@21.0.10
j  jdk.internal.misc.Signal$1.run()V+8 java.base@21.0.10
j  java.lang.Thread.runWith(Ljava/lang/Object;Ljava/lang/Runnable;)V+5 java.base@21.0.10
j  java.lang.Thread.run()V+19 java.base@21.0.10
v  ~StubRoutines::call_stub 0x000000031fb54154

siginfo: si_signo: 11 (SIGSEGV), si_code: 2 (SEGV_ACCERR), si_addr: 0x0000000000000034

Registers:
 x0=0x0000000107ac4588  x1=0x0000000100dc6000  x2=0x0000000000000002  x3=0x0000000000000000
 x4=0x0000000000000001  x5=0x0000000000000000  x6=0x00000000000000d6  x7=0x000000015505de00
 x8=0x000000019d3290f8  x9=0x0000000100d9ddd0 x10=0x00000001071119dc x11=0x0000000000000004
x12=0x00000001444192a8 x13=0x0000000000000000 x14=0x0000000107a04080 x15=0x00000000000c5530
x16=0x0000000000000102 x17=0x0000000000000000 x18=0x0000000000000000 x19=0x0000000000000000
x20=0x0000000100dc6000 x21=0x0000000100dc5fe0 x22=0x0000000000000002 x23=0x000000031fb5bb40
x24=0x0000000331f0a758 x25=0x0000000331f0ad70 x26=0x00000001444194b8 x27=0x0000000000000000
x28=0x000000015505de00  fp=0x0000000331f0a660  lr=0x0000000100a79914  sp=0x0000000331f0a600
pc=0x0000000100a79920 cpsr=0x0000000020000000

Register to memory mapping:

x0 =0x0000000107ac4588 points into unknown readable memory: 0x0000000000000000 | 00 00 00 00 00 00 00 00
x1 =0x0000000100dc6000: _PyRuntime+0x3480 in /opt/homebrew/Cellar/python@3.13/3.13.11/Frameworks/Python.framework/Versions/3.13/Python at 0x00000001009b8000
x2 =0x0000000000000002 is an unknown value
x3 =0x0 is null
x4 =0x0000000000000001 is an unknown value
x5 =0x0 is null
x6 =0x00000000000000d6 is an unknown value
x7 =0x000000015505de00 is a thread
x8 =0x000000019d3290f8: _tlv_get_addr+0 in /usr/lib/system/libdyld.dylib at 0x000000019d326000
x9 =0x0000000100d9ddd0: PyLong_Type+0 in /opt/homebrew/Cellar/python@3.13/3.13.11/Frameworks/Python.framework/Versions/3.13/Python at 0x00000001009b8000
x10=0x00000001071119dc: Java_org_jpype_JPypeSignal_interruptPy+0 in /Users/phuonghuupham/Library/Python/3.13/lib/python/site-packages/_jpype.cpython-313-darwin.so at 0x0000000107100000
x11=0x0000000000000004 is an unknown value
x12={method} {0x00000001444192a8} 'interruptPy' '(I)V' in 'org/jpype/JPypeSignal'
x13=0x0 is null
x14=0x0000000107a04080 points into unknown readable memory: 0x0000000106cfffd0 | d0 ff cf 06 01 00 00 00
x15=0x00000000000c5530 is an unknown value
x16=0x0000000000000102 is an unknown value
x17=0x0 is null
x18=0x0 is null
x19=0x0 is null
x20=0x0000000100dc6000: _PyRuntime+0x3480 in /opt/homebrew/Cellar/python@3.13/3.13.11/Frameworks/Python.framework/Versions/3.13/Python at 0x00000001009b8000
x21=0x0000000100dc5fe0: _PyRuntime+0x3460 in /opt/homebrew/Cellar/python@3.13/3.13.11/Frameworks/Python.framework/Versions/3.13/Python at 0x00000001009b8000
x22=0x0000000000000002 is an unknown value
x23=0x000000031fb5bb40 is at code_begin+0 in an Interpreter codelet
method entry point (kind = zerolocals)  [0x000000031fb5bb40, 0x000000031fb5be68]  808 bytes
x24=0x0000000331f0a758 is pointing into the stack for thread: 0x000000015505de00
x25=0x0000000331f0ad70 is pointing into the stack for thread: 0x000000015505de00
x26=0x00000001444194b8 is pointing into metadata
x27=0x0 is null
x28=0x000000015505de00 is a thread
 fp=0x0000000331f0a660 is pointing into the stack for thread: 0x000000015505de00
 lr=0x0000000100a79914: PyObject_RichCompare+0x38 in /opt/homebrew/Cellar/python@3.13/3.13.11/Frameworks/Python.framework/Versions/3.13/Python at 0x00000001009b8000
 sp=0x0000000331f0a600 is pointing into the stack for thread: 0x000000015505de00

Top of Stack: (sp=0x0000000331f0a600)
0x0000000331f0a600:   0000000000000000 0000000000000000
0x0000000331f0a610:   0000000831f0a600 0000000111945dc0
0x0000000331f0a620:   00000001444194b8 0000000331f0ad70
0x0000000331f0a630:   0000000331f0a758 000000031fb5bb40
0x0000000331f0a640:   0000000000000000 0000000100dc2b80
0x0000000331f0a650:   0000000100dc5fe0 000000000000000f
0x0000000331f0a660:   0000000331f0a690 0000000100be8a60
0x0000000331f0a670:   0000000331f0a6b0 0000000111605c88
0x0000000331f0a680:   00000001444192a8 000000015505de00
0x0000000331f0a690:   0000000331f0a6c0 0000000100be8e3c
0x0000000331f0a6a0:   0000000000000000 0000000111ea9ee8
0x0000000331f0a6b0:   0000000331f0a6d8 000000031fb5a9b0
0x0000000331f0a6c0:   0000000331f0a730 000000031fb5cb8c
0x0000000331f0a6d0:   0000000000000001 000000015505de00
0x0000000331f0a6e0:   0000000331f0a6e0 0000000000000000
0x0000000331f0a6f0:   0000000000000005 00000001444194b8
0x0000000331f0a700:   0000000600439bf0 0000000331f0a6d0
0x0000000331f0a710:   0000000000000000 00000001444192a8
0x0000000331f0a720:   0000000000000000 0000000331f0a740
0x0000000331f0a730:   0000000331f0a7b0 000000031fb591c0
0x0000000331f0a740:   0000000000000000 0000000600439bf0
0x0000000331f0a750:   0000000600c017a8 000000000000000f
0x0000000331f0a760:   0000000331f0a760 00000001444193ef
0x0000000331f0a770:   0000000000000005 00000001444194b8
0x0000000331f0a780:   0000000600439bf0 0000000331f0a740
0x0000000331f0a790:   0000000000000000 00000001444193f8
0x0000000331f0a7a0:   0000000331f0a758 0000000331f0a7a0
0x0000000331f0a7b0:   0000000331f0a830 000000031fb58fa0
0x0000000331f0a7c0:   00000006fec00000 000000060043b488
0x0000000331f0a7d0:   000000060043c030 000000000000000f
0x0000000331f0a7e0:   0000000331f0a7e0 00000001444199b7
0x0000000331f0a7f0:   0000000000000005 0000000144419a38 

Instructions: (pc=0x0000000100a79920)
0x0000000100a79820:   29 41 11 91 1f 01 09 eb 41 04 00 54 88 18 00 f0
0x0000000100a79830:   08 c1 17 91 1f 00 08 eb e8 17 9f 1a 09 00 40 f9
0x0000000100a79840:   29 01 f8 36 fd 7b 42 a9 ff c3 00 91 e0 03 08 aa
0x0000000100a79850:   c0 03 5f d6 5f 08 00 71 01 02 00 54 28 00 80 52
0x0000000100a79860:   fb ff ff 17 29 05 00 f1 09 00 00 f9 c1 fe ff 54
0x0000000100a79870:   a8 c3 1f b8 08 04 40 f9 08 19 40 f9 4a 1a 00 b0
0x0000000100a79880:   4a 01 2e 91 49 fd 52 f9 e9 01 00 b5 00 01 3f d6
0x0000000100a79890:   a8 c3 5f b8 ec ff ff 17 5f 0c 00 71 41 fb ff 54
0x0000000100a798a0:   08 00 80 52 ea ff ff 17 08 00 80 12 e6 ff ff 17
0x0000000100a798b0:   e0 0b 00 f9 e3 00 00 94 e8 03 00 aa e0 0b 40 f9
0x0000000100a798c0:   df ff ff 17 42 01 53 f9 e8 83 00 a9 21 00 80 52
0x0000000100a798d0:   20 01 3f d6 e8 83 40 a9 ed ff ff 17 ff c3 01 d1
0x0000000100a798e0:   fa 67 02 a9 f8 5f 03 a9 f6 57 04 a9 f4 4f 05 a9
0x0000000100a798f0:   fd 7b 06 a9 fd 83 01 91 f6 03 02 aa f4 03 01 aa
0x0000000100a79900:   f5 03 00 aa 60 1c 00 d0 00 60 32 91 08 00 40 f9
0x0000000100a79910:   00 01 3f d6 13 00 40 f9 15 15 00 b4 f4 14 00 b4
0x0000000100a79920:   68 36 40 b9 09 05 00 51 69 36 00 b9 a8 15 f8 37
0x0000000100a79930:   88 06 40 f9 a9 06 40 f9 57 19 00 b0 f7 a2 0c 91
0x0000000100a79940:   3f 01 08 eb 01 0a 00 54 38 00 80 52 a8 06 40 f9
0x0000000100a79950:   08 65 40 f9 88 02 00 b4 e0 03 15 aa e1 03 14 aa
0x0000000100a79960:   e2 03 16 aa 00 01 3f d6 1f 00 17 eb 60 01 00 54
0x0000000100a79970:   68 36 40 b9 08 05 00 11 68 36 00 b9 fd 7b 46 a9
0x0000000100a79980:   f4 4f 45 a9 f6 57 44 a9 f8 5f 43 a9 fa 67 42 a9
0x0000000100a79990:   ff c3 01 91 c0 03 5f d6 48 19 00 b0 09 95 41 f9
0x0000000100a799a0:   a9 03 f8 36 f8 01 00 34 88 06 40 f9 08 65 40 f9
0x0000000100a799b0:   88 01 00 b4 49 19 00 b0 29 41 0c 91 22 d9 76 b8
0x0000000100a799c0:   e0 03 14 aa e1 03 15 aa 00 01 3f d6 1f 00 17 eb
0x0000000100a799d0:   01 fd ff 54 48 19 00 b0 09 95 41 f9 89 03 f8 36
0x0000000100a799e0:   df 0a 00 71 c1 06 00 54 88 18 00 f0 08 41 18 91
0x0000000100a799f0:   89 18 00 f0 29 c1 17 91 bf 02 14 eb 20 01 88 9a
0x0000000100a79a00:   08 00 40 b9 08 05 00 31 42 fb ff 54 08 00 00 b9
0x0000000100a79a10:   d8 ff ff 17 29 05 00 f1 09 95 01 f9 41 fc ff 54 


Stack slot to memory mapping:

stack at sp + 0 slots: 0x0 is null
stack at sp + 1 slots: 0x0 is null
stack at sp + 2 slots: 0x0000000831f0a600 is an unknown value
stack at sp + 3 slots: 0x0000000111945dc0: _ZN12NativeLookup6lookupERK12methodHandleP10JavaThread+0x80 in /Library/Java/JavaVirtualMachines/amazon-corretto-21.jdk/Contents/Home/lib/server/libjvm.dylib at 0x000000011115c000
stack at sp + 4 slots: 0x00000001444194b8 is pointing into metadata
stack at sp + 5 slots: 0x0000000331f0ad70 is pointing into the stack for thread: 0x000000015505de00
stack at sp + 6 slots: 0x0000000331f0a758 is pointing into the stack for thread: 0x000000015505de00
stack at sp + 7 slots: 0x000000031fb5bb40 is at code_begin+0 in an Interpreter codelet
method entry point (kind = zerolocals)  [0x000000031fb5bb40, 0x000000031fb5be68]  808 bytes


---------------  P R O C E S S  ---------------

Threads class SMR info:
_java_thread_list=0x0000000107baec40, length=32, elements={
0x0000000133a17600, 0x0000000101bfce00, 0x0000000133bd3800, 0x0000000133bd4200,
0x0000000101c07800, 0x0000000101bfb600, 0x0000000101c00200, 0x0000000101c00a00,
0x00000001551c7c00, 0x0000000101c01200, 0x0000000143afca00, 0x0000000143cb9400,
0x0000000114012000, 0x0000000155488800, 0x0000000114012800, 0x0000000143c1de00,
0x00000001560de200, 0x0000000114016e00, 0x0000000155447c00, 0x0000000155448400,
0x0000000114017600, 0x0000000155448c00, 0x0000000114050000, 0x0000000114050800,
0x0000000143cbca00, 0x00000001560a6c00, 0x00000001540f4e00, 0x0000000113808200,
0x000000011380aa00, 0x00000001538f0800, 0x000000011380d400, 0x000000015505de00
}

Java Threads: ( => current thread )
  0x0000000133a17600 JavaThread "main"                              [_thread_in_native, id=259, stack(0x000000016ead0000,0x000000016fad0000) (16384K)]
  0x0000000101bfce00 JavaThread "Reference Handler"          daemon [_thread_blocked, id=28419, stack(0x0000000307d2c000,0x0000000307f2f000) (2060K)]
  0x0000000133bd3800 JavaThread "Finalizer"                  daemon [_thread_blocked, id=27907, stack(0x000000032f624000,0x000000032f827000) (2060K)]
  0x0000000133bd4200 JavaThread "Signal Dispatcher"          daemon [_thread_blocked, id=27395, stack(0x000000032f830000,0x000000032fa33000) (2060K)]
  0x0000000101c07800 JavaThread "Service Thread"             daemon [_thread_blocked, id=26883, stack(0x000000032fa3c000,0x000000032fc3f000) (2060K)]
  0x0000000101bfb600 JavaThread "Monitor Deflation Thread"   daemon [_thread_blocked, id=24835, stack(0x000000032fc48000,0x000000032fe4b000) (2060K)]
  0x0000000101c00200 JavaThread "C2 CompilerThread0"         daemon [_thread_blocked, id=25091, stack(0x000000032fe54000,0x0000000330057000) (2060K)]
  0x0000000101c00a00 JavaThread "C1 CompilerThread0"         daemon [_thread_blocked, id=25347, stack(0x0000000330060000,0x0000000330263000) (2060K)]
  0x00000001551c7c00 JavaThread "Notification Thread"        daemon [_thread_blocked, id=25859, stack(0x000000033026c000,0x000000033046f000) (2060K)]
  0x0000000101c01200 JavaThread "Common-Cleaner"             daemon [_thread_blocked, id=32771, stack(0x0000000330478000,0x000000033067b000) (2060K)]
  0x0000000143afca00 JavaThread "Python Reference Queue"     daemon [_thread_blocked, id=43011, stack(0x0000000330684000,0x0000000330887000) (2060K)]
  0x0000000143cb9400 JavaThread "Timer-0"                    daemon [_thread_blocked, id=35843, stack(0x0000000331afc000,0x0000000331cff000) (2060K)]
  0x0000000114012000 JavaThread "ForkJoinPool-1-worker-15"   daemon [_thread_blocked, id=62983, stack(0x000000033232c000,0x000000033252f000) (2060K)]
  0x0000000155488800 JavaThread "ForkJoinPool-1-worker-16"   daemon [_thread_blocked, id=36871, stack(0x0000000332538000,0x000000033273b000) (2060K)]
  0x0000000114012800 JavaThread "ForkJoinPool-1-worker-17"   daemon [_thread_blocked, id=46855, stack(0x0000000332744000,0x0000000332947000) (2060K)]
  0x0000000143c1de00 JavaThread "ForkJoinPool-1-worker-18"   daemon [_thread_blocked, id=39175, stack(0x0000000332950000,0x0000000332b53000) (2060K)]
  0x00000001560de200 JavaThread "ForkJoinPool-1-worker-21"   daemon [_thread_blocked, id=46087, stack(0x0000000332b5c000,0x0000000332d5f000) (2060K)]
  0x0000000114016e00 JavaThread "ForkJoinPool-1-worker-20"   daemon [_thread_blocked, id=39431, stack(0x0000000332d68000,0x0000000332f6b000) (2060K)]
  0x0000000155447c00 JavaThread "ForkJoinPool-1-worker-19"   daemon [_thread_blocked, id=45319, stack(0x0000000332f74000,0x0000000333177000) (2060K)]
  0x0000000155448400 JavaThread "ForkJoinPool-1-worker-22"   daemon [_thread_blocked, id=65287, stack(0x0000000333180000,0x0000000333383000) (2060K)]
  0x0000000114017600 JavaThread "ForkJoinPool-1-worker-23"   daemon [_thread_blocked, id=64007, stack(0x000000033338c000,0x000000033358f000) (2060K)]
  0x0000000155448c00 JavaThread "ForkJoinPool-1-worker-24"   daemon [_thread_blocked, id=37895, stack(0x0000000333598000,0x000000033379b000) (2060K)]
  0x0000000114050000 JavaThread "ForkJoinPool.commonPool-worker-12" daemon [_thread_blocked, id=63495, stack(0x00000003337a4000,0x00000003339a7000) (2060K)]
  0x0000000114050800 JavaThread "ForkJoinPool.commonPool-worker-13" daemon [_thread_blocked, id=44551, stack(0x00000003339b0000,0x0000000333bb3000) (2060K)]
  0x0000000143cbca00 JavaThread "ForkJoinPool.commonPool-worker-14" daemon [_thread_blocked, id=47879, stack(0x0000000333bbc000,0x0000000333dbf000) (2060K)]
  0x00000001560a6c00 JavaThread "ForkJoinPool.commonPool-worker-16" daemon [_thread_blocked, id=45575, stack(0x0000000333fd4000,0x00000003341d7000) (2060K)]
  0x00000001540f4e00 JavaThread "ForkJoinPool.commonPool-worker-17" daemon [_thread_blocked, id=43527, stack(0x00000003341e0000,0x00000003343e3000) (2060K)]
  0x0000000113808200 JavaThread "ForkJoinPool.commonPool-worker-18" daemon [_thread_blocked, id=47623, stack(0x00000003343ec000,0x00000003345ef000) (2060K)]
  0x000000011380aa00 JavaThread "ForkJoinPool.commonPool-worker-19" daemon [_thread_blocked, id=38919, stack(0x00000003345f8000,0x00000003347fb000) (2060K)]
  0x00000001538f0800 JavaThread "ForkJoinPool.commonPool-worker-20" daemon [_thread_blocked, id=47111, stack(0x0000000334804000,0x0000000334a07000) (2060K)]
  0x000000011380d400 JavaThread "ForkJoinPool.commonPool-worker-22" daemon [_thread_blocked, id=36103, stack(0x0000000334c1c000,0x0000000334e1f000) (2060K)]
=>0x000000015505de00 JavaThread "SIGTERM handler"            daemon [_thread_in_native, id=40459, stack(0x0000000331d08000,0x0000000331f0b000) (2060K)]
Total: 32

Other Threads:
  0x0000000106cfb5f0 VMThread "VM Thread"                           [id=18435, stack(0x0000000307a94000,0x0000000307c97000) (2060K)]
  0x00000001063685c0 WatcherThread "VM Periodic Task Thread"        [id=19715, stack(0x0000000307888000,0x0000000307a8b000) (2060K)]
  0x0000000105e97f50 WorkerThread "GC Thread#0"                     [id=13315, stack(0x000000016fd90000,0x000000016ff93000) (2060K)]
  0x0000000104bff1c0 WorkerThread "GC Thread#1"                     [id=33027, stack(0x0000000330890000,0x0000000330a93000) (2060K)]
  0x0000000104bffaa0 WorkerThread "GC Thread#2"                     [id=42499, stack(0x0000000330a9c000,0x0000000330c9f000) (2060K)]
  0x0000000107b04490 WorkerThread "GC Thread#3"                     [id=33795, stack(0x0000000330ca8000,0x0000000330eab000) (2060K)]
  0x0000000107b04e20 WorkerThread "GC Thread#4"                     [id=34051, stack(0x0000000330eb4000,0x00000003310b7000) (2060K)]
  0x0000000107980f50 WorkerThread "GC Thread#5"                     [id=41987, stack(0x00000003310c0000,0x00000003312c3000) (2060K)]
  0x0000000103d25010 WorkerThread "GC Thread#6"                     [id=34563, stack(0x00000003312cc000,0x00000003314cf000) (2060K)]
  0x0000000103d25710 WorkerThread "GC Thread#7"                     [id=34819, stack(0x00000003314d8000,0x00000003316db000) (2060K)]
  0x0000000104bdd610 WorkerThread "GC Thread#8"                     [id=35075, stack(0x00000003316e4000,0x00000003318e7000) (2060K)]
  0x0000000107b322a0 WorkerThread "GC Thread#9"                     [id=35587, stack(0x00000003318f0000,0x0000000331af3000) (2060K)]
  0x0000000105e98e90 ConcurrentGCThread "G1 Main Marker"            [id=16387, stack(0x0000000307058000,0x000000030725b000) (2060K)]
  0x0000000105e99cb0 WorkerThread "G1 Conc#0"                       [id=20739, stack(0x0000000307264000,0x0000000307467000) (2060K)]
  0x0000000143aea400 ConcurrentGCThread "G1 Refine#0"               [id=20483, stack(0x0000000307470000,0x0000000307673000) (2060K)]
  0x0000000106cef440 ConcurrentGCThread "G1 Service"                [id=19971, stack(0x000000030767c000,0x000000030787f000) (2060K)]
Total: 16

Threads with active compile tasks:
Total: 0

VM state: not at safepoint (normal execution)

VM Mutex/Monitor currently owned by a thread: None

Heap address: 0x0000000600000000, size: 8192 MB, Compressed Oops mode: Zero based, Oop shift amount: 3

CDS archive(s) mapped at: [0x0000008800000000-0x0000008800c94000-0x0000008800c94000), size 13189120, SharedBaseAddress: 0x0000008800000000, ArchiveRelocationMode: 1.
Compressed class space mapped at: 0x0000008801000000-0x0000008841000000, reserved size: 1073741824
Narrow klass base: 0x0000008800000000, Narrow klass shift: 0, Narrow klass range: 0x100000000

GC Precious Log:
 CardTable entry size: 512
 Card Set container configuration: InlinePtr #cards 4 size 8 Array Of Cards #cards 32 size 80 Howl #buckets 8 coarsen threshold 7372 Howl Bitmap #cards 1024 size 144 coarsen threshold 921 Card regions per heap region 1 cards per card region 8192
 CPUs: 12 total, 12 available
 Memory: 24576M
 Large Page Support: Disabled
 NUMA Support: Disabled
 Compressed Oops: Enabled (Zero based)
 Heap Region Size: 4M
 Heap Min Capacity: 4G
 Heap Initial Capacity: 4G
 Heap Max Capacity: 8G
 Pre-touch: Disabled
 Parallel Workers: 10
 Concurrent Workers: 3
 Concurrent Refinement Workers: 10
 Periodic GC: Disabled

Heap:
 garbage-first heap   total 4194304K, used 50864K [0x0000000600000000, 0x0000000800000000)
  region size 4096K, 6 young (24576K), 1 survivors (4096K)
 Metaspace       used 8919K, committed 9280K, reserved 1114112K
  class space    used 792K, committed 960K, reserved 1048576K

Heap Regions: E=young(eden), S=young(survivor), O=old, HS=humongous(starts), HC=humongous(continues), CS=collection set, F=free, TAMS=top-at-mark-start, PB=parsable bottom
|   0|0x0000000600000000, 0x00000006000a1b90, 0x0000000600400000| 15%| O|  |TAMS 0x0000000600000000| PB 0x0000000600000000| Untracked 
|   1|0x0000000600400000, 0x00000006006814e8, 0x0000000600800000| 62%| O|  |TAMS 0x0000000600400000| PB 0x0000000600400000| Untracked 
|   2|0x0000000600800000, 0x0000000600ad4910, 0x0000000600c00000| 70%| O|  |TAMS 0x0000000600800000| PB 0x0000000600800000| Untracked 
|   3|0x0000000600c00000, 0x0000000600fd8488, 0x0000000601000000| 96%| O|  |TAMS 0x0000000600c00000| PB 0x0000000600c00000| Untracked 
|   4|0x0000000601000000, 0x0000000601372c40, 0x0000000601400000| 86%| O|  |TAMS 0x0000000601000000| PB 0x0000000601000000| Untracked 
|   5|0x0000000601400000, 0x00000006015d4050, 0x0000000601800000| 45%| O|  |TAMS 0x0000000601400000| PB 0x0000000601400000| Untracked 
|   6|0x0000000601800000, 0x0000000601bfd3e8, 0x0000000601c00000| 99%| O|  |TAMS 0x0000000601800000| PB 0x0000000601800000| Untracked 
|   7|0x0000000601c00000, 0x0000000601cd9b88, 0x0000000602000000| 21%| O|  |TAMS 0x0000000601c00000| PB 0x0000000601c00000| Untracked 
|   8|0x0000000602000000, 0x00000006023fffe8, 0x0000000602400000| 99%| O|  |TAMS 0x0000000602000000| PB 0x0000000602000000| Untracked 
|   9|0x0000000602400000, 0x00000006027ffd80, 0x0000000602800000| 99%| O|  |TAMS 0x0000000602400000| PB 0x0000000602400000| Untracked 
|  10|0x0000000602800000, 0x00000006028969c8, 0x0000000602c00000| 14%| O|  |TAMS 0x0000000602800000| PB 0x0000000602800000| Untracked 
|  11|0x0000000602c00000, 0x0000000602c00000, 0x0000000603000000|  0%| F|  |TAMS 0x0000000602c00000| PB 0x0000000602c00000| Untracked 
|  12|0x0000000603000000, 0x0000000603000000, 0x0000000603400000|  0%| F|  |TAMS 0x0000000603000000| PB 0x0000000603000000| Untracked 
|  13|0x0000000603400000, 0x0000000603400000, 0x0000000603800000|  0%| F|  |TAMS 0x0000000603400000| PB 0x0000000603400000| Untracked 
|  14|0x0000000603800000, 0x0000000603800000, 0x0000000603c00000|  0%| F|  |TAMS 0x0000000603800000| PB 0x0000000603800000| Untracked 
|  15|0x0000000603c00000, 0x0000000603c00000, 0x0000000604000000|  0%| F|  |TAMS 0x0000000603c00000| PB 0x0000000603c00000| Untracked 
|  16|0x0000000604000000, 0x0000000604000000, 0x0000000604400000|  0%| F|  |TAMS 0x0000000604000000| PB 0x0000000604000000| Untracked 
|  17|0x0000000604400000, 0x0000000604400000, 0x0000000604800000|  0%| F|  |TAMS 0x0000000604400000| PB 0x0000000604400000| Untracked 
|  18|0x0000000604800000, 0x0000000604800000, 0x0000000604c00000|  0%| F|  |TAMS 0x0000000604800000| PB 0x0000000604800000| Untracked 
|  19|0x0000000604c00000, 0x0000000604dc5e90, 0x0000000605000000| 44%| O|  |TAMS 0x0000000604c00000| PB 0x0000000604c00000| Untracked 
|  20|0x0000000605000000, 0x0000000605000000, 0x0000000605400000|  0%| F|  |TAMS 0x0000000605000000| PB 0x0000000605000000| Untracked 
|  21|0x0000000605400000, 0x0000000605400000, 0x0000000605800000|  0%| F|  |TAMS 0x0000000605400000| PB 0x0000000605400000| Untracked 
|  22|0x0000000605800000, 0x0000000605800000, 0x0000000605c00000|  0%| F|  |TAMS 0x0000000605800000| PB 0x0000000605800000| Untracked 
|  23|0x0000000605c00000, 0x0000000605c00000, 0x0000000606000000|  0%| F|  |TAMS 0x0000000605c00000| PB 0x0000000605c00000| Untracked 
|  24|0x0000000606000000, 0x0000000606000000, 0x0000000606400000|  0%| F|  |TAMS 0x0000000606000000| PB 0x0000000606000000| Untracked 
|  25|0x0000000606400000, 0x0000000606400000, 0x0000000606800000|  0%| F|  |TAMS 0x0000000606400000| PB 0x0000000606400000| Untracked 
|  26|0x0000000606800000, 0x0000000606800000, 0x0000000606c00000|  0%| F|  |TAMS 0x0000000606800000| PB 0x0000000606800000| Untracked 
|  27|0x0000000606c00000, 0x0000000606c00000, 0x0000000607000000|  0%| F|  |TAMS 0x0000000606c00000| PB 0x0000000606c00000| Untracked 
|  28|0x0000000607000000, 0x0000000607000000, 0x0000000607400000|  0%| F|  |TAMS 0x0000000607000000| PB 0x0000000607000000| Untracked 
|  29|0x0000000607400000, 0x0000000607400000, 0x0000000607800000|  0%| F|  |TAMS 0x0000000607400000| PB 0x0000000607400000| Untracked 
|  30|0x0000000607800000, 0x0000000607800000, 0x0000000607c00000|  0%| F|  |TAMS 0x0000000607800000| PB 0x0000000607800000| Untracked 
|  31|0x0000000607c00000, 0x0000000607c00000, 0x0000000608000000|  0%| F|  |TAMS 0x0000000607c00000| PB 0x0000000607c00000| Untracked 
|  32|0x0000000608000000, 0x0000000608000000, 0x0000000608400000|  0%| F|  |TAMS 0x0000000608000000| PB 0x0000000608000000| Untracked 
|  33|0x0000000608400000, 0x0000000608400000, 0x0000000608800000|  0%| F|  |TAMS 0x0000000608400000| PB 0x0000000608400000| Untracked 
|  34|0x0000000608800000, 0x0000000608800000, 0x0000000608c00000|  0%| F|  |TAMS 0x0000000608800000| PB 0x0000000608800000| Untracked 
|  35|0x0000000608c00000, 0x0000000608c00000, 0x0000000609000000|  0%| F|  |TAMS 0x0000000608c00000| PB 0x0000000608c00000| Untracked 
|  36|0x0000000609000000, 0x0000000609000000, 0x0000000609400000|  0%| F|  |TAMS 0x0000000609000000| PB 0x0000000609000000| Untracked 
|  37|0x0000000609400000, 0x0000000609400000, 0x0000000609800000|  0%| F|  |TAMS 0x0000000609400000| PB 0x0000000609400000| Untracked 
|  38|0x0000000609800000, 0x0000000609800000, 0x0000000609c00000|  0%| F|  |TAMS 0x0000000609800000| PB 0x0000000609800000| Untracked 
|  39|0x0000000609c00000, 0x0000000609c00000, 0x000000060a000000|  0%| F|  |TAMS 0x0000000609c00000| PB 0x0000000609c00000| Untracked 
|  40|0x000000060a000000, 0x000000060a000000, 0x000000060a400000|  0%| F|  |TAMS 0x000000060a000000| PB 0x000000060a000000| Untracked 
|  41|0x000000060a400000, 0x000000060a400000, 0x000000060a800000|  0%| F|  |TAMS 0x000000060a400000| PB 0x000000060a400000| Untracked 
|  42|0x000000060a800000, 0x000000060a800000, 0x000000060ac00000|  0%| F|  |TAMS 0x000000060a800000| PB 0x000000060a800000| Untracked 
|  43|0x000000060ac00000, 0x000000060ac00000, 0x000000060b000000|  0%| F|  |TAMS 0x000000060ac00000| PB 0x000000060ac00000| Untracked 
|  44|0x000000060b000000, 0x000000060b000000, 0x000000060b400000|  0%| F|  |TAMS 0x000000060b000000| PB 0x000000060b000000| Untracked 
|  45|0x000000060b400000, 0x000000060b400000, 0x000000060b800000|  0%| F|  |TAMS 0x000000060b400000| PB 0x000000060b400000| Untracked 
|  46|0x000000060b800000, 0x000000060b800000, 0x000000060bc00000|  0%| F|  |TAMS 0x000000060b800000| PB 0x000000060b800000| Untracked 
|  47|0x000000060bc00000, 0x000000060bc00000, 0x000000060c000000|  0%| F|  |TAMS 0x000000060bc00000| PB 0x000000060bc00000| Untracked 
|  48|0x000000060c000000, 0x000000060c000000, 0x000000060c400000|  0%| F|  |TAMS 0x000000060c000000| PB 0x000000060c000000| Untracked 
|  49|0x000000060c400000, 0x000000060c400000, 0x000000060c800000|  0%| F|  |TAMS 0x000000060c400000| PB 0x000000060c400000| Untracked 
|  50|0x000000060c800000, 0x000000060c800000, 0x000000060cc00000|  0%| F|  |TAMS 0x000000060c800000| PB 0x000000060c800000| Untracked 
|  51|0x000000060cc00000, 0x000000060cc00000, 0x000000060d000000|  0%| F|  |TAMS 0x000000060cc00000| PB 0x000000060cc00000| Untracked 
|  52|0x000000060d000000, 0x000000060d000000, 0x000000060d400000|  0%| F|  |TAMS 0x000000060d000000| PB 0x000000060d000000| Untracked 
|  53|0x000000060d400000, 0x000000060d400000, 0x000000060d800000|  0%| F|  |TAMS 0x000000060d400000| PB 0x000000060d400000| Untracked 
|  54|0x000000060d800000, 0x000000060d800000, 0x000000060dc00000|  0%| F|  |TAMS 0x000000060d800000| PB 0x000000060d800000| Untracked 
|  55|0x000000060dc00000, 0x000000060dc00000, 0x000000060e000000|  0%| F|  |TAMS 0x000000060dc00000| PB 0x000000060dc00000| Untracked 
|  56|0x000000060e000000, 0x000000060e000000, 0x000000060e400000|  0%| F|  |TAMS 0x000000060e000000| PB 0x000000060e000000| Untracked 
|  57|0x000000060e400000, 0x000000060e400000, 0x000000060e800000|  0%| F|  |TAMS 0x000000060e400000| PB 0x000000060e400000| Untracked 
|  58|0x000000060e800000, 0x000000060e800000, 0x000000060ec00000|  0%| F|  |TAMS 0x000000060e800000| PB 0x000000060e800000| Untracked 
|  59|0x000000060ec00000, 0x000000060ec00000, 0x000000060f000000|  0%| F|  |TAMS 0x000000060ec00000| PB 0x000000060ec00000| Untracked 
|  60|0x000000060f000000, 0x000000060f000000, 0x000000060f400000|  0%| F|  |TAMS 0x000000060f000000| PB 0x000000060f000000| Untracked 
|  61|0x000000060f400000, 0x000000060f400000, 0x000000060f800000|  0%| F|  |TAMS 0x000000060f400000| PB 0x000000060f400000| Untracked 
|  62|0x000000060f800000, 0x000000060f800000, 0x000000060fc00000|  0%| F|  |TAMS 0x000000060f800000| PB 0x000000060f800000| Untracked 
|  63|0x000000060fc00000, 0x000000060fc00000, 0x0000000610000000|  0%| F|  |TAMS 0x000000060fc00000| PB 0x000000060fc00000| Untracked 
|  64|0x0000000610000000, 0x0000000610000000, 0x0000000610400000|  0%| F|  |TAMS 0x0000000610000000| PB 0x0000000610000000| Untracked 
|  65|0x0000000610400000, 0x0000000610400000, 0x0000000610800000|  0%| F|  |TAMS 0x0000000610400000| PB 0x0000000610400000| Untracked 
|  66|0x0000000610800000, 0x0000000610800000, 0x0000000610c00000|  0%| F|  |TAMS 0x0000000610800000| PB 0x0000000610800000| Untracked 
|  67|0x0000000610c00000, 0x0000000610c00000, 0x0000000611000000|  0%| F|  |TAMS 0x0000000610c00000| PB 0x0000000610c00000| Untracked 
|  68|0x0000000611000000, 0x0000000611000000, 0x0000000611400000|  0%| F|  |TAMS 0x0000000611000000| PB 0x0000000611000000| Untracked 
|  69|0x0000000611400000, 0x0000000611400000, 0x0000000611800000|  0%| F|  |TAMS 0x0000000611400000| PB 0x0000000611400000| Untracked 
|  70|0x0000000611800000, 0x0000000611800000, 0x0000000611c00000|  0%| F|  |TAMS 0x0000000611800000| PB 0x0000000611800000| Untracked 
|  71|0x0000000611c00000, 0x0000000611c00000, 0x0000000612000000|  0%| F|  |TAMS 0x0000000611c00000| PB 0x0000000611c00000| Untracked 
|  72|0x0000000612000000, 0x0000000612000000, 0x0000000612400000|  0%| F|  |TAMS 0x0000000612000000| PB 0x0000000612000000| Untracked 
|  73|0x0000000612400000, 0x0000000612400000, 0x0000000612800000|  0%| F|  |TAMS 0x0000000612400000| PB 0x0000000612400000| Untracked 
|  74|0x0000000612800000, 0x0000000612800000, 0x0000000612c00000|  0%| F|  |TAMS 0x0000000612800000| PB 0x0000000612800000| Untracked 
|  75|0x0000000612c00000, 0x0000000612c00000, 0x0000000613000000|  0%| F|  |TAMS 0x0000000612c00000| PB 0x0000000612c00000| Untracked 
|  76|0x0000000613000000, 0x0000000613000000, 0x0000000613400000|  0%| F|  |TAMS 0x0000000613000000| PB 0x0000000613000000| Untracked 
|  77|0x0000000613400000, 0x0000000613400000, 0x0000000613800000|  0%| F|  |TAMS 0x0000000613400000| PB 0x0000000613400000| Untracked 
|  78|0x0000000613800000, 0x0000000613800000, 0x0000000613c00000|  0%| F|  |TAMS 0x0000000613800000| PB 0x0000000613800000| Untracked 
|  79|0x0000000613c00000, 0x0000000613c00000, 0x0000000614000000|  0%| F|  |TAMS 0x0000000613c00000| PB 0x0000000613c00000| Untracked 
|  80|0x0000000614000000, 0x0000000614000000, 0x0000000614400000|  0%| F|  |TAMS 0x0000000614000000| PB 0x0000000614000000| Untracked 
|  81|0x0000000614400000, 0x0000000614400000, 0x0000000614800000|  0%| F|  |TAMS 0x0000000614400000| PB 0x0000000614400000| Untracked 
|  82|0x0000000614800000, 0x0000000614800000, 0x0000000614c00000|  0%| F|  |TAMS 0x0000000614800000| PB 0x0000000614800000| Untracked 
|  83|0x0000000614c00000, 0x0000000614c00000, 0x0000000615000000|  0%| F|  |TAMS 0x0000000614c00000| PB 0x0000000614c00000| Untracked 
|  84|0x0000000615000000, 0x0000000615000000, 0x0000000615400000|  0%| F|  |TAMS 0x0000000615000000| PB 0x0000000615000000| Untracked 
|  85|0x0000000615400000, 0x0000000615400000, 0x0000000615800000|  0%| F|  |TAMS 0x0000000615400000| PB 0x0000000615400000| Untracked 
|  86|0x0000000615800000, 0x0000000615800000, 0x0000000615c00000|  0%| F|  |TAMS 0x0000000615800000| PB 0x0000000615800000| Untracked 
|  87|0x0000000615c00000, 0x0000000615c00000, 0x0000000616000000|  0%| F|  |TAMS 0x0000000615c00000| PB 0x0000000615c00000| Untracked 
|  88|0x0000000616000000, 0x0000000616000000, 0x0000000616400000|  0%| F|  |TAMS 0x0000000616000000| PB 0x0000000616000000| Untracked 
|  89|0x0000000616400000, 0x0000000616400000, 0x0000000616800000|  0%| F|  |TAMS 0x0000000616400000| PB 0x0000000616400000| Untracked 
|  90|0x0000000616800000, 0x0000000616800000, 0x0000000616c00000|  0%| F|  |TAMS 0x0000000616800000| PB 0x0000000616800000| Untracked 
|  91|0x0000000616c00000, 0x0000000616c00000, 0x0000000617000000|  0%| F|  |TAMS 0x0000000616c00000| PB 0x0000000616c00000| Untracked 
|  92|0x0000000617000000, 0x0000000617000000, 0x0000000617400000|  0%| F|  |TAMS 0x0000000617000000| PB 0x0000000617000000| Untracked 
|  93|0x0000000617400000, 0x0000000617400000, 0x0000000617800000|  0%| F|  |TAMS 0x0000000617400000| PB 0x0000000617400000| Untracked 
|  94|0x0000000617800000, 0x0000000617800000, 0x0000000617c00000|  0%| F|  |TAMS 0x0000000617800000| PB 0x0000000617800000| Untracked 
|  95|0x0000000617c00000, 0x0000000617c00000, 0x0000000618000000|  0%| F|  |TAMS 0x0000000617c00000| PB 0x0000000617c00000| Untracked 
|  96|0x0000000618000000, 0x0000000618000000, 0x0000000618400000|  0%| F|  |TAMS 0x0000000618000000| PB 0x0000000618000000| Untracked 
|  97|0x0000000618400000, 0x0000000618400000, 0x0000000618800000|  0%| F|  |TAMS 0x0000000618400000| PB 0x0000000618400000| Untracked 
|  98|0x0000000618800000, 0x0000000618800000, 0x0000000618c00000|  0%| F|  |TAMS 0x0000000618800000| PB 0x0000000618800000| Untracked 
|  99|0x0000000618c00000, 0x0000000618c00000, 0x0000000619000000|  0%| F|  |TAMS 0x0000000618c00000| PB 0x0000000618c00000| Untracked 
| 100|0x0000000619000000, 0x0000000619000000, 0x0000000619400000|  0%| F|  |TAMS 0x0000000619000000| PB 0x0000000619000000| Untracked 
| 101|0x0000000619400000, 0x0000000619400000, 0x0000000619800000|  0%| F|  |TAMS 0x0000000619400000| PB 0x0000000619400000| Untracked 
| 102|0x0000000619800000, 0x0000000619800000, 0x0000000619c00000|  0%| F|  |TAMS 0x0000000619800000| PB 0x0000000619800000| Untracked 
| 103|0x0000000619c00000, 0x0000000619c00000, 0x000000061a000000|  0%| F|  |TAMS 0x0000000619c00000| PB 0x0000000619c00000| Untracked 
| 104|0x000000061a000000, 0x000000061a000000, 0x000000061a400000|  0%| F|  |TAMS 0x000000061a000000| PB 0x000000061a000000| Untracked 
| 105|0x000000061a400000, 0x000000061a400000, 0x000000061a800000|  0%| F|  |TAMS 0x000000061a400000| PB 0x000000061a400000| Untracked 
| 106|0x000000061a800000, 0x000000061a800000, 0x000000061ac00000|  0%| F|  |TAMS 0x000000061a800000| PB 0x000000061a800000| Untracked 
| 107|0x000000061ac00000, 0x000000061ac00000, 0x000000061b000000|  0%| F|  |TAMS 0x000000061ac00000| PB 0x000000061ac00000| Untracked 
| 108|0x000000061b000000, 0x000000061b000000, 0x000000061b400000|  0%| F|  |TAMS 0x000000061b000000| PB 0x000000061b000000| Untracked 
| 109|0x000000061b400000, 0x000000061b400000, 0x000000061b800000|  0%| F|  |TAMS 0x000000061b400000| PB 0x000000061b400000| Untracked 
| 110|0x000000061b800000, 0x000000061b800000, 0x000000061bc00000|  0%| F|  |TAMS 0x000000061b800000| PB 0x000000061b800000| Untracked 
| 111|0x000000061bc00000, 0x000000061bc00000, 0x000000061c000000|  0%| F|  |TAMS 0x000000061bc00000| PB 0x000000061bc00000| Untracked 
| 112|0x000000061c000000, 0x000000061c000000, 0x000000061c400000|  0%| F|  |TAMS 0x000000061c000000| PB 0x000000061c000000| Untracked 
| 113|0x000000061c400000, 0x000000061c400000, 0x000000061c800000|  0%| F|  |TAMS 0x000000061c400000| PB 0x000000061c400000| Untracked 
| 114|0x000000061c800000, 0x000000061c800000, 0x000000061cc00000|  0%| F|  |TAMS 0x000000061c800000| PB 0x000000061c800000| Untracked 
| 115|0x000000061cc00000, 0x000000061cc00000, 0x000000061d000000|  0%| F|  |TAMS 0x000000061cc00000| PB 0x000000061cc00000| Untracked 
| 116|0x000000061d000000, 0x000000061d000000, 0x000000061d400000|  0%| F|  |TAMS 0x000000061d000000| PB 0x000000061d000000| Untracked 
| 117|0x000000061d400000, 0x000000061d400000, 0x000000061d800000|  0%| F|  |TAMS 0x000000061d400000| PB 0x000000061d400000| Untracked 
| 118|0x000000061d800000, 0x000000061d800000, 0x000000061dc00000|  0%| F|  |TAMS 0x000000061d800000| PB 0x000000061d800000| Untracked 
| 119|0x000000061dc00000, 0x000000061dc00000, 0x000000061e000000|  0%| F|  |TAMS 0x000000061dc00000| PB 0x000000061dc00000| Untracked 
| 120|0x000000061e000000, 0x000000061e000000, 0x000000061e400000|  0%| F|  |TAMS 0x000000061e000000| PB 0x000000061e000000| Untracked 
| 121|0x000000061e400000, 0x000000061e400000, 0x000000061e800000|  0%| F|  |TAMS 0x000000061e400000| PB 0x000000061e400000| Untracked 
| 122|0x000000061e800000, 0x000000061e800000, 0x000000061ec00000|  0%| F|  |TAMS 0x000000061e800000| PB 0x000000061e800000| Untracked 
| 123|0x000000061ec00000, 0x000000061ec00000, 0x000000061f000000|  0%| F|  |TAMS 0x000000061ec00000| PB 0x000000061ec00000| Untracked 
| 124|0x000000061f000000, 0x000000061f000000, 0x000000061f400000|  0%| F|  |TAMS 0x000000061f000000| PB 0x000000061f000000| Untracked 
| 125|0x000000061f400000, 0x000000061f400000, 0x000000061f800000|  0%| F|  |TAMS 0x000000061f400000| PB 0x000000061f400000| Untracked 
| 126|0x000000061f800000, 0x000000061f800000, 0x000000061fc00000|  0%| F|  |TAMS 0x000000061f800000| PB 0x000000061f800000| Untracked 
| 127|0x000000061fc00000, 0x000000061fc00000, 0x0000000620000000|  0%| F|  |TAMS 0x000000061fc00000| PB 0x000000061fc00000| Untracked 
| 128|0x0000000620000000, 0x0000000620000000, 0x0000000620400000|  0%| F|  |TAMS 0x0000000620000000| PB 0x0000000620000000| Untracked 
| 129|0x0000000620400000, 0x0000000620400000, 0x0000000620800000|  0%| F|  |TAMS 0x0000000620400000| PB 0x0000000620400000| Untracked 
| 130|0x0000000620800000, 0x0000000620800000, 0x0000000620c00000|  0%| F|  |TAMS 0x0000000620800000| PB 0x0000000620800000| Untracked 
| 131|0x0000000620c00000, 0x0000000620c00000, 0x0000000621000000|  0%| F|  |TAMS 0x0000000620c00000| PB 0x0000000620c00000| Untracked 
| 132|0x0000000621000000, 0x0000000621000000, 0x0000000621400000|  0%| F|  |TAMS 0x0000000621000000| PB 0x0000000621000000| Untracked 
| 133|0x0000000621400000, 0x0000000621400000, 0x0000000621800000|  0%| F|  |TAMS 0x0000000621400000| PB 0x0000000621400000| Untracked 
| 134|0x0000000621800000, 0x0000000621800000, 0x0000000621c00000|  0%| F|  |TAMS 0x0000000621800000| PB 0x0000000621800000| Untracked 
| 135|0x0000000621c00000, 0x0000000621c00000, 0x0000000622000000|  0%| F|  |TAMS 0x0000000621c00000| PB 0x0000000621c00000| Untracked 
| 136|0x0000000622000000, 0x0000000622000000, 0x0000000622400000|  0%| F|  |TAMS 0x0000000622000000| PB 0x0000000622000000| Untracked 
| 137|0x0000000622400000, 0x0000000622400000, 0x0000000622800000|  0%| F|  |TAMS 0x0000000622400000| PB 0x0000000622400000| Untracked 
| 138|0x0000000622800000, 0x0000000622800000, 0x0000000622c00000|  0%| F|  |TAMS 0x0000000622800000| PB 0x0000000622800000| Untracked 
| 139|0x0000000622c00000, 0x0000000622c00000, 0x0000000623000000|  0%| F|  |TAMS 0x0000000622c00000| PB 0x0000000622c00000| Untracked 
| 140|0x0000000623000000, 0x0000000623000000, 0x0000000623400000|  0%| F|  |TAMS 0x0000000623000000| PB 0x0000000623000000| Untracked 
| 141|0x0000000623400000, 0x0000000623400000, 0x0000000623800000|  0%| F|  |TAMS 0x0000000623400000| PB 0x0000000623400000| Untracked 
| 142|0x0000000623800000, 0x0000000623800000, 0x0000000623c00000|  0%| F|  |TAMS 0x0000000623800000| PB 0x0000000623800000| Untracked 
| 143|0x0000000623c00000, 0x0000000623c00000, 0x0000000624000000|  0%| F|  |TAMS 0x0000000623c00000| PB 0x0000000623c00000| Untracked 
| 144|0x0000000624000000, 0x0000000624000000, 0x0000000624400000|  0%| F|  |TAMS 0x0000000624000000| PB 0x0000000624000000| Untracked 
| 145|0x0000000624400000, 0x0000000624400000, 0x0000000624800000|  0%| F|  |TAMS 0x0000000624400000| PB 0x0000000624400000| Untracked 
| 146|0x0000000624800000, 0x0000000624800000, 0x0000000624c00000|  0%| F|  |TAMS 0x0000000624800000| PB 0x0000000624800000| Untracked 
| 147|0x0000000624c00000, 0x0000000624c00000, 0x0000000625000000|  0%| F|  |TAMS 0x0000000624c00000| PB 0x0000000624c00000| Untracked 
| 148|0x0000000625000000, 0x0000000625000000, 0x0000000625400000|  0%| F|  |TAMS 0x0000000625000000| PB 0x0000000625000000| Untracked 
| 149|0x0000000625400000, 0x0000000625400000, 0x0000000625800000|  0%| F|  |TAMS 0x0000000625400000| PB 0x0000000625400000| Untracked 
| 150|0x0000000625800000, 0x0000000625800000, 0x0000000625c00000|  0%| F|  |TAMS 0x0000000625800000| PB 0x0000000625800000| Untracked 
| 151|0x0000000625c00000, 0x0000000625c00000, 0x0000000626000000|  0%| F|  |TAMS 0x0000000625c00000| PB 0x0000000625c00000| Untracked 
| 152|0x0000000626000000, 0x0000000626000000, 0x0000000626400000|  0%| F|  |TAMS 0x0000000626000000| PB 0x0000000626000000| Untracked 
| 153|0x0000000626400000, 0x0000000626400000, 0x0000000626800000|  0%| F|  |TAMS 0x0000000626400000| PB 0x0000000626400000| Untracked 
| 154|0x0000000626800000, 0x0000000626800000, 0x0000000626c00000|  0%| F|  |TAMS 0x0000000626800000| PB 0x0000000626800000| Untracked 
| 155|0x0000000626c00000, 0x0000000626c00000, 0x0000000627000000|  0%| F|  |TAMS 0x0000000626c00000| PB 0x0000000626c00000| Untracked 
| 156|0x0000000627000000, 0x0000000627000000, 0x0000000627400000|  0%| F|  |TAMS 0x0000000627000000| PB 0x0000000627000000| Untracked 
| 157|0x0000000627400000, 0x0000000627400000, 0x0000000627800000|  0%| F|  |TAMS 0x0000000627400000| PB 0x0000000627400000| Untracked 
| 158|0x0000000627800000, 0x0000000627800000, 0x0000000627c00000|  0%| F|  |TAMS 0x0000000627800000| PB 0x0000000627800000| Untracked 
| 159|0x0000000627c00000, 0x0000000627c00000, 0x0000000628000000|  0%| F|  |TAMS 0x0000000627c00000| PB 0x0000000627c00000| Untracked 
| 160|0x0000000628000000, 0x0000000628000000, 0x0000000628400000|  0%| F|  |TAMS 0x0000000628000000| PB 0x0000000628000000| Untracked 
| 161|0x0000000628400000, 0x0000000628400000, 0x0000000628800000|  0%| F|  |TAMS 0x0000000628400000| PB 0x0000000628400000| Untracked 
| 162|0x0000000628800000, 0x0000000628800000, 0x0000000628c00000|  0%| F|  |TAMS 0x0000000628800000| PB 0x0000000628800000| Untracked 
| 163|0x0000000628c00000, 0x0000000628c00000, 0x0000000629000000|  0%| F|  |TAMS 0x0000000628c00000| PB 0x0000000628c00000| Untracked 
| 164|0x0000000629000000, 0x0000000629000000, 0x0000000629400000|  0%| F|  |TAMS 0x0000000629000000| PB 0x0000000629000000| Untracked 
| 165|0x0000000629400000, 0x0000000629400000, 0x0000000629800000|  0%| F|  |TAMS 0x0000000629400000| PB 0x0000000629400000| Untracked 
| 166|0x0000000629800000, 0x0000000629800000, 0x0000000629c00000|  0%| F|  |TAMS 0x0000000629800000| PB 0x0000000629800000| Untracked 
| 167|0x0000000629c00000, 0x0000000629c00000, 0x000000062a000000|  0%| F|  |TAMS 0x0000000629c00000| PB 0x0000000629c00000| Untracked 
| 168|0x000000062a000000, 0x000000062a000000, 0x000000062a400000|  0%| F|  |TAMS 0x000000062a000000| PB 0x000000062a000000| Untracked 
| 169|0x000000062a400000, 0x000000062a400000, 0x000000062a800000|  0%| F|  |TAMS 0x000000062a400000| PB 0x000000062a400000| Untracked 
| 170|0x000000062a800000, 0x000000062a800000, 0x000000062ac00000|  0%| F|  |TAMS 0x000000062a800000| PB 0x000000062a800000| Untracked 
| 171|0x000000062ac00000, 0x000000062ac00000, 0x000000062b000000|  0%| F|  |TAMS 0x000000062ac00000| PB 0x000000062ac00000| Untracked 
| 172|0x000000062b000000, 0x000000062b000000, 0x000000062b400000|  0%| F|  |TAMS 0x000000062b000000| PB 0x000000062b000000| Untracked 
| 173|0x000000062b400000, 0x000000062b400000, 0x000000062b800000|  0%| F|  |TAMS 0x000000062b400000| PB 0x000000062b400000| Untracked 
| 174|0x000000062b800000, 0x000000062b800000, 0x000000062bc00000|  0%| F|  |TAMS 0x000000062b800000| PB 0x000000062b800000| Untracked 
| 175|0x000000062bc00000, 0x000000062bc00000, 0x000000062c000000|  0%| F|  |TAMS 0x000000062bc00000| PB 0x000000062bc00000| Untracked 
| 176|0x000000062c000000, 0x000000062c000000, 0x000000062c400000|  0%| F|  |TAMS 0x000000062c000000| PB 0x000000062c000000| Untracked 
| 177|0x000000062c400000, 0x000000062c400000, 0x000000062c800000|  0%| F|  |TAMS 0x000000062c400000| PB 0x000000062c400000| Untracked 
| 178|0x000000062c800000, 0x000000062c800000, 0x000000062cc00000|  0%| F|  |TAMS 0x000000062c800000| PB 0x000000062c800000| Untracked 
| 179|0x000000062cc00000, 0x000000062cc00000, 0x000000062d000000|  0%| F|  |TAMS 0x000000062cc00000| PB 0x000000062cc00000| Untracked 
| 180|0x000000062d000000, 0x000000062d000000, 0x000000062d400000|  0%| F|  |TAMS 0x000000062d000000| PB 0x000000062d000000| Untracked 
| 181|0x000000062d400000, 0x000000062d400000, 0x000000062d800000|  0%| F|  |TAMS 0x000000062d400000| PB 0x000000062d400000| Untracked 
| 182|0x000000062d800000, 0x000000062d800000, 0x000000062dc00000|  0%| F|  |TAMS 0x000000062d800000| PB 0x000000062d800000| Untracked 
| 183|0x000000062dc00000, 0x000000062dc00000, 0x000000062e000000|  0%| F|  |TAMS 0x000000062dc00000| PB 0x000000062dc00000| Untracked 
| 184|0x000000062e000000, 0x000000062e000000, 0x000000062e400000|  0%| F|  |TAMS 0x000000062e000000| PB 0x000000062e000000| Untracked 
| 185|0x000000062e400000, 0x000000062e400000, 0x000000062e800000|  0%| F|  |TAMS 0x000000062e400000| PB 0x000000062e400000| Untracked 
| 186|0x000000062e800000, 0x000000062e800000, 0x000000062ec00000|  0%| F|  |TAMS 0x000000062e800000| PB 0x000000062e800000| Untracked 
| 187|0x000000062ec00000, 0x000000062ec00000, 0x000000062f000000|  0%| F|  |TAMS 0x000000062ec00000| PB 0x000000062ec00000| Untracked 
| 188|0x000000062f000000, 0x000000062f000000, 0x000000062f400000|  0%| F|  |TAMS 0x000000062f000000| PB 0x000000062f000000| Untracked 
| 189|0x000000062f400000, 0x000000062f400000, 0x000000062f800000|  0%| F|  |TAMS 0x000000062f400000| PB 0x000000062f400000| Untracked 
| 190|0x000000062f800000, 0x000000062f800000, 0x000000062fc00000|  0%| F|  |TAMS 0x000000062f800000| PB 0x000000062f800000| Untracked 
| 191|0x000000062fc00000, 0x000000062fc00000, 0x0000000630000000|  0%| F|  |TAMS 0x000000062fc00000| PB 0x000000062fc00000| Untracked 
| 192|0x0000000630000000, 0x0000000630000000, 0x0000000630400000|  0%| F|  |TAMS 0x0000000630000000| PB 0x0000000630000000| Untracked 
| 193|0x0000000630400000, 0x0000000630400000, 0x0000000630800000|  0%| F|  |TAMS 0x0000000630400000| PB 0x0000000630400000| Untracked 
| 194|0x0000000630800000, 0x0000000630800000, 0x0000000630c00000|  0%| F|  |TAMS 0x0000000630800000| PB 0x0000000630800000| Untracked 
| 195|0x0000000630c00000, 0x0000000630c00000, 0x0000000631000000|  0%| F|  |TAMS 0x0000000630c00000| PB 0x0000000630c00000| Untracked 
| 196|0x0000000631000000, 0x0000000631000000, 0x0000000631400000|  0%| F|  |TAMS 0x0000000631000000| PB 0x0000000631000000| Untracked 
| 197|0x0000000631400000, 0x0000000631400000, 0x0000000631800000|  0%| F|  |TAMS 0x0000000631400000| PB 0x0000000631400000| Untracked 
| 198|0x0000000631800000, 0x0000000631800000, 0x0000000631c00000|  0%| F|  |TAMS 0x0000000631800000| PB 0x0000000631800000| Untracked 
| 199|0x0000000631c00000, 0x0000000631c00000, 0x0000000632000000|  0%| F|  |TAMS 0x0000000631c00000| PB 0x0000000631c00000| Untracked 
| 200|0x0000000632000000, 0x0000000632000000, 0x0000000632400000|  0%| F|  |TAMS 0x0000000632000000| PB 0x0000000632000000| Untracked 
| 201|0x0000000632400000, 0x0000000632400000, 0x0000000632800000|  0%| F|  |TAMS 0x0000000632400000| PB 0x0000000632400000| Untracked 
| 202|0x0000000632800000, 0x0000000632800000, 0x0000000632c00000|  0%| F|  |TAMS 0x0000000632800000| PB 0x0000000632800000| Untracked 
| 203|0x0000000632c00000, 0x0000000632c00000, 0x0000000633000000|  0%| F|  |TAMS 0x0000000632c00000| PB 0x0000000632c00000| Untracked 
| 204|0x0000000633000000, 0x0000000633000000, 0x0000000633400000|  0%| F|  |TAMS 0x0000000633000000| PB 0x0000000633000000| Untracked 
| 205|0x0000000633400000, 0x0000000633400000, 0x0000000633800000|  0%| F|  |TAMS 0x0000000633400000| PB 0x0000000633400000| Untracked 
| 206|0x0000000633800000, 0x0000000633800000, 0x0000000633c00000|  0%| F|  |TAMS 0x0000000633800000| PB 0x0000000633800000| Untracked 
| 207|0x0000000633c00000, 0x0000000633c00000, 0x0000000634000000|  0%| F|  |TAMS 0x0000000633c00000| PB 0x0000000633c00000| Untracked 
| 208|0x0000000634000000, 0x0000000634000000, 0x0000000634400000|  0%| F|  |TAMS 0x0000000634000000| PB 0x0000000634000000| Untracked 
| 209|0x0000000634400000, 0x0000000634400000, 0x0000000634800000|  0%| F|  |TAMS 0x0000000634400000| PB 0x0000000634400000| Untracked 
| 210|0x0000000634800000, 0x0000000634800000, 0x0000000634c00000|  0%| F|  |TAMS 0x0000000634800000| PB 0x0000000634800000| Untracked 
| 211|0x0000000634c00000, 0x0000000634c00000, 0x0000000635000000|  0%| F|  |TAMS 0x0000000634c00000| PB 0x0000000634c00000| Untracked 
| 212|0x0000000635000000, 0x0000000635000000, 0x0000000635400000|  0%| F|  |TAMS 0x0000000635000000| PB 0x0000000635000000| Untracked 
| 213|0x0000000635400000, 0x0000000635400000, 0x0000000635800000|  0%| F|  |TAMS 0x0000000635400000| PB 0x0000000635400000| Untracked 
| 214|0x0000000635800000, 0x0000000635800000, 0x0000000635c00000|  0%| F|  |TAMS 0x0000000635800000| PB 0x0000000635800000| Untracked 
| 215|0x0000000635c00000, 0x0000000635c00000, 0x0000000636000000|  0%| F|  |TAMS 0x0000000635c00000| PB 0x0000000635c00000| Untracked 
| 216|0x0000000636000000, 0x0000000636000000, 0x0000000636400000|  0%| F|  |TAMS 0x0000000636000000| PB 0x0000000636000000| Untracked 
| 217|0x0000000636400000, 0x0000000636400000, 0x0000000636800000|  0%| F|  |TAMS 0x0000000636400000| PB 0x0000000636400000| Untracked 
| 218|0x0000000636800000, 0x0000000636800000, 0x0000000636c00000|  0%| F|  |TAMS 0x0000000636800000| PB 0x0000000636800000| Untracked 
| 219|0x0000000636c00000, 0x0000000636c00000, 0x0000000637000000|  0%| F|  |TAMS 0x0000000636c00000| PB 0x0000000636c00000| Untracked 
| 220|0x0000000637000000, 0x0000000637000000, 0x0000000637400000|  0%| F|  |TAMS 0x0000000637000000| PB 0x0000000637000000| Untracked 
| 221|0x0000000637400000, 0x0000000637400000, 0x0000000637800000|  0%| F|  |TAMS 0x0000000637400000| PB 0x0000000637400000| Untracked 
| 222|0x0000000637800000, 0x0000000637800000, 0x0000000637c00000|  0%| F|  |TAMS 0x0000000637800000| PB 0x0000000637800000| Untracked 
| 223|0x0000000637c00000, 0x0000000637c00000, 0x0000000638000000|  0%| F|  |TAMS 0x0000000637c00000| PB 0x0000000637c00000| Untracked 
| 224|0x0000000638000000, 0x0000000638000000, 0x0000000638400000|  0%| F|  |TAMS 0x0000000638000000| PB 0x0000000638000000| Untracked 
| 225|0x0000000638400000, 0x0000000638400000, 0x0000000638800000|  0%| F|  |TAMS 0x0000000638400000| PB 0x0000000638400000| Untracked 
| 226|0x0000000638800000, 0x0000000638800000, 0x0000000638c00000|  0%| F|  |TAMS 0x0000000638800000| PB 0x0000000638800000| Untracked 
| 227|0x0000000638c00000, 0x0000000638c00000, 0x0000000639000000|  0%| F|  |TAMS 0x0000000638c00000| PB 0x0000000638c00000| Untracked 
| 228|0x0000000639000000, 0x0000000639000000, 0x0000000639400000|  0%| F|  |TAMS 0x0000000639000000| PB 0x0000000639000000| Untracked 
| 229|0x0000000639400000, 0x0000000639400000, 0x0000000639800000|  0%| F|  |TAMS 0x0000000639400000| PB 0x0000000639400000| Untracked 
| 230|0x0000000639800000, 0x0000000639800000, 0x0000000639c00000|  0%| F|  |TAMS 0x0000000639800000| PB 0x0000000639800000| Untracked 
| 231|0x0000000639c00000, 0x0000000639c00000, 0x000000063a000000|  0%| F|  |TAMS 0x0000000639c00000| PB 0x0000000639c00000| Untracked 
| 232|0x000000063a000000, 0x000000063a000000, 0x000000063a400000|  0%| F|  |TAMS 0x000000063a000000| PB 0x000000063a000000| Untracked 
| 233|0x000000063a400000, 0x000000063a400000, 0x000000063a800000|  0%| F|  |TAMS 0x000000063a400000| PB 0x000000063a400000| Untracked 
| 234|0x000000063a800000, 0x000000063a800000, 0x000000063ac00000|  0%| F|  |TAMS 0x000000063a800000| PB 0x000000063a800000| Untracked 
| 235|0x000000063ac00000, 0x000000063ac00000, 0x000000063b000000|  0%| F|  |TAMS 0x000000063ac00000| PB 0x000000063ac00000| Untracked 
| 236|0x000000063b000000, 0x000000063b000000, 0x000000063b400000|  0%| F|  |TAMS 0x000000063b000000| PB 0x000000063b000000| Untracked 
| 237|0x000000063b400000, 0x000000063b400000, 0x000000063b800000|  0%| F|  |TAMS 0x000000063b400000| PB 0x000000063b400000| Untracked 
| 238|0x000000063b800000, 0x000000063b800000, 0x000000063bc00000|  0%| F|  |TAMS 0x000000063b800000| PB 0x000000063b800000| Untracked 
| 239|0x000000063bc00000, 0x000000063bc00000, 0x000000063c000000|  0%| F|  |TAMS 0x000000063bc00000| PB 0x000000063bc00000| Untracked 
| 240|0x000000063c000000, 0x000000063c000000, 0x000000063c400000|  0%| F|  |TAMS 0x000000063c000000| PB 0x000000063c000000| Untracked 
| 241|0x000000063c400000, 0x000000063c400000, 0x000000063c800000|  0%| F|  |TAMS 0x000000063c400000| PB 0x000000063c400000| Untracked 
| 242|0x000000063c800000, 0x000000063c800000, 0x000000063cc00000|  0%| F|  |TAMS 0x000000063c800000| PB 0x000000063c800000| Untracked 
| 243|0x000000063cc00000, 0x000000063cc00000, 0x000000063d000000|  0%| F|  |TAMS 0x000000063cc00000| PB 0x000000063cc00000| Untracked 
| 244|0x000000063d000000, 0x000000063d000000, 0x000000063d400000|  0%| F|  |TAMS 0x000000063d000000| PB 0x000000063d000000| Untracked 
| 245|0x000000063d400000, 0x000000063d400000, 0x000000063d800000|  0%| F|  |TAMS 0x000000063d400000| PB 0x000000063d400000| Untracked 
| 246|0x000000063d800000, 0x000000063d800000, 0x000000063dc00000|  0%| F|  |TAMS 0x000000063d800000| PB 0x000000063d800000| Untracked 
| 247|0x000000063dc00000, 0x000000063dc00000, 0x000000063e000000|  0%| F|  |TAMS 0x000000063dc00000| PB 0x000000063dc00000| Untracked 
| 248|0x000000063e000000, 0x000000063e000000, 0x000000063e400000|  0%| F|  |TAMS 0x000000063e000000| PB 0x000000063e000000| Untracked 
| 249|0x000000063e400000, 0x000000063e400000, 0x000000063e800000|  0%| F|  |TAMS 0x000000063e400000| PB 0x000000063e400000| Untracked 
| 250|0x000000063e800000, 0x000000063e800000, 0x000000063ec00000|  0%| F|  |TAMS 0x000000063e800000| PB 0x000000063e800000| Untracked 
| 251|0x000000063ec00000, 0x000000063ec00000, 0x000000063f000000|  0%| F|  |TAMS 0x000000063ec00000| PB 0x000000063ec00000| Untracked 
| 252|0x000000063f000000, 0x000000063f000000, 0x000000063f400000|  0%| F|  |TAMS 0x000000063f000000| PB 0x000000063f000000| Untracked 
| 253|0x000000063f400000, 0x000000063f400000, 0x000000063f800000|  0%| F|  |TAMS 0x000000063f400000| PB 0x000000063f400000| Untracked 
| 254|0x000000063f800000, 0x000000063f800000, 0x000000063fc00000|  0%| F|  |TAMS 0x000000063f800000| PB 0x000000063f800000| Untracked 
| 255|0x000000063fc00000, 0x000000063fc00000, 0x0000000640000000|  0%| F|  |TAMS 0x000000063fc00000| PB 0x000000063fc00000| Untracked 
| 256|0x0000000640000000, 0x0000000640000000, 0x0000000640400000|  0%| F|  |TAMS 0x0000000640000000| PB 0x0000000640000000| Untracked 
| 257|0x0000000640400000, 0x0000000640400000, 0x0000000640800000|  0%| F|  |TAMS 0x0000000640400000| PB 0x0000000640400000| Untracked 
| 258|0x0000000640800000, 0x0000000640800000, 0x0000000640c00000|  0%| F|  |TAMS 0x0000000640800000| PB 0x0000000640800000| Untracked 
| 259|0x0000000640c00000, 0x0000000640c00000, 0x0000000641000000|  0%| F|  |TAMS 0x0000000640c00000| PB 0x0000000640c00000| Untracked 
| 260|0x0000000641000000, 0x0000000641000000, 0x0000000641400000|  0%| F|  |TAMS 0x0000000641000000| PB 0x0000000641000000| Untracked 
| 261|0x0000000641400000, 0x0000000641400000, 0x0000000641800000|  0%| F|  |TAMS 0x0000000641400000| PB 0x0000000641400000| Untracked 
| 262|0x0000000641800000, 0x0000000641800000, 0x0000000641c00000|  0%| F|  |TAMS 0x0000000641800000| PB 0x0000000641800000| Untracked 
| 263|0x0000000641c00000, 0x0000000641c00000, 0x0000000642000000|  0%| F|  |TAMS 0x0000000641c00000| PB 0x0000000641c00000| Untracked 
| 264|0x0000000642000000, 0x0000000642000000, 0x0000000642400000|  0%| F|  |TAMS 0x0000000642000000| PB 0x0000000642000000| Untracked 
| 265|0x0000000642400000, 0x0000000642400000, 0x0000000642800000|  0%| F|  |TAMS 0x0000000642400000| PB 0x0000000642400000| Untracked 
| 266|0x0000000642800000, 0x0000000642800000, 0x0000000642c00000|  0%| F|  |TAMS 0x0000000642800000| PB 0x0000000642800000| Untracked 
| 267|0x0000000642c00000, 0x0000000642c00000, 0x0000000643000000|  0%| F|  |TAMS 0x0000000642c00000| PB 0x0000000642c00000| Untracked 
| 268|0x0000000643000000, 0x0000000643000000, 0x0000000643400000|  0%| F|  |TAMS 0x0000000643000000| PB 0x0000000643000000| Untracked 
| 269|0x0000000643400000, 0x0000000643400000, 0x0000000643800000|  0%| F|  |TAMS 0x0000000643400000| PB 0x0000000643400000| Untracked 
| 270|0x0000000643800000, 0x0000000643800000, 0x0000000643c00000|  0%| F|  |TAMS 0x0000000643800000| PB 0x0000000643800000| Untracked 
| 271|0x0000000643c00000, 0x0000000643c00000, 0x0000000644000000|  0%| F|  |TAMS 0x0000000643c00000| PB 0x0000000643c00000| Untracked 
| 272|0x0000000644000000, 0x0000000644000000, 0x0000000644400000|  0%| F|  |TAMS 0x0000000644000000| PB 0x0000000644000000| Untracked 
| 273|0x0000000644400000, 0x0000000644400000, 0x0000000644800000|  0%| F|  |TAMS 0x0000000644400000| PB 0x0000000644400000| Untracked 
| 274|0x0000000644800000, 0x0000000644800000, 0x0000000644c00000|  0%| F|  |TAMS 0x0000000644800000| PB 0x0000000644800000| Untracked 
| 275|0x0000000644c00000, 0x0000000644c00000, 0x0000000645000000|  0%| F|  |TAMS 0x0000000644c00000| PB 0x0000000644c00000| Untracked 
| 276|0x0000000645000000, 0x0000000645000000, 0x0000000645400000|  0%| F|  |TAMS 0x0000000645000000| PB 0x0000000645000000| Untracked 
| 277|0x0000000645400000, 0x0000000645400000, 0x0000000645800000|  0%| F|  |TAMS 0x0000000645400000| PB 0x0000000645400000| Untracked 
| 278|0x0000000645800000, 0x0000000645800000, 0x0000000645c00000|  0%| F|  |TAMS 0x0000000645800000| PB 0x0000000645800000| Untracked 
| 279|0x0000000645c00000, 0x0000000645c00000, 0x0000000646000000|  0%| F|  |TAMS 0x0000000645c00000| PB 0x0000000645c00000| Untracked 
| 280|0x0000000646000000, 0x0000000646000000, 0x0000000646400000|  0%| F|  |TAMS 0x0000000646000000| PB 0x0000000646000000| Untracked 
| 281|0x0000000646400000, 0x0000000646400000, 0x0000000646800000|  0%| F|  |TAMS 0x0000000646400000| PB 0x0000000646400000| Untracked 
| 282|0x0000000646800000, 0x0000000646800000, 0x0000000646c00000|  0%| F|  |TAMS 0x0000000646800000| PB 0x0000000646800000| Untracked 
| 283|0x0000000646c00000, 0x0000000646c00000, 0x0000000647000000|  0%| F|  |TAMS 0x0000000646c00000| PB 0x0000000646c00000| Untracked 
| 284|0x0000000647000000, 0x0000000647000000, 0x0000000647400000|  0%| F|  |TAMS 0x0000000647000000| PB 0x0000000647000000| Untracked 
| 285|0x0000000647400000, 0x0000000647400000, 0x0000000647800000|  0%| F|  |TAMS 0x0000000647400000| PB 0x0000000647400000| Untracked 
| 286|0x0000000647800000, 0x0000000647800000, 0x0000000647c00000|  0%| F|  |TAMS 0x0000000647800000| PB 0x0000000647800000| Untracked 
| 287|0x0000000647c00000, 0x0000000647c00000, 0x0000000648000000|  0%| F|  |TAMS 0x0000000647c00000| PB 0x0000000647c00000| Untracked 
| 288|0x0000000648000000, 0x0000000648000000, 0x0000000648400000|  0%| F|  |TAMS 0x0000000648000000| PB 0x0000000648000000| Untracked 
| 289|0x0000000648400000, 0x0000000648400000, 0x0000000648800000|  0%| F|  |TAMS 0x0000000648400000| PB 0x0000000648400000| Untracked 
| 290|0x0000000648800000, 0x0000000648800000, 0x0000000648c00000|  0%| F|  |TAMS 0x0000000648800000| PB 0x0000000648800000| Untracked 
| 291|0x0000000648c00000, 0x0000000648c00000, 0x0000000649000000|  0%| F|  |TAMS 0x0000000648c00000| PB 0x0000000648c00000| Untracked 
| 292|0x0000000649000000, 0x0000000649000000, 0x0000000649400000|  0%| F|  |TAMS 0x0000000649000000| PB 0x0000000649000000| Untracked 
| 293|0x0000000649400000, 0x0000000649400000, 0x0000000649800000|  0%| F|  |TAMS 0x0000000649400000| PB 0x0000000649400000| Untracked 
| 294|0x0000000649800000, 0x0000000649800000, 0x0000000649c00000|  0%| F|  |TAMS 0x0000000649800000| PB 0x0000000649800000| Untracked 
| 295|0x0000000649c00000, 0x0000000649c00000, 0x000000064a000000|  0%| F|  |TAMS 0x0000000649c00000| PB 0x0000000649c00000| Untracked 
| 296|0x000000064a000000, 0x000000064a000000, 0x000000064a400000|  0%| F|  |TAMS 0x000000064a000000| PB 0x000000064a000000| Untracked 
| 297|0x000000064a400000, 0x000000064a400000, 0x000000064a800000|  0%| F|  |TAMS 0x000000064a400000| PB 0x000000064a400000| Untracked 
| 298|0x000000064a800000, 0x000000064a800000, 0x000000064ac00000|  0%| F|  |TAMS 0x000000064a800000| PB 0x000000064a800000| Untracked 
| 299|0x000000064ac00000, 0x000000064ac00000, 0x000000064b000000|  0%| F|  |TAMS 0x000000064ac00000| PB 0x000000064ac00000| Untracked 
| 300|0x000000064b000000, 0x000000064b000000, 0x000000064b400000|  0%| F|  |TAMS 0x000000064b000000| PB 0x000000064b000000| Untracked 
| 301|0x000000064b400000, 0x000000064b400000, 0x000000064b800000|  0%| F|  |TAMS 0x000000064b400000| PB 0x000000064b400000| Untracked 
| 302|0x000000064b800000, 0x000000064b800000, 0x000000064bc00000|  0%| F|  |TAMS 0x000000064b800000| PB 0x000000064b800000| Untracked 
| 303|0x000000064bc00000, 0x000000064bc00000, 0x000000064c000000|  0%| F|  |TAMS 0x000000064bc00000| PB 0x000000064bc00000| Untracked 
| 304|0x000000064c000000, 0x000000064c000000, 0x000000064c400000|  0%| F|  |TAMS 0x000000064c000000| PB 0x000000064c000000| Untracked 
| 305|0x000000064c400000, 0x000000064c400000, 0x000000064c800000|  0%| F|  |TAMS 0x000000064c400000| PB 0x000000064c400000| Untracked 
| 306|0x000000064c800000, 0x000000064c800000, 0x000000064cc00000|  0%| F|  |TAMS 0x000000064c800000| PB 0x000000064c800000| Untracked 
| 307|0x000000064cc00000, 0x000000064cc00000, 0x000000064d000000|  0%| F|  |TAMS 0x000000064cc00000| PB 0x000000064cc00000| Untracked 
| 308|0x000000064d000000, 0x000000064d000000, 0x000000064d400000|  0%| F|  |TAMS 0x000000064d000000| PB 0x000000064d000000| Untracked 
| 309|0x000000064d400000, 0x000000064d400000, 0x000000064d800000|  0%| F|  |TAMS 0x000000064d400000| PB 0x000000064d400000| Untracked 
| 310|0x000000064d800000, 0x000000064d800000, 0x000000064dc00000|  0%| F|  |TAMS 0x000000064d800000| PB 0x000000064d800000| Untracked 
| 311|0x000000064dc00000, 0x000000064dc00000, 0x000000064e000000|  0%| F|  |TAMS 0x000000064dc00000| PB 0x000000064dc00000| Untracked 
| 312|0x000000064e000000, 0x000000064e000000, 0x000000064e400000|  0%| F|  |TAMS 0x000000064e000000| PB 0x000000064e000000| Untracked 
| 313|0x000000064e400000, 0x000000064e400000, 0x000000064e800000|  0%| F|  |TAMS 0x000000064e400000| PB 0x000000064e400000| Untracked 
| 314|0x000000064e800000, 0x000000064e800000, 0x000000064ec00000|  0%| F|  |TAMS 0x000000064e800000| PB 0x000000064e800000| Untracked 
| 315|0x000000064ec00000, 0x000000064ec00000, 0x000000064f000000|  0%| F|  |TAMS 0x000000064ec00000| PB 0x000000064ec00000| Untracked 
| 316|0x000000064f000000, 0x000000064f000000, 0x000000064f400000|  0%| F|  |TAMS 0x000000064f000000| PB 0x000000064f000000| Untracked 
| 317|0x000000064f400000, 0x000000064f400000, 0x000000064f800000|  0%| F|  |TAMS 0x000000064f400000| PB 0x000000064f400000| Untracked 
| 318|0x000000064f800000, 0x000000064f800000, 0x000000064fc00000|  0%| F|  |TAMS 0x000000064f800000| PB 0x000000064f800000| Untracked 
| 319|0x000000064fc00000, 0x000000064fc00000, 0x0000000650000000|  0%| F|  |TAMS 0x000000064fc00000| PB 0x000000064fc00000| Untracked 
| 320|0x0000000650000000, 0x0000000650000000, 0x0000000650400000|  0%| F|  |TAMS 0x0000000650000000| PB 0x0000000650000000| Untracked 
| 321|0x0000000650400000, 0x0000000650400000, 0x0000000650800000|  0%| F|  |TAMS 0x0000000650400000| PB 0x0000000650400000| Untracked 
| 322|0x0000000650800000, 0x0000000650800000, 0x0000000650c00000|  0%| F|  |TAMS 0x0000000650800000| PB 0x0000000650800000| Untracked 
| 323|0x0000000650c00000, 0x0000000650c00000, 0x0000000651000000|  0%| F|  |TAMS 0x0000000650c00000| PB 0x0000000650c00000| Untracked 
| 324|0x0000000651000000, 0x0000000651000000, 0x0000000651400000|  0%| F|  |TAMS 0x0000000651000000| PB 0x0000000651000000| Untracked 
| 325|0x0000000651400000, 0x0000000651400000, 0x0000000651800000|  0%| F|  |TAMS 0x0000000651400000| PB 0x0000000651400000| Untracked 
| 326|0x0000000651800000, 0x0000000651800000, 0x0000000651c00000|  0%| F|  |TAMS 0x0000000651800000| PB 0x0000000651800000| Untracked 
| 327|0x0000000651c00000, 0x0000000651c00000, 0x0000000652000000|  0%| F|  |TAMS 0x0000000651c00000| PB 0x0000000651c00000| Untracked 
| 328|0x0000000652000000, 0x0000000652000000, 0x0000000652400000|  0%| F|  |TAMS 0x0000000652000000| PB 0x0000000652000000| Untracked 
| 329|0x0000000652400000, 0x0000000652400000, 0x0000000652800000|  0%| F|  |TAMS 0x0000000652400000| PB 0x0000000652400000| Untracked 
| 330|0x0000000652800000, 0x0000000652800000, 0x0000000652c00000|  0%| F|  |TAMS 0x0000000652800000| PB 0x0000000652800000| Untracked 
| 331|0x0000000652c00000, 0x0000000652c00000, 0x0000000653000000|  0%| F|  |TAMS 0x0000000652c00000| PB 0x0000000652c00000| Untracked 
| 332|0x0000000653000000, 0x0000000653000000, 0x0000000653400000|  0%| F|  |TAMS 0x0000000653000000| PB 0x0000000653000000| Untracked 
| 333|0x0000000653400000, 0x0000000653400000, 0x0000000653800000|  0%| F|  |TAMS 0x0000000653400000| PB 0x0000000653400000| Untracked 
| 334|0x0000000653800000, 0x0000000653800000, 0x0000000653c00000|  0%| F|  |TAMS 0x0000000653800000| PB 0x0000000653800000| Untracked 
| 335|0x0000000653c00000, 0x0000000653c00000, 0x0000000654000000|  0%| F|  |TAMS 0x0000000653c00000| PB 0x0000000653c00000| Untracked 
| 336|0x0000000654000000, 0x0000000654000000, 0x0000000654400000|  0%| F|  |TAMS 0x0000000654000000| PB 0x0000000654000000| Untracked 
| 337|0x0000000654400000, 0x0000000654400000, 0x0000000654800000|  0%| F|  |TAMS 0x0000000654400000| PB 0x0000000654400000| Untracked 
| 338|0x0000000654800000, 0x0000000654800000, 0x0000000654c00000|  0%| F|  |TAMS 0x0000000654800000| PB 0x0000000654800000| Untracked 
| 339|0x0000000654c00000, 0x0000000654c00000, 0x0000000655000000|  0%| F|  |TAMS 0x0000000654c00000| PB 0x0000000654c00000| Untracked 
| 340|0x0000000655000000, 0x0000000655000000, 0x0000000655400000|  0%| F|  |TAMS 0x0000000655000000| PB 0x0000000655000000| Untracked 
| 341|0x0000000655400000, 0x0000000655400000, 0x0000000655800000|  0%| F|  |TAMS 0x0000000655400000| PB 0x0000000655400000| Untracked 
| 342|0x0000000655800000, 0x0000000655800000, 0x0000000655c00000|  0%| F|  |TAMS 0x0000000655800000| PB 0x0000000655800000| Untracked 
| 343|0x0000000655c00000, 0x0000000655c00000, 0x0000000656000000|  0%| F|  |TAMS 0x0000000655c00000| PB 0x0000000655c00000| Untracked 
| 344|0x0000000656000000, 0x0000000656000000, 0x0000000656400000|  0%| F|  |TAMS 0x0000000656000000| PB 0x0000000656000000| Untracked 
| 345|0x0000000656400000, 0x0000000656400000, 0x0000000656800000|  0%| F|  |TAMS 0x0000000656400000| PB 0x0000000656400000| Untracked 
| 346|0x0000000656800000, 0x0000000656800000, 0x0000000656c00000|  0%| F|  |TAMS 0x0000000656800000| PB 0x0000000656800000| Untracked 
| 347|0x0000000656c00000, 0x0000000656c00000, 0x0000000657000000|  0%| F|  |TAMS 0x0000000656c00000| PB 0x0000000656c00000| Untracked 
| 348|0x0000000657000000, 0x0000000657000000, 0x0000000657400000|  0%| F|  |TAMS 0x0000000657000000| PB 0x0000000657000000| Untracked 
| 349|0x0000000657400000, 0x0000000657400000, 0x0000000657800000|  0%| F|  |TAMS 0x0000000657400000| PB 0x0000000657400000| Untracked 
| 350|0x0000000657800000, 0x0000000657800000, 0x0000000657c00000|  0%| F|  |TAMS 0x0000000657800000| PB 0x0000000657800000| Untracked 
| 351|0x0000000657c00000, 0x0000000657c00000, 0x0000000658000000|  0%| F|  |TAMS 0x0000000657c00000| PB 0x0000000657c00000| Untracked 
| 352|0x0000000658000000, 0x0000000658000000, 0x0000000658400000|  0%| F|  |TAMS 0x0000000658000000| PB 0x0000000658000000| Untracked 
| 353|0x0000000658400000, 0x0000000658400000, 0x0000000658800000|  0%| F|  |TAMS 0x0000000658400000| PB 0x0000000658400000| Untracked 
| 354|0x0000000658800000, 0x0000000658800000, 0x0000000658c00000|  0%| F|  |TAMS 0x0000000658800000| PB 0x0000000658800000| Untracked 
| 355|0x0000000658c00000, 0x0000000658c00000, 0x0000000659000000|  0%| F|  |TAMS 0x0000000658c00000| PB 0x0000000658c00000| Untracked 
| 356|0x0000000659000000, 0x0000000659000000, 0x0000000659400000|  0%| F|  |TAMS 0x0000000659000000| PB 0x0000000659000000| Untracked 
| 357|0x0000000659400000, 0x0000000659400000, 0x0000000659800000|  0%| F|  |TAMS 0x0000000659400000| PB 0x0000000659400000| Untracked 
| 358|0x0000000659800000, 0x0000000659800000, 0x0000000659c00000|  0%| F|  |TAMS 0x0000000659800000| PB 0x0000000659800000| Untracked 
| 359|0x0000000659c00000, 0x0000000659c00000, 0x000000065a000000|  0%| F|  |TAMS 0x0000000659c00000| PB 0x0000000659c00000| Untracked 
| 360|0x000000065a000000, 0x000000065a000000, 0x000000065a400000|  0%| F|  |TAMS 0x000000065a000000| PB 0x000000065a000000| Untracked 
| 361|0x000000065a400000, 0x000000065a400000, 0x000000065a800000|  0%| F|  |TAMS 0x000000065a400000| PB 0x000000065a400000| Untracked 
| 362|0x000000065a800000, 0x000000065a800000, 0x000000065ac00000|  0%| F|  |TAMS 0x000000065a800000| PB 0x000000065a800000| Untracked 
| 363|0x000000065ac00000, 0x000000065ac00000, 0x000000065b000000|  0%| F|  |TAMS 0x000000065ac00000| PB 0x000000065ac00000| Untracked 
| 364|0x000000065b000000, 0x000000065b000000, 0x000000065b400000|  0%| F|  |TAMS 0x000000065b000000| PB 0x000000065b000000| Untracked 
| 365|0x000000065b400000, 0x000000065b400000, 0x000000065b800000|  0%| F|  |TAMS 0x000000065b400000| PB 0x000000065b400000| Untracked 
| 366|0x000000065b800000, 0x000000065b800000, 0x000000065bc00000|  0%| F|  |TAMS 0x000000065b800000| PB 0x000000065b800000| Untracked 
| 367|0x000000065bc00000, 0x000000065bc00000, 0x000000065c000000|  0%| F|  |TAMS 0x000000065bc00000| PB 0x000000065bc00000| Untracked 
| 368|0x000000065c000000, 0x000000065c000000, 0x000000065c400000|  0%| F|  |TAMS 0x000000065c000000| PB 0x000000065c000000| Untracked 
| 369|0x000000065c400000, 0x000000065c400000, 0x000000065c800000|  0%| F|  |TAMS 0x000000065c400000| PB 0x000000065c400000| Untracked 
| 370|0x000000065c800000, 0x000000065c800000, 0x000000065cc00000|  0%| F|  |TAMS 0x000000065c800000| PB 0x000000065c800000| Untracked 
| 371|0x000000065cc00000, 0x000000065cc00000, 0x000000065d000000|  0%| F|  |TAMS 0x000000065cc00000| PB 0x000000065cc00000| Untracked 
| 372|0x000000065d000000, 0x000000065d000000, 0x000000065d400000|  0%| F|  |TAMS 0x000000065d000000| PB 0x000000065d000000| Untracked 
| 373|0x000000065d400000, 0x000000065d400000, 0x000000065d800000|  0%| F|  |TAMS 0x000000065d400000| PB 0x000000065d400000| Untracked 
| 374|0x000000065d800000, 0x000000065d800000, 0x000000065dc00000|  0%| F|  |TAMS 0x000000065d800000| PB 0x000000065d800000| Untracked 
| 375|0x000000065dc00000, 0x000000065dc00000, 0x000000065e000000|  0%| F|  |TAMS 0x000000065dc00000| PB 0x000000065dc00000| Untracked 
| 376|0x000000065e000000, 0x000000065e000000, 0x000000065e400000|  0%| F|  |TAMS 0x000000065e000000| PB 0x000000065e000000| Untracked 
| 377|0x000000065e400000, 0x000000065e400000, 0x000000065e800000|  0%| F|  |TAMS 0x000000065e400000| PB 0x000000065e400000| Untracked 
| 378|0x000000065e800000, 0x000000065e800000, 0x000000065ec00000|  0%| F|  |TAMS 0x000000065e800000| PB 0x000000065e800000| Untracked 
| 379|0x000000065ec00000, 0x000000065ec00000, 0x000000065f000000|  0%| F|  |TAMS 0x000000065ec00000| PB 0x000000065ec00000| Untracked 
| 380|0x000000065f000000, 0x000000065f000000, 0x000000065f400000|  0%| F|  |TAMS 0x000000065f000000| PB 0x000000065f000000| Untracked 
| 381|0x000000065f400000, 0x000000065f400000, 0x000000065f800000|  0%| F|  |TAMS 0x000000065f400000| PB 0x000000065f400000| Untracked 
| 382|0x000000065f800000, 0x000000065f800000, 0x000000065fc00000|  0%| F|  |TAMS 0x000000065f800000| PB 0x000000065f800000| Untracked 
| 383|0x000000065fc00000, 0x000000065fc00000, 0x0000000660000000|  0%| F|  |TAMS 0x000000065fc00000| PB 0x000000065fc00000| Untracked 
| 384|0x0000000660000000, 0x0000000660000000, 0x0000000660400000|  0%| F|  |TAMS 0x0000000660000000| PB 0x0000000660000000| Untracked 
| 385|0x0000000660400000, 0x0000000660400000, 0x0000000660800000|  0%| F|  |TAMS 0x0000000660400000| PB 0x0000000660400000| Untracked 
| 386|0x0000000660800000, 0x0000000660800000, 0x0000000660c00000|  0%| F|  |TAMS 0x0000000660800000| PB 0x0000000660800000| Untracked 
| 387|0x0000000660c00000, 0x0000000660c00000, 0x0000000661000000|  0%| F|  |TAMS 0x0000000660c00000| PB 0x0000000660c00000| Untracked 
| 388|0x0000000661000000, 0x0000000661000000, 0x0000000661400000|  0%| F|  |TAMS 0x0000000661000000| PB 0x0000000661000000| Untracked 
| 389|0x0000000661400000, 0x0000000661400000, 0x0000000661800000|  0%| F|  |TAMS 0x0000000661400000| PB 0x0000000661400000| Untracked 
| 390|0x0000000661800000, 0x0000000661800000, 0x0000000661c00000|  0%| F|  |TAMS 0x0000000661800000| PB 0x0000000661800000| Untracked 
| 391|0x0000000661c00000, 0x0000000661c00000, 0x0000000662000000|  0%| F|  |TAMS 0x0000000661c00000| PB 0x0000000661c00000| Untracked 
| 392|0x0000000662000000, 0x0000000662000000, 0x0000000662400000|  0%| F|  |TAMS 0x0000000662000000| PB 0x0000000662000000| Untracked 
| 393|0x0000000662400000, 0x0000000662400000, 0x0000000662800000|  0%| F|  |TAMS 0x0000000662400000| PB 0x0000000662400000| Untracked 
| 394|0x0000000662800000, 0x0000000662800000, 0x0000000662c00000|  0%| F|  |TAMS 0x0000000662800000| PB 0x0000000662800000| Untracked 
| 395|0x0000000662c00000, 0x0000000662c00000, 0x0000000663000000|  0%| F|  |TAMS 0x0000000662c00000| PB 0x0000000662c00000| Untracked 
| 396|0x0000000663000000, 0x0000000663000000, 0x0000000663400000|  0%| F|  |TAMS 0x0000000663000000| PB 0x0000000663000000| Untracked 
| 397|0x0000000663400000, 0x0000000663400000, 0x0000000663800000|  0%| F|  |TAMS 0x0000000663400000| PB 0x0000000663400000| Untracked 
| 398|0x0000000663800000, 0x0000000663800000, 0x0000000663c00000|  0%| F|  |TAMS 0x0000000663800000| PB 0x0000000663800000| Untracked 
| 399|0x0000000663c00000, 0x0000000663c00000, 0x0000000664000000|  0%| F|  |TAMS 0x0000000663c00000| PB 0x0000000663c00000| Untracked 
| 400|0x0000000664000000, 0x0000000664000000, 0x0000000664400000|  0%| F|  |TAMS 0x0000000664000000| PB 0x0000000664000000| Untracked 
| 401|0x0000000664400000, 0x0000000664400000, 0x0000000664800000|  0%| F|  |TAMS 0x0000000664400000| PB 0x0000000664400000| Untracked 
| 402|0x0000000664800000, 0x0000000664800000, 0x0000000664c00000|  0%| F|  |TAMS 0x0000000664800000| PB 0x0000000664800000| Untracked 
| 403|0x0000000664c00000, 0x0000000664c00000, 0x0000000665000000|  0%| F|  |TAMS 0x0000000664c00000| PB 0x0000000664c00000| Untracked 
| 404|0x0000000665000000, 0x0000000665000000, 0x0000000665400000|  0%| F|  |TAMS 0x0000000665000000| PB 0x0000000665000000| Untracked 
| 405|0x0000000665400000, 0x0000000665400000, 0x0000000665800000|  0%| F|  |TAMS 0x0000000665400000| PB 0x0000000665400000| Untracked 
| 406|0x0000000665800000, 0x0000000665800000, 0x0000000665c00000|  0%| F|  |TAMS 0x0000000665800000| PB 0x0000000665800000| Untracked 
| 407|0x0000000665c00000, 0x0000000665c00000, 0x0000000666000000|  0%| F|  |TAMS 0x0000000665c00000| PB 0x0000000665c00000| Untracked 
| 408|0x0000000666000000, 0x0000000666000000, 0x0000000666400000|  0%| F|  |TAMS 0x0000000666000000| PB 0x0000000666000000| Untracked 
| 409|0x0000000666400000, 0x0000000666762400, 0x0000000666800000| 84%| S|CS|TAMS 0x0000000666400000| PB 0x0000000666400000| Complete 
| 410|0x0000000666800000, 0x0000000666800000, 0x0000000666c00000|  0%| F|  |TAMS 0x0000000666800000| PB 0x0000000666800000| Untracked 
| 411|0x0000000666c00000, 0x0000000666c00000, 0x0000000667000000|  0%| F|  |TAMS 0x0000000666c00000| PB 0x0000000666c00000| Untracked 
| 412|0x0000000667000000, 0x0000000667000000, 0x0000000667400000|  0%| F|  |TAMS 0x0000000667000000| PB 0x0000000667000000| Untracked 
| 413|0x0000000667400000, 0x0000000667400000, 0x0000000667800000|  0%| F|  |TAMS 0x0000000667400000| PB 0x0000000667400000| Untracked 
| 414|0x0000000667800000, 0x0000000667800000, 0x0000000667c00000|  0%| F|  |TAMS 0x0000000667800000| PB 0x0000000667800000| Untracked 
| 415|0x0000000667c00000, 0x0000000667c00000, 0x0000000668000000|  0%| F|  |TAMS 0x0000000667c00000| PB 0x0000000667c00000| Untracked 
| 416|0x0000000668000000, 0x0000000668000000, 0x0000000668400000|  0%| F|  |TAMS 0x0000000668000000| PB 0x0000000668000000| Untracked 
| 417|0x0000000668400000, 0x0000000668400000, 0x0000000668800000|  0%| F|  |TAMS 0x0000000668400000| PB 0x0000000668400000| Untracked 
| 418|0x0000000668800000, 0x0000000668800000, 0x0000000668c00000|  0%| F|  |TAMS 0x0000000668800000| PB 0x0000000668800000| Untracked 
| 419|0x0000000668c00000, 0x0000000668c00000, 0x0000000669000000|  0%| F|  |TAMS 0x0000000668c00000| PB 0x0000000668c00000| Untracked 
| 420|0x0000000669000000, 0x0000000669000000, 0x0000000669400000|  0%| F|  |TAMS 0x0000000669000000| PB 0x0000000669000000| Untracked 
| 421|0x0000000669400000, 0x0000000669400000, 0x0000000669800000|  0%| F|  |TAMS 0x0000000669400000| PB 0x0000000669400000| Untracked 
| 422|0x0000000669800000, 0x0000000669800000, 0x0000000669c00000|  0%| F|  |TAMS 0x0000000669800000| PB 0x0000000669800000| Untracked 
| 423|0x0000000669c00000, 0x0000000669c00000, 0x000000066a000000|  0%| F|  |TAMS 0x0000000669c00000| PB 0x0000000669c00000| Untracked 
| 424|0x000000066a000000, 0x000000066a000000, 0x000000066a400000|  0%| F|  |TAMS 0x000000066a000000| PB 0x000000066a000000| Untracked 
| 425|0x000000066a400000, 0x000000066a400000, 0x000000066a800000|  0%| F|  |TAMS 0x000000066a400000| PB 0x000000066a400000| Untracked 
| 426|0x000000066a800000, 0x000000066a800000, 0x000000066ac00000|  0%| F|  |TAMS 0x000000066a800000| PB 0x000000066a800000| Untracked 
| 427|0x000000066ac00000, 0x000000066ac00000, 0x000000066b000000|  0%| F|  |TAMS 0x000000066ac00000| PB 0x000000066ac00000| Untracked 
| 428|0x000000066b000000, 0x000000066b000000, 0x000000066b400000|  0%| F|  |TAMS 0x000000066b000000| PB 0x000000066b000000| Untracked 
| 429|0x000000066b400000, 0x000000066b400000, 0x000000066b800000|  0%| F|  |TAMS 0x000000066b400000| PB 0x000000066b400000| Untracked 
| 430|0x000000066b800000, 0x000000066b800000, 0x000000066bc00000|  0%| F|  |TAMS 0x000000066b800000| PB 0x000000066b800000| Untracked 
| 431|0x000000066bc00000, 0x000000066bc00000, 0x000000066c000000|  0%| F|  |TAMS 0x000000066bc00000| PB 0x000000066bc00000| Untracked 
| 432|0x000000066c000000, 0x000000066c000000, 0x000000066c400000|  0%| F|  |TAMS 0x000000066c000000| PB 0x000000066c000000| Untracked 
| 433|0x000000066c400000, 0x000000066c400000, 0x000000066c800000|  0%| F|  |TAMS 0x000000066c400000| PB 0x000000066c400000| Untracked 
| 434|0x000000066c800000, 0x000000066c800000, 0x000000066cc00000|  0%| F|  |TAMS 0x000000066c800000| PB 0x000000066c800000| Untracked 
| 435|0x000000066cc00000, 0x000000066cc00000, 0x000000066d000000|  0%| F|  |TAMS 0x000000066cc00000| PB 0x000000066cc00000| Untracked 
| 436|0x000000066d000000, 0x000000066d000000, 0x000000066d400000|  0%| F|  |TAMS 0x000000066d000000| PB 0x000000066d000000| Untracked 
| 437|0x000000066d400000, 0x000000066d400000, 0x000000066d800000|  0%| F|  |TAMS 0x000000066d400000| PB 0x000000066d400000| Untracked 
| 438|0x000000066d800000, 0x000000066d800000, 0x000000066dc00000|  0%| F|  |TAMS 0x000000066d800000| PB 0x000000066d800000| Untracked 
| 439|0x000000066dc00000, 0x000000066dc00000, 0x000000066e000000|  0%| F|  |TAMS 0x000000066dc00000| PB 0x000000066dc00000| Untracked 
| 440|0x000000066e000000, 0x000000066e000000, 0x000000066e400000|  0%| F|  |TAMS 0x000000066e000000| PB 0x000000066e000000| Untracked 
| 441|0x000000066e400000, 0x000000066e400000, 0x000000066e800000|  0%| F|  |TAMS 0x000000066e400000| PB 0x000000066e400000| Untracked 
| 442|0x000000066e800000, 0x000000066e800000, 0x000000066ec00000|  0%| F|  |TAMS 0x000000066e800000| PB 0x000000066e800000| Untracked 
| 443|0x000000066ec00000, 0x000000066ec00000, 0x000000066f000000|  0%| F|  |TAMS 0x000000066ec00000| PB 0x000000066ec00000| Untracked 
| 444|0x000000066f000000, 0x000000066f000000, 0x000000066f400000|  0%| F|  |TAMS 0x000000066f000000| PB 0x000000066f000000| Untracked 
| 445|0x000000066f400000, 0x000000066f400000, 0x000000066f800000|  0%| F|  |TAMS 0x000000066f400000| PB 0x000000066f400000| Untracked 
| 446|0x000000066f800000, 0x000000066f800000, 0x000000066fc00000|  0%| F|  |TAMS 0x000000066f800000| PB 0x000000066f800000| Untracked 
| 447|0x000000066fc00000, 0x000000066fc00000, 0x0000000670000000|  0%| F|  |TAMS 0x000000066fc00000| PB 0x000000066fc00000| Untracked 
| 448|0x0000000670000000, 0x0000000670000000, 0x0000000670400000|  0%| F|  |TAMS 0x0000000670000000| PB 0x0000000670000000| Untracked 
| 449|0x0000000670400000, 0x0000000670400000, 0x0000000670800000|  0%| F|  |TAMS 0x0000000670400000| PB 0x0000000670400000| Untracked 
| 450|0x0000000670800000, 0x0000000670800000, 0x0000000670c00000|  0%| F|  |TAMS 0x0000000670800000| PB 0x0000000670800000| Untracked 
| 451|0x0000000670c00000, 0x0000000670c00000, 0x0000000671000000|  0%| F|  |TAMS 0x0000000670c00000| PB 0x0000000670c00000| Untracked 
| 452|0x0000000671000000, 0x0000000671000000, 0x0000000671400000|  0%| F|  |TAMS 0x0000000671000000| PB 0x0000000671000000| Untracked 
| 453|0x0000000671400000, 0x0000000671400000, 0x0000000671800000|  0%| F|  |TAMS 0x0000000671400000| PB 0x0000000671400000| Untracked 
| 454|0x0000000671800000, 0x0000000671800000, 0x0000000671c00000|  0%| F|  |TAMS 0x0000000671800000| PB 0x0000000671800000| Untracked 
| 455|0x0000000671c00000, 0x0000000671c00000, 0x0000000672000000|  0%| F|  |TAMS 0x0000000671c00000| PB 0x0000000671c00000| Untracked 
| 456|0x0000000672000000, 0x0000000672000000, 0x0000000672400000|  0%| F|  |TAMS 0x0000000672000000| PB 0x0000000672000000| Untracked 
| 457|0x0000000672400000, 0x0000000672400000, 0x0000000672800000|  0%| F|  |TAMS 0x0000000672400000| PB 0x0000000672400000| Untracked 
| 458|0x0000000672800000, 0x0000000672800000, 0x0000000672c00000|  0%| F|  |TAMS 0x0000000672800000| PB 0x0000000672800000| Untracked 
| 459|0x0000000672c00000, 0x0000000672c00000, 0x0000000673000000|  0%| F|  |TAMS 0x0000000672c00000| PB 0x0000000672c00000| Untracked 
| 460|0x0000000673000000, 0x0000000673000000, 0x0000000673400000|  0%| F|  |TAMS 0x0000000673000000| PB 0x0000000673000000| Untracked 
| 461|0x0000000673400000, 0x0000000673400000, 0x0000000673800000|  0%| F|  |TAMS 0x0000000673400000| PB 0x0000000673400000| Untracked 
| 462|0x0000000673800000, 0x0000000673800000, 0x0000000673c00000|  0%| F|  |TAMS 0x0000000673800000| PB 0x0000000673800000| Untracked 
| 463|0x0000000673c00000, 0x0000000673c00000, 0x0000000674000000|  0%| F|  |TAMS 0x0000000673c00000| PB 0x0000000673c00000| Untracked 
| 464|0x0000000674000000, 0x0000000674000000, 0x0000000674400000|  0%| F|  |TAMS 0x0000000674000000| PB 0x0000000674000000| Untracked 
| 465|0x0000000674400000, 0x0000000674400000, 0x0000000674800000|  0%| F|  |TAMS 0x0000000674400000| PB 0x0000000674400000| Untracked 
| 466|0x0000000674800000, 0x0000000674800000, 0x0000000674c00000|  0%| F|  |TAMS 0x0000000674800000| PB 0x0000000674800000| Untracked 
| 467|0x0000000674c00000, 0x0000000674c00000, 0x0000000675000000|  0%| F|  |TAMS 0x0000000674c00000| PB 0x0000000674c00000| Untracked 
| 468|0x0000000675000000, 0x0000000675000000, 0x0000000675400000|  0%| F|  |TAMS 0x0000000675000000| PB 0x0000000675000000| Untracked 
| 469|0x0000000675400000, 0x0000000675400000, 0x0000000675800000|  0%| F|  |TAMS 0x0000000675400000| PB 0x0000000675400000| Untracked 
| 470|0x0000000675800000, 0x0000000675800000, 0x0000000675c00000|  0%| F|  |TAMS 0x0000000675800000| PB 0x0000000675800000| Untracked 
| 471|0x0000000675c00000, 0x0000000675c00000, 0x0000000676000000|  0%| F|  |TAMS 0x0000000675c00000| PB 0x0000000675c00000| Untracked 
| 472|0x0000000676000000, 0x0000000676000000, 0x0000000676400000|  0%| F|  |TAMS 0x0000000676000000| PB 0x0000000676000000| Untracked 
| 473|0x0000000676400000, 0x0000000676400000, 0x0000000676800000|  0%| F|  |TAMS 0x0000000676400000| PB 0x0000000676400000| Untracked 
| 474|0x0000000676800000, 0x0000000676800000, 0x0000000676c00000|  0%| F|  |TAMS 0x0000000676800000| PB 0x0000000676800000| Untracked 
| 475|0x0000000676c00000, 0x0000000676c00000, 0x0000000677000000|  0%| F|  |TAMS 0x0000000676c00000| PB 0x0000000676c00000| Untracked 
| 476|0x0000000677000000, 0x0000000677000000, 0x0000000677400000|  0%| F|  |TAMS 0x0000000677000000| PB 0x0000000677000000| Untracked 
| 477|0x0000000677400000, 0x0000000677400000, 0x0000000677800000|  0%| F|  |TAMS 0x0000000677400000| PB 0x0000000677400000| Untracked 
| 478|0x0000000677800000, 0x0000000677800000, 0x0000000677c00000|  0%| F|  |TAMS 0x0000000677800000| PB 0x0000000677800000| Untracked 
| 479|0x0000000677c00000, 0x0000000677c00000, 0x0000000678000000|  0%| F|  |TAMS 0x0000000677c00000| PB 0x0000000677c00000| Untracked 
| 480|0x0000000678000000, 0x0000000678000000, 0x0000000678400000|  0%| F|  |TAMS 0x0000000678000000| PB 0x0000000678000000| Untracked 
| 481|0x0000000678400000, 0x0000000678400000, 0x0000000678800000|  0%| F|  |TAMS 0x0000000678400000| PB 0x0000000678400000| Untracked 
| 482|0x0000000678800000, 0x0000000678800000, 0x0000000678c00000|  0%| F|  |TAMS 0x0000000678800000| PB 0x0000000678800000| Untracked 
| 483|0x0000000678c00000, 0x0000000678c00000, 0x0000000679000000|  0%| F|  |TAMS 0x0000000678c00000| PB 0x0000000678c00000| Untracked 
| 484|0x0000000679000000, 0x0000000679000000, 0x0000000679400000|  0%| F|  |TAMS 0x0000000679000000| PB 0x0000000679000000| Untracked 
| 485|0x0000000679400000, 0x0000000679400000, 0x0000000679800000|  0%| F|  |TAMS 0x0000000679400000| PB 0x0000000679400000| Untracked 
| 486|0x0000000679800000, 0x0000000679800000, 0x0000000679c00000|  0%| F|  |TAMS 0x0000000679800000| PB 0x0000000679800000| Untracked 
| 487|0x0000000679c00000, 0x0000000679c00000, 0x000000067a000000|  0%| F|  |TAMS 0x0000000679c00000| PB 0x0000000679c00000| Untracked 
| 488|0x000000067a000000, 0x000000067a000000, 0x000000067a400000|  0%| F|  |TAMS 0x000000067a000000| PB 0x000000067a000000| Untracked 
| 489|0x000000067a400000, 0x000000067a400000, 0x000000067a800000|  0%| F|  |TAMS 0x000000067a400000| PB 0x000000067a400000| Untracked 
| 490|0x000000067a800000, 0x000000067a800000, 0x000000067ac00000|  0%| F|  |TAMS 0x000000067a800000| PB 0x000000067a800000| Untracked 
| 491|0x000000067ac00000, 0x000000067ac00000, 0x000000067b000000|  0%| F|  |TAMS 0x000000067ac00000| PB 0x000000067ac00000| Untracked 
| 492|0x000000067b000000, 0x000000067b000000, 0x000000067b400000|  0%| F|  |TAMS 0x000000067b000000| PB 0x000000067b000000| Untracked 
| 493|0x000000067b400000, 0x000000067b400000, 0x000000067b800000|  0%| F|  |TAMS 0x000000067b400000| PB 0x000000067b400000| Untracked 
| 494|0x000000067b800000, 0x000000067b800000, 0x000000067bc00000|  0%| F|  |TAMS 0x000000067b800000| PB 0x000000067b800000| Untracked 
| 495|0x000000067bc00000, 0x000000067bc00000, 0x000000067c000000|  0%| F|  |TAMS 0x000000067bc00000| PB 0x000000067bc00000| Untracked 
| 496|0x000000067c000000, 0x000000067c000000, 0x000000067c400000|  0%| F|  |TAMS 0x000000067c000000| PB 0x000000067c000000| Untracked 
| 497|0x000000067c400000, 0x000000067c400000, 0x000000067c800000|  0%| F|  |TAMS 0x000000067c400000| PB 0x000000067c400000| Untracked 
| 498|0x000000067c800000, 0x000000067c800000, 0x000000067cc00000|  0%| F|  |TAMS 0x000000067c800000| PB 0x000000067c800000| Untracked 
| 499|0x000000067cc00000, 0x000000067cc00000, 0x000000067d000000|  0%| F|  |TAMS 0x000000067cc00000| PB 0x000000067cc00000| Untracked 
| 500|0x000000067d000000, 0x000000067d000000, 0x000000067d400000|  0%| F|  |TAMS 0x000000067d000000| PB 0x000000067d000000| Untracked 
| 501|0x000000067d400000, 0x000000067d400000, 0x000000067d800000|  0%| F|  |TAMS 0x000000067d400000| PB 0x000000067d400000| Untracked 
| 502|0x000000067d800000, 0x000000067d800000, 0x000000067dc00000|  0%| F|  |TAMS 0x000000067d800000| PB 0x000000067d800000| Untracked 
| 503|0x000000067dc00000, 0x000000067dc00000, 0x000000067e000000|  0%| F|  |TAMS 0x000000067dc00000| PB 0x000000067dc00000| Untracked 
| 504|0x000000067e000000, 0x000000067e000000, 0x000000067e400000|  0%| F|  |TAMS 0x000000067e000000| PB 0x000000067e000000| Untracked 
| 505|0x000000067e400000, 0x000000067e400000, 0x000000067e800000|  0%| F|  |TAMS 0x000000067e400000| PB 0x000000067e400000| Untracked 
| 506|0x000000067e800000, 0x000000067e800000, 0x000000067ec00000|  0%| F|  |TAMS 0x000000067e800000| PB 0x000000067e800000| Untracked 
| 507|0x000000067ec00000, 0x000000067ec00000, 0x000000067f000000|  0%| F|  |TAMS 0x000000067ec00000| PB 0x000000067ec00000| Untracked 
| 508|0x000000067f000000, 0x000000067f000000, 0x000000067f400000|  0%| F|  |TAMS 0x000000067f000000| PB 0x000000067f000000| Untracked 
| 509|0x000000067f400000, 0x000000067f400000, 0x000000067f800000|  0%| F|  |TAMS 0x000000067f400000| PB 0x000000067f400000| Untracked 
| 510|0x000000067f800000, 0x000000067f800000, 0x000000067fc00000|  0%| F|  |TAMS 0x000000067f800000| PB 0x000000067f800000| Untracked 
| 511|0x000000067fc00000, 0x000000067fc00000, 0x0000000680000000|  0%| F|  |TAMS 0x000000067fc00000| PB 0x000000067fc00000| Untracked 
| 512|0x0000000680000000, 0x0000000680000000, 0x0000000680400000|  0%| F|  |TAMS 0x0000000680000000| PB 0x0000000680000000| Untracked 
| 513|0x0000000680400000, 0x0000000680400000, 0x0000000680800000|  0%| F|  |TAMS 0x0000000680400000| PB 0x0000000680400000| Untracked 
| 514|0x0000000680800000, 0x0000000680800000, 0x0000000680c00000|  0%| F|  |TAMS 0x0000000680800000| PB 0x0000000680800000| Untracked 
| 515|0x0000000680c00000, 0x0000000680c00000, 0x0000000681000000|  0%| F|  |TAMS 0x0000000680c00000| PB 0x0000000680c00000| Untracked 
| 516|0x0000000681000000, 0x0000000681000000, 0x0000000681400000|  0%| F|  |TAMS 0x0000000681000000| PB 0x0000000681000000| Untracked 
| 517|0x0000000681400000, 0x0000000681400000, 0x0000000681800000|  0%| F|  |TAMS 0x0000000681400000| PB 0x0000000681400000| Untracked 
| 518|0x0000000681800000, 0x0000000681800000, 0x0000000681c00000|  0%| F|  |TAMS 0x0000000681800000| PB 0x0000000681800000| Untracked 
| 519|0x0000000681c00000, 0x0000000681c00000, 0x0000000682000000|  0%| F|  |TAMS 0x0000000681c00000| PB 0x0000000681c00000| Untracked 
| 520|0x0000000682000000, 0x0000000682000000, 0x0000000682400000|  0%| F|  |TAMS 0x0000000682000000| PB 0x0000000682000000| Untracked 
| 521|0x0000000682400000, 0x0000000682400000, 0x0000000682800000|  0%| F|  |TAMS 0x0000000682400000| PB 0x0000000682400000| Untracked 
| 522|0x0000000682800000, 0x0000000682800000, 0x0000000682c00000|  0%| F|  |TAMS 0x0000000682800000| PB 0x0000000682800000| Untracked 
| 523|0x0000000682c00000, 0x0000000682c00000, 0x0000000683000000|  0%| F|  |TAMS 0x0000000682c00000| PB 0x0000000682c00000| Untracked 
| 524|0x0000000683000000, 0x0000000683000000, 0x0000000683400000|  0%| F|  |TAMS 0x0000000683000000| PB 0x0000000683000000| Untracked 
| 525|0x0000000683400000, 0x0000000683400000, 0x0000000683800000|  0%| F|  |TAMS 0x0000000683400000| PB 0x0000000683400000| Untracked 
| 526|0x0000000683800000, 0x0000000683800000, 0x0000000683c00000|  0%| F|  |TAMS 0x0000000683800000| PB 0x0000000683800000| Untracked 
| 527|0x0000000683c00000, 0x0000000683c00000, 0x0000000684000000|  0%| F|  |TAMS 0x0000000683c00000| PB 0x0000000683c00000| Untracked 
| 528|0x0000000684000000, 0x0000000684000000, 0x0000000684400000|  0%| F|  |TAMS 0x0000000684000000| PB 0x0000000684000000| Untracked 
| 529|0x0000000684400000, 0x0000000684400000, 0x0000000684800000|  0%| F|  |TAMS 0x0000000684400000| PB 0x0000000684400000| Untracked 
| 530|0x0000000684800000, 0x0000000684800000, 0x0000000684c00000|  0%| F|  |TAMS 0x0000000684800000| PB 0x0000000684800000| Untracked 
| 531|0x0000000684c00000, 0x0000000684c00000, 0x0000000685000000|  0%| F|  |TAMS 0x0000000684c00000| PB 0x0000000684c00000| Untracked 
| 532|0x0000000685000000, 0x0000000685000000, 0x0000000685400000|  0%| F|  |TAMS 0x0000000685000000| PB 0x0000000685000000| Untracked 
| 533|0x0000000685400000, 0x0000000685400000, 0x0000000685800000|  0%| F|  |TAMS 0x0000000685400000| PB 0x0000000685400000| Untracked 
| 534|0x0000000685800000, 0x0000000685800000, 0x0000000685c00000|  0%| F|  |TAMS 0x0000000685800000| PB 0x0000000685800000| Untracked 
| 535|0x0000000685c00000, 0x0000000685c00000, 0x0000000686000000|  0%| F|  |TAMS 0x0000000685c00000| PB 0x0000000685c00000| Untracked 
| 536|0x0000000686000000, 0x0000000686000000, 0x0000000686400000|  0%| F|  |TAMS 0x0000000686000000| PB 0x0000000686000000| Untracked 
| 537|0x0000000686400000, 0x0000000686400000, 0x0000000686800000|  0%| F|  |TAMS 0x0000000686400000| PB 0x0000000686400000| Untracked 
| 538|0x0000000686800000, 0x0000000686800000, 0x0000000686c00000|  0%| F|  |TAMS 0x0000000686800000| PB 0x0000000686800000| Untracked 
| 539|0x0000000686c00000, 0x0000000686c00000, 0x0000000687000000|  0%| F|  |TAMS 0x0000000686c00000| PB 0x0000000686c00000| Untracked 
| 540|0x0000000687000000, 0x0000000687000000, 0x0000000687400000|  0%| F|  |TAMS 0x0000000687000000| PB 0x0000000687000000| Untracked 
| 541|0x0000000687400000, 0x0000000687400000, 0x0000000687800000|  0%| F|  |TAMS 0x0000000687400000| PB 0x0000000687400000| Untracked 
| 542|0x0000000687800000, 0x0000000687800000, 0x0000000687c00000|  0%| F|  |TAMS 0x0000000687800000| PB 0x0000000687800000| Untracked 
| 543|0x0000000687c00000, 0x0000000687c00000, 0x0000000688000000|  0%| F|  |TAMS 0x0000000687c00000| PB 0x0000000687c00000| Untracked 
| 544|0x0000000688000000, 0x0000000688000000, 0x0000000688400000|  0%| F|  |TAMS 0x0000000688000000| PB 0x0000000688000000| Untracked 
| 545|0x0000000688400000, 0x0000000688400000, 0x0000000688800000|  0%| F|  |TAMS 0x0000000688400000| PB 0x0000000688400000| Untracked 
| 546|0x0000000688800000, 0x0000000688800000, 0x0000000688c00000|  0%| F|  |TAMS 0x0000000688800000| PB 0x0000000688800000| Untracked 
| 547|0x0000000688c00000, 0x0000000688c00000, 0x0000000689000000|  0%| F|  |TAMS 0x0000000688c00000| PB 0x0000000688c00000| Untracked 
| 548|0x0000000689000000, 0x0000000689000000, 0x0000000689400000|  0%| F|  |TAMS 0x0000000689000000| PB 0x0000000689000000| Untracked 
| 549|0x0000000689400000, 0x0000000689400000, 0x0000000689800000|  0%| F|  |TAMS 0x0000000689400000| PB 0x0000000689400000| Untracked 
| 550|0x0000000689800000, 0x0000000689800000, 0x0000000689c00000|  0%| F|  |TAMS 0x0000000689800000| PB 0x0000000689800000| Untracked 
| 551|0x0000000689c00000, 0x0000000689c00000, 0x000000068a000000|  0%| F|  |TAMS 0x0000000689c00000| PB 0x0000000689c00000| Untracked 
| 552|0x000000068a000000, 0x000000068a000000, 0x000000068a400000|  0%| F|  |TAMS 0x000000068a000000| PB 0x000000068a000000| Untracked 
| 553|0x000000068a400000, 0x000000068a400000, 0x000000068a800000|  0%| F|  |TAMS 0x000000068a400000| PB 0x000000068a400000| Untracked 
| 554|0x000000068a800000, 0x000000068a800000, 0x000000068ac00000|  0%| F|  |TAMS 0x000000068a800000| PB 0x000000068a800000| Untracked 
| 555|0x000000068ac00000, 0x000000068ac00000, 0x000000068b000000|  0%| F|  |TAMS 0x000000068ac00000| PB 0x000000068ac00000| Untracked 
| 556|0x000000068b000000, 0x000000068b000000, 0x000000068b400000|  0%| F|  |TAMS 0x000000068b000000| PB 0x000000068b000000| Untracked 
| 557|0x000000068b400000, 0x000000068b400000, 0x000000068b800000|  0%| F|  |TAMS 0x000000068b400000| PB 0x000000068b400000| Untracked 
| 558|0x000000068b800000, 0x000000068b800000, 0x000000068bc00000|  0%| F|  |TAMS 0x000000068b800000| PB 0x000000068b800000| Untracked 
| 559|0x000000068bc00000, 0x000000068bc00000, 0x000000068c000000|  0%| F|  |TAMS 0x000000068bc00000| PB 0x000000068bc00000| Untracked 
| 560|0x000000068c000000, 0x000000068c000000, 0x000000068c400000|  0%| F|  |TAMS 0x000000068c000000| PB 0x000000068c000000| Untracked 
| 561|0x000000068c400000, 0x000000068c400000, 0x000000068c800000|  0%| F|  |TAMS 0x000000068c400000| PB 0x000000068c400000| Untracked 
| 562|0x000000068c800000, 0x000000068c800000, 0x000000068cc00000|  0%| F|  |TAMS 0x000000068c800000| PB 0x000000068c800000| Untracked 
| 563|0x000000068cc00000, 0x000000068cc00000, 0x000000068d000000|  0%| F|  |TAMS 0x000000068cc00000| PB 0x000000068cc00000| Untracked 
| 564|0x000000068d000000, 0x000000068d000000, 0x000000068d400000|  0%| F|  |TAMS 0x000000068d000000| PB 0x000000068d000000| Untracked 
| 565|0x000000068d400000, 0x000000068d400000, 0x000000068d800000|  0%| F|  |TAMS 0x000000068d400000| PB 0x000000068d400000| Untracked 
| 566|0x000000068d800000, 0x000000068d800000, 0x000000068dc00000|  0%| F|  |TAMS 0x000000068d800000| PB 0x000000068d800000| Untracked 
| 567|0x000000068dc00000, 0x000000068dc00000, 0x000000068e000000|  0%| F|  |TAMS 0x000000068dc00000| PB 0x000000068dc00000| Untracked 
| 568|0x000000068e000000, 0x000000068e000000, 0x000000068e400000|  0%| F|  |TAMS 0x000000068e000000| PB 0x000000068e000000| Untracked 
| 569|0x000000068e400000, 0x000000068e400000, 0x000000068e800000|  0%| F|  |TAMS 0x000000068e400000| PB 0x000000068e400000| Untracked 
| 570|0x000000068e800000, 0x000000068e800000, 0x000000068ec00000|  0%| F|  |TAMS 0x000000068e800000| PB 0x000000068e800000| Untracked 
| 571|0x000000068ec00000, 0x000000068ec00000, 0x000000068f000000|  0%| F|  |TAMS 0x000000068ec00000| PB 0x000000068ec00000| Untracked 
| 572|0x000000068f000000, 0x000000068f000000, 0x000000068f400000|  0%| F|  |TAMS 0x000000068f000000| PB 0x000000068f000000| Untracked 
| 573|0x000000068f400000, 0x000000068f400000, 0x000000068f800000|  0%| F|  |TAMS 0x000000068f400000| PB 0x000000068f400000| Untracked 
| 574|0x000000068f800000, 0x000000068f800000, 0x000000068fc00000|  0%| F|  |TAMS 0x000000068f800000| PB 0x000000068f800000| Untracked 
| 575|0x000000068fc00000, 0x000000068fc00000, 0x0000000690000000|  0%| F|  |TAMS 0x000000068fc00000| PB 0x000000068fc00000| Untracked 
| 576|0x0000000690000000, 0x0000000690000000, 0x0000000690400000|  0%| F|  |TAMS 0x0000000690000000| PB 0x0000000690000000| Untracked 
| 577|0x0000000690400000, 0x0000000690400000, 0x0000000690800000|  0%| F|  |TAMS 0x0000000690400000| PB 0x0000000690400000| Untracked 
| 578|0x0000000690800000, 0x0000000690800000, 0x0000000690c00000|  0%| F|  |TAMS 0x0000000690800000| PB 0x0000000690800000| Untracked 
| 579|0x0000000690c00000, 0x0000000690c00000, 0x0000000691000000|  0%| F|  |TAMS 0x0000000690c00000| PB 0x0000000690c00000| Untracked 
| 580|0x0000000691000000, 0x0000000691000000, 0x0000000691400000|  0%| F|  |TAMS 0x0000000691000000| PB 0x0000000691000000| Untracked 
| 581|0x0000000691400000, 0x0000000691400000, 0x0000000691800000|  0%| F|  |TAMS 0x0000000691400000| PB 0x0000000691400000| Untracked 
| 582|0x0000000691800000, 0x0000000691800000, 0x0000000691c00000|  0%| F|  |TAMS 0x0000000691800000| PB 0x0000000691800000| Untracked 
| 583|0x0000000691c00000, 0x0000000691c00000, 0x0000000692000000|  0%| F|  |TAMS 0x0000000691c00000| PB 0x0000000691c00000| Untracked 
| 584|0x0000000692000000, 0x0000000692000000, 0x0000000692400000|  0%| F|  |TAMS 0x0000000692000000| PB 0x0000000692000000| Untracked 
| 585|0x0000000692400000, 0x0000000692400000, 0x0000000692800000|  0%| F|  |TAMS 0x0000000692400000| PB 0x0000000692400000| Untracked 
| 586|0x0000000692800000, 0x0000000692800000, 0x0000000692c00000|  0%| F|  |TAMS 0x0000000692800000| PB 0x0000000692800000| Untracked 
| 587|0x0000000692c00000, 0x0000000692c00000, 0x0000000693000000|  0%| F|  |TAMS 0x0000000692c00000| PB 0x0000000692c00000| Untracked 
| 588|0x0000000693000000, 0x0000000693000000, 0x0000000693400000|  0%| F|  |TAMS 0x0000000693000000| PB 0x0000000693000000| Untracked 
| 589|0x0000000693400000, 0x0000000693400000, 0x0000000693800000|  0%| F|  |TAMS 0x0000000693400000| PB 0x0000000693400000| Untracked 
| 590|0x0000000693800000, 0x0000000693800000, 0x0000000693c00000|  0%| F|  |TAMS 0x0000000693800000| PB 0x0000000693800000| Untracked 
| 591|0x0000000693c00000, 0x0000000693c00000, 0x0000000694000000|  0%| F|  |TAMS 0x0000000693c00000| PB 0x0000000693c00000| Untracked 
| 592|0x0000000694000000, 0x0000000694000000, 0x0000000694400000|  0%| F|  |TAMS 0x0000000694000000| PB 0x0000000694000000| Untracked 
| 593|0x0000000694400000, 0x0000000694400000, 0x0000000694800000|  0%| F|  |TAMS 0x0000000694400000| PB 0x0000000694400000| Untracked 
| 594|0x0000000694800000, 0x0000000694800000, 0x0000000694c00000|  0%| F|  |TAMS 0x0000000694800000| PB 0x0000000694800000| Untracked 
| 595|0x0000000694c00000, 0x0000000694c00000, 0x0000000695000000|  0%| F|  |TAMS 0x0000000694c00000| PB 0x0000000694c00000| Untracked 
| 596|0x0000000695000000, 0x0000000695000000, 0x0000000695400000|  0%| F|  |TAMS 0x0000000695000000| PB 0x0000000695000000| Untracked 
| 597|0x0000000695400000, 0x0000000695400000, 0x0000000695800000|  0%| F|  |TAMS 0x0000000695400000| PB 0x0000000695400000| Untracked 
| 598|0x0000000695800000, 0x0000000695800000, 0x0000000695c00000|  0%| F|  |TAMS 0x0000000695800000| PB 0x0000000695800000| Untracked 
| 599|0x0000000695c00000, 0x0000000695c00000, 0x0000000696000000|  0%| F|  |TAMS 0x0000000695c00000| PB 0x0000000695c00000| Untracked 
| 600|0x0000000696000000, 0x0000000696000000, 0x0000000696400000|  0%| F|  |TAMS 0x0000000696000000| PB 0x0000000696000000| Untracked 
| 601|0x0000000696400000, 0x0000000696400000, 0x0000000696800000|  0%| F|  |TAMS 0x0000000696400000| PB 0x0000000696400000| Untracked 
| 602|0x0000000696800000, 0x0000000696800000, 0x0000000696c00000|  0%| F|  |TAMS 0x0000000696800000| PB 0x0000000696800000| Untracked 
| 603|0x0000000696c00000, 0x0000000696c00000, 0x0000000697000000|  0%| F|  |TAMS 0x0000000696c00000| PB 0x0000000696c00000| Untracked 
| 604|0x0000000697000000, 0x0000000697000000, 0x0000000697400000|  0%| F|  |TAMS 0x0000000697000000| PB 0x0000000697000000| Untracked 
| 605|0x0000000697400000, 0x0000000697400000, 0x0000000697800000|  0%| F|  |TAMS 0x0000000697400000| PB 0x0000000697400000| Untracked 
| 606|0x0000000697800000, 0x0000000697800000, 0x0000000697c00000|  0%| F|  |TAMS 0x0000000697800000| PB 0x0000000697800000| Untracked 
| 607|0x0000000697c00000, 0x0000000697c00000, 0x0000000698000000|  0%| F|  |TAMS 0x0000000697c00000| PB 0x0000000697c00000| Untracked 
| 608|0x0000000698000000, 0x0000000698000000, 0x0000000698400000|  0%| F|  |TAMS 0x0000000698000000| PB 0x0000000698000000| Untracked 
| 609|0x0000000698400000, 0x0000000698400000, 0x0000000698800000|  0%| F|  |TAMS 0x0000000698400000| PB 0x0000000698400000| Untracked 
| 610|0x0000000698800000, 0x0000000698800000, 0x0000000698c00000|  0%| F|  |TAMS 0x0000000698800000| PB 0x0000000698800000| Untracked 
| 611|0x0000000698c00000, 0x0000000698c00000, 0x0000000699000000|  0%| F|  |TAMS 0x0000000698c00000| PB 0x0000000698c00000| Untracked 
| 612|0x0000000699000000, 0x0000000699000000, 0x0000000699400000|  0%| F|  |TAMS 0x0000000699000000| PB 0x0000000699000000| Untracked 
| 613|0x0000000699400000, 0x0000000699400000, 0x0000000699800000|  0%| F|  |TAMS 0x0000000699400000| PB 0x0000000699400000| Untracked 
| 614|0x0000000699800000, 0x0000000699800000, 0x0000000699c00000|  0%| F|  |TAMS 0x0000000699800000| PB 0x0000000699800000| Untracked 
| 615|0x0000000699c00000, 0x0000000699c00000, 0x000000069a000000|  0%| F|  |TAMS 0x0000000699c00000| PB 0x0000000699c00000| Untracked 
| 616|0x000000069a000000, 0x000000069a000000, 0x000000069a400000|  0%| F|  |TAMS 0x000000069a000000| PB 0x000000069a000000| Untracked 
| 617|0x000000069a400000, 0x000000069a400000, 0x000000069a800000|  0%| F|  |TAMS 0x000000069a400000| PB 0x000000069a400000| Untracked 
| 618|0x000000069a800000, 0x000000069a800000, 0x000000069ac00000|  0%| F|  |TAMS 0x000000069a800000| PB 0x000000069a800000| Untracked 
| 619|0x000000069ac00000, 0x000000069ac00000, 0x000000069b000000|  0%| F|  |TAMS 0x000000069ac00000| PB 0x000000069ac00000| Untracked 
| 620|0x000000069b000000, 0x000000069b000000, 0x000000069b400000|  0%| F|  |TAMS 0x000000069b000000| PB 0x000000069b000000| Untracked 
| 621|0x000000069b400000, 0x000000069b400000, 0x000000069b800000|  0%| F|  |TAMS 0x000000069b400000| PB 0x000000069b400000| Untracked 
| 622|0x000000069b800000, 0x000000069b800000, 0x000000069bc00000|  0%| F|  |TAMS 0x000000069b800000| PB 0x000000069b800000| Untracked 
| 623|0x000000069bc00000, 0x000000069bc00000, 0x000000069c000000|  0%| F|  |TAMS 0x000000069bc00000| PB 0x000000069bc00000| Untracked 
| 624|0x000000069c000000, 0x000000069c000000, 0x000000069c400000|  0%| F|  |TAMS 0x000000069c000000| PB 0x000000069c000000| Untracked 
| 625|0x000000069c400000, 0x000000069c400000, 0x000000069c800000|  0%| F|  |TAMS 0x000000069c400000| PB 0x000000069c400000| Untracked 
| 626|0x000000069c800000, 0x000000069c800000, 0x000000069cc00000|  0%| F|  |TAMS 0x000000069c800000| PB 0x000000069c800000| Untracked 
| 627|0x000000069cc00000, 0x000000069cc00000, 0x000000069d000000|  0%| F|  |TAMS 0x000000069cc00000| PB 0x000000069cc00000| Untracked 
| 628|0x000000069d000000, 0x000000069d000000, 0x000000069d400000|  0%| F|  |TAMS 0x000000069d000000| PB 0x000000069d000000| Untracked 
| 629|0x000000069d400000, 0x000000069d400000, 0x000000069d800000|  0%| F|  |TAMS 0x000000069d400000| PB 0x000000069d400000| Untracked 
| 630|0x000000069d800000, 0x000000069d800000, 0x000000069dc00000|  0%| F|  |TAMS 0x000000069d800000| PB 0x000000069d800000| Untracked 
| 631|0x000000069dc00000, 0x000000069dc00000, 0x000000069e000000|  0%| F|  |TAMS 0x000000069dc00000| PB 0x000000069dc00000| Untracked 
| 632|0x000000069e000000, 0x000000069e000000, 0x000000069e400000|  0%| F|  |TAMS 0x000000069e000000| PB 0x000000069e000000| Untracked 
| 633|0x000000069e400000, 0x000000069e400000, 0x000000069e800000|  0%| F|  |TAMS 0x000000069e400000| PB 0x000000069e400000| Untracked 
| 634|0x000000069e800000, 0x000000069e800000, 0x000000069ec00000|  0%| F|  |TAMS 0x000000069e800000| PB 0x000000069e800000| Untracked 
| 635|0x000000069ec00000, 0x000000069ec00000, 0x000000069f000000|  0%| F|  |TAMS 0x000000069ec00000| PB 0x000000069ec00000| Untracked 
| 636|0x000000069f000000, 0x000000069f000000, 0x000000069f400000|  0%| F|  |TAMS 0x000000069f000000| PB 0x000000069f000000| Untracked 
| 637|0x000000069f400000, 0x000000069f400000, 0x000000069f800000|  0%| F|  |TAMS 0x000000069f400000| PB 0x000000069f400000| Untracked 
| 638|0x000000069f800000, 0x000000069f800000, 0x000000069fc00000|  0%| F|  |TAMS 0x000000069f800000| PB 0x000000069f800000| Untracked 
| 639|0x000000069fc00000, 0x000000069fc00000, 0x00000006a0000000|  0%| F|  |TAMS 0x000000069fc00000| PB 0x000000069fc00000| Untracked 
| 640|0x00000006a0000000, 0x00000006a0000000, 0x00000006a0400000|  0%| F|  |TAMS 0x00000006a0000000| PB 0x00000006a0000000| Untracked 
| 641|0x00000006a0400000, 0x00000006a0400000, 0x00000006a0800000|  0%| F|  |TAMS 0x00000006a0400000| PB 0x00000006a0400000| Untracked 
| 642|0x00000006a0800000, 0x00000006a0800000, 0x00000006a0c00000|  0%| F|  |TAMS 0x00000006a0800000| PB 0x00000006a0800000| Untracked 
| 643|0x00000006a0c00000, 0x00000006a0c00000, 0x00000006a1000000|  0%| F|  |TAMS 0x00000006a0c00000| PB 0x00000006a0c00000| Untracked 
| 644|0x00000006a1000000, 0x00000006a1000000, 0x00000006a1400000|  0%| F|  |TAMS 0x00000006a1000000| PB 0x00000006a1000000| Untracked 
| 645|0x00000006a1400000, 0x00000006a1400000, 0x00000006a1800000|  0%| F|  |TAMS 0x00000006a1400000| PB 0x00000006a1400000| Untracked 
| 646|0x00000006a1800000, 0x00000006a1800000, 0x00000006a1c00000|  0%| F|  |TAMS 0x00000006a1800000| PB 0x00000006a1800000| Untracked 
| 647|0x00000006a1c00000, 0x00000006a1c00000, 0x00000006a2000000|  0%| F|  |TAMS 0x00000006a1c00000| PB 0x00000006a1c00000| Untracked 
| 648|0x00000006a2000000, 0x00000006a2000000, 0x00000006a2400000|  0%| F|  |TAMS 0x00000006a2000000| PB 0x00000006a2000000| Untracked 
| 649|0x00000006a2400000, 0x00000006a2400000, 0x00000006a2800000|  0%| F|  |TAMS 0x00000006a2400000| PB 0x00000006a2400000| Untracked 
| 650|0x00000006a2800000, 0x00000006a2800000, 0x00000006a2c00000|  0%| F|  |TAMS 0x00000006a2800000| PB 0x00000006a2800000| Untracked 
| 651|0x00000006a2c00000, 0x00000006a2c00000, 0x00000006a3000000|  0%| F|  |TAMS 0x00000006a2c00000| PB 0x00000006a2c00000| Untracked 
| 652|0x00000006a3000000, 0x00000006a3000000, 0x00000006a3400000|  0%| F|  |TAMS 0x00000006a3000000| PB 0x00000006a3000000| Untracked 
| 653|0x00000006a3400000, 0x00000006a3400000, 0x00000006a3800000|  0%| F|  |TAMS 0x00000006a3400000| PB 0x00000006a3400000| Untracked 
| 654|0x00000006a3800000, 0x00000006a3800000, 0x00000006a3c00000|  0%| F|  |TAMS 0x00000006a3800000| PB 0x00000006a3800000| Untracked 
| 655|0x00000006a3c00000, 0x00000006a3c00000, 0x00000006a4000000|  0%| F|  |TAMS 0x00000006a3c00000| PB 0x00000006a3c00000| Untracked 
| 656|0x00000006a4000000, 0x00000006a4000000, 0x00000006a4400000|  0%| F|  |TAMS 0x00000006a4000000| PB 0x00000006a4000000| Untracked 
| 657|0x00000006a4400000, 0x00000006a4400000, 0x00000006a4800000|  0%| F|  |TAMS 0x00000006a4400000| PB 0x00000006a4400000| Untracked 
| 658|0x00000006a4800000, 0x00000006a4800000, 0x00000006a4c00000|  0%| F|  |TAMS 0x00000006a4800000| PB 0x00000006a4800000| Untracked 
| 659|0x00000006a4c00000, 0x00000006a4c00000, 0x00000006a5000000|  0%| F|  |TAMS 0x00000006a4c00000| PB 0x00000006a4c00000| Untracked 
| 660|0x00000006a5000000, 0x00000006a5000000, 0x00000006a5400000|  0%| F|  |TAMS 0x00000006a5000000| PB 0x00000006a5000000| Untracked 
| 661|0x00000006a5400000, 0x00000006a5400000, 0x00000006a5800000|  0%| F|  |TAMS 0x00000006a5400000| PB 0x00000006a5400000| Untracked 
| 662|0x00000006a5800000, 0x00000006a5800000, 0x00000006a5c00000|  0%| F|  |TAMS 0x00000006a5800000| PB 0x00000006a5800000| Untracked 
| 663|0x00000006a5c00000, 0x00000006a5c00000, 0x00000006a6000000|  0%| F|  |TAMS 0x00000006a5c00000| PB 0x00000006a5c00000| Untracked 
| 664|0x00000006a6000000, 0x00000006a6000000, 0x00000006a6400000|  0%| F|  |TAMS 0x00000006a6000000| PB 0x00000006a6000000| Untracked 
| 665|0x00000006a6400000, 0x00000006a6400000, 0x00000006a6800000|  0%| F|  |TAMS 0x00000006a6400000| PB 0x00000006a6400000| Untracked 
| 666|0x00000006a6800000, 0x00000006a6800000, 0x00000006a6c00000|  0%| F|  |TAMS 0x00000006a6800000| PB 0x00000006a6800000| Untracked 
| 667|0x00000006a6c00000, 0x00000006a6c00000, 0x00000006a7000000|  0%| F|  |TAMS 0x00000006a6c00000| PB 0x00000006a6c00000| Untracked 
| 668|0x00000006a7000000, 0x00000006a7000000, 0x00000006a7400000|  0%| F|  |TAMS 0x00000006a7000000| PB 0x00000006a7000000| Untracked 
| 669|0x00000006a7400000, 0x00000006a7400000, 0x00000006a7800000|  0%| F|  |TAMS 0x00000006a7400000| PB 0x00000006a7400000| Untracked 
| 670|0x00000006a7800000, 0x00000006a7800000, 0x00000006a7c00000|  0%| F|  |TAMS 0x00000006a7800000| PB 0x00000006a7800000| Untracked 
| 671|0x00000006a7c00000, 0x00000006a7c00000, 0x00000006a8000000|  0%| F|  |TAMS 0x00000006a7c00000| PB 0x00000006a7c00000| Untracked 
| 672|0x00000006a8000000, 0x00000006a8000000, 0x00000006a8400000|  0%| F|  |TAMS 0x00000006a8000000| PB 0x00000006a8000000| Untracked 
| 673|0x00000006a8400000, 0x00000006a8400000, 0x00000006a8800000|  0%| F|  |TAMS 0x00000006a8400000| PB 0x00000006a8400000| Untracked 
| 674|0x00000006a8800000, 0x00000006a8800000, 0x00000006a8c00000|  0%| F|  |TAMS 0x00000006a8800000| PB 0x00000006a8800000| Untracked 
| 675|0x00000006a8c00000, 0x00000006a8c00000, 0x00000006a9000000|  0%| F|  |TAMS 0x00000006a8c00000| PB 0x00000006a8c00000| Untracked 
| 676|0x00000006a9000000, 0x00000006a9000000, 0x00000006a9400000|  0%| F|  |TAMS 0x00000006a9000000| PB 0x00000006a9000000| Untracked 
| 677|0x00000006a9400000, 0x00000006a9400000, 0x00000006a9800000|  0%| F|  |TAMS 0x00000006a9400000| PB 0x00000006a9400000| Untracked 
| 678|0x00000006a9800000, 0x00000006a9800000, 0x00000006a9c00000|  0%| F|  |TAMS 0x00000006a9800000| PB 0x00000006a9800000| Untracked 
| 679|0x00000006a9c00000, 0x00000006a9c00000, 0x00000006aa000000|  0%| F|  |TAMS 0x00000006a9c00000| PB 0x00000006a9c00000| Untracked 
| 680|0x00000006aa000000, 0x00000006aa000000, 0x00000006aa400000|  0%| F|  |TAMS 0x00000006aa000000| PB 0x00000006aa000000| Untracked 
| 681|0x00000006aa400000, 0x00000006aa400000, 0x00000006aa800000|  0%| F|  |TAMS 0x00000006aa400000| PB 0x00000006aa400000| Untracked 
| 682|0x00000006aa800000, 0x00000006aa800000, 0x00000006aac00000|  0%| F|  |TAMS 0x00000006aa800000| PB 0x00000006aa800000| Untracked 
| 683|0x00000006aac00000, 0x00000006aac00000, 0x00000006ab000000|  0%| F|  |TAMS 0x00000006aac00000| PB 0x00000006aac00000| Untracked 
| 684|0x00000006ab000000, 0x00000006ab000000, 0x00000006ab400000|  0%| F|  |TAMS 0x00000006ab000000| PB 0x00000006ab000000| Untracked 
| 685|0x00000006ab400000, 0x00000006ab400000, 0x00000006ab800000|  0%| F|  |TAMS 0x00000006ab400000| PB 0x00000006ab400000| Untracked 
| 686|0x00000006ab800000, 0x00000006ab800000, 0x00000006abc00000|  0%| F|  |TAMS 0x00000006ab800000| PB 0x00000006ab800000| Untracked 
| 687|0x00000006abc00000, 0x00000006abc00000, 0x00000006ac000000|  0%| F|  |TAMS 0x00000006abc00000| PB 0x00000006abc00000| Untracked 
| 688|0x00000006ac000000, 0x00000006ac000000, 0x00000006ac400000|  0%| F|  |TAMS 0x00000006ac000000| PB 0x00000006ac000000| Untracked 
| 689|0x00000006ac400000, 0x00000006ac400000, 0x00000006ac800000|  0%| F|  |TAMS 0x00000006ac400000| PB 0x00000006ac400000| Untracked 
| 690|0x00000006ac800000, 0x00000006ac800000, 0x00000006acc00000|  0%| F|  |TAMS 0x00000006ac800000| PB 0x00000006ac800000| Untracked 
| 691|0x00000006acc00000, 0x00000006acc00000, 0x00000006ad000000|  0%| F|  |TAMS 0x00000006acc00000| PB 0x00000006acc00000| Untracked 
| 692|0x00000006ad000000, 0x00000006ad000000, 0x00000006ad400000|  0%| F|  |TAMS 0x00000006ad000000| PB 0x00000006ad000000| Untracked 
| 693|0x00000006ad400000, 0x00000006ad400000, 0x00000006ad800000|  0%| F|  |TAMS 0x00000006ad400000| PB 0x00000006ad400000| Untracked 
| 694|0x00000006ad800000, 0x00000006ad800000, 0x00000006adc00000|  0%| F|  |TAMS 0x00000006ad800000| PB 0x00000006ad800000| Untracked 
| 695|0x00000006adc00000, 0x00000006adc00000, 0x00000006ae000000|  0%| F|  |TAMS 0x00000006adc00000| PB 0x00000006adc00000| Untracked 
| 696|0x00000006ae000000, 0x00000006ae000000, 0x00000006ae400000|  0%| F|  |TAMS 0x00000006ae000000| PB 0x00000006ae000000| Untracked 
| 697|0x00000006ae400000, 0x00000006ae400000, 0x00000006ae800000|  0%| F|  |TAMS 0x00000006ae400000| PB 0x00000006ae400000| Untracked 
| 698|0x00000006ae800000, 0x00000006ae800000, 0x00000006aec00000|  0%| F|  |TAMS 0x00000006ae800000| PB 0x00000006ae800000| Untracked 
| 699|0x00000006aec00000, 0x00000006aec00000, 0x00000006af000000|  0%| F|  |TAMS 0x00000006aec00000| PB 0x00000006aec00000| Untracked 
| 700|0x00000006af000000, 0x00000006af000000, 0x00000006af400000|  0%| F|  |TAMS 0x00000006af000000| PB 0x00000006af000000| Untracked 
| 701|0x00000006af400000, 0x00000006af400000, 0x00000006af800000|  0%| F|  |TAMS 0x00000006af400000| PB 0x00000006af400000| Untracked 
| 702|0x00000006af800000, 0x00000006af800000, 0x00000006afc00000|  0%| F|  |TAMS 0x00000006af800000| PB 0x00000006af800000| Untracked 
| 703|0x00000006afc00000, 0x00000006afc00000, 0x00000006b0000000|  0%| F|  |TAMS 0x00000006afc00000| PB 0x00000006afc00000| Untracked 
| 704|0x00000006b0000000, 0x00000006b0000000, 0x00000006b0400000|  0%| F|  |TAMS 0x00000006b0000000| PB 0x00000006b0000000| Untracked 
| 705|0x00000006b0400000, 0x00000006b0400000, 0x00000006b0800000|  0%| F|  |TAMS 0x00000006b0400000| PB 0x00000006b0400000| Untracked 
| 706|0x00000006b0800000, 0x00000006b0800000, 0x00000006b0c00000|  0%| F|  |TAMS 0x00000006b0800000| PB 0x00000006b0800000| Untracked 
| 707|0x00000006b0c00000, 0x00000006b0c00000, 0x00000006b1000000|  0%| F|  |TAMS 0x00000006b0c00000| PB 0x00000006b0c00000| Untracked 
| 708|0x00000006b1000000, 0x00000006b1000000, 0x00000006b1400000|  0%| F|  |TAMS 0x00000006b1000000| PB 0x00000006b1000000| Untracked 
| 709|0x00000006b1400000, 0x00000006b1400000, 0x00000006b1800000|  0%| F|  |TAMS 0x00000006b1400000| PB 0x00000006b1400000| Untracked 
| 710|0x00000006b1800000, 0x00000006b1800000, 0x00000006b1c00000|  0%| F|  |TAMS 0x00000006b1800000| PB 0x00000006b1800000| Untracked 
| 711|0x00000006b1c00000, 0x00000006b1c00000, 0x00000006b2000000|  0%| F|  |TAMS 0x00000006b1c00000| PB 0x00000006b1c00000| Untracked 
| 712|0x00000006b2000000, 0x00000006b2000000, 0x00000006b2400000|  0%| F|  |TAMS 0x00000006b2000000| PB 0x00000006b2000000| Untracked 
| 713|0x00000006b2400000, 0x00000006b2400000, 0x00000006b2800000|  0%| F|  |TAMS 0x00000006b2400000| PB 0x00000006b2400000| Untracked 
| 714|0x00000006b2800000, 0x00000006b2800000, 0x00000006b2c00000|  0%| F|  |TAMS 0x00000006b2800000| PB 0x00000006b2800000| Untracked 
| 715|0x00000006b2c00000, 0x00000006b2c00000, 0x00000006b3000000|  0%| F|  |TAMS 0x00000006b2c00000| PB 0x00000006b2c00000| Untracked 
| 716|0x00000006b3000000, 0x00000006b3000000, 0x00000006b3400000|  0%| F|  |TAMS 0x00000006b3000000| PB 0x00000006b3000000| Untracked 
| 717|0x00000006b3400000, 0x00000006b3400000, 0x00000006b3800000|  0%| F|  |TAMS 0x00000006b3400000| PB 0x00000006b3400000| Untracked 
| 718|0x00000006b3800000, 0x00000006b3800000, 0x00000006b3c00000|  0%| F|  |TAMS 0x00000006b3800000| PB 0x00000006b3800000| Untracked 
| 719|0x00000006b3c00000, 0x00000006b3c00000, 0x00000006b4000000|  0%| F|  |TAMS 0x00000006b3c00000| PB 0x00000006b3c00000| Untracked 
| 720|0x00000006b4000000, 0x00000006b4000000, 0x00000006b4400000|  0%| F|  |TAMS 0x00000006b4000000| PB 0x00000006b4000000| Untracked 
| 721|0x00000006b4400000, 0x00000006b4400000, 0x00000006b4800000|  0%| F|  |TAMS 0x00000006b4400000| PB 0x00000006b4400000| Untracked 
| 722|0x00000006b4800000, 0x00000006b4800000, 0x00000006b4c00000|  0%| F|  |TAMS 0x00000006b4800000| PB 0x00000006b4800000| Untracked 
| 723|0x00000006b4c00000, 0x00000006b4c00000, 0x00000006b5000000|  0%| F|  |TAMS 0x00000006b4c00000| PB 0x00000006b4c00000| Untracked 
| 724|0x00000006b5000000, 0x00000006b5000000, 0x00000006b5400000|  0%| F|  |TAMS 0x00000006b5000000| PB 0x00000006b5000000| Untracked 
| 725|0x00000006b5400000, 0x00000006b5400000, 0x00000006b5800000|  0%| F|  |TAMS 0x00000006b5400000| PB 0x00000006b5400000| Untracked 
| 726|0x00000006b5800000, 0x00000006b5800000, 0x00000006b5c00000|  0%| F|  |TAMS 0x00000006b5800000| PB 0x00000006b5800000| Untracked 
| 727|0x00000006b5c00000, 0x00000006b5c00000, 0x00000006b6000000|  0%| F|  |TAMS 0x00000006b5c00000| PB 0x00000006b5c00000| Untracked 
| 728|0x00000006b6000000, 0x00000006b6000000, 0x00000006b6400000|  0%| F|  |TAMS 0x00000006b6000000| PB 0x00000006b6000000| Untracked 
| 729|0x00000006b6400000, 0x00000006b6400000, 0x00000006b6800000|  0%| F|  |TAMS 0x00000006b6400000| PB 0x00000006b6400000| Untracked 
| 730|0x00000006b6800000, 0x00000006b6800000, 0x00000006b6c00000|  0%| F|  |TAMS 0x00000006b6800000| PB 0x00000006b6800000| Untracked 
| 731|0x00000006b6c00000, 0x00000006b6c00000, 0x00000006b7000000|  0%| F|  |TAMS 0x00000006b6c00000| PB 0x00000006b6c00000| Untracked 
| 732|0x00000006b7000000, 0x00000006b7000000, 0x00000006b7400000|  0%| F|  |TAMS 0x00000006b7000000| PB 0x00000006b7000000| Untracked 
| 733|0x00000006b7400000, 0x00000006b7400000, 0x00000006b7800000|  0%| F|  |TAMS 0x00000006b7400000| PB 0x00000006b7400000| Untracked 
| 734|0x00000006b7800000, 0x00000006b7800000, 0x00000006b7c00000|  0%| F|  |TAMS 0x00000006b7800000| PB 0x00000006b7800000| Untracked 
| 735|0x00000006b7c00000, 0x00000006b7c00000, 0x00000006b8000000|  0%| F|  |TAMS 0x00000006b7c00000| PB 0x00000006b7c00000| Untracked 
| 736|0x00000006b8000000, 0x00000006b8000000, 0x00000006b8400000|  0%| F|  |TAMS 0x00000006b8000000| PB 0x00000006b8000000| Untracked 
| 737|0x00000006b8400000, 0x00000006b8400000, 0x00000006b8800000|  0%| F|  |TAMS 0x00000006b8400000| PB 0x00000006b8400000| Untracked 
| 738|0x00000006b8800000, 0x00000006b8800000, 0x00000006b8c00000|  0%| F|  |TAMS 0x00000006b8800000| PB 0x00000006b8800000| Untracked 
| 739|0x00000006b8c00000, 0x00000006b8c00000, 0x00000006b9000000|  0%| F|  |TAMS 0x00000006b8c00000| PB 0x00000006b8c00000| Untracked 
| 740|0x00000006b9000000, 0x00000006b9000000, 0x00000006b9400000|  0%| F|  |TAMS 0x00000006b9000000| PB 0x00000006b9000000| Untracked 
| 741|0x00000006b9400000, 0x00000006b9400000, 0x00000006b9800000|  0%| F|  |TAMS 0x00000006b9400000| PB 0x00000006b9400000| Untracked 
| 742|0x00000006b9800000, 0x00000006b9800000, 0x00000006b9c00000|  0%| F|  |TAMS 0x00000006b9800000| PB 0x00000006b9800000| Untracked 
| 743|0x00000006b9c00000, 0x00000006b9c00000, 0x00000006ba000000|  0%| F|  |TAMS 0x00000006b9c00000| PB 0x00000006b9c00000| Untracked 
| 744|0x00000006ba000000, 0x00000006ba000000, 0x00000006ba400000|  0%| F|  |TAMS 0x00000006ba000000| PB 0x00000006ba000000| Untracked 
| 745|0x00000006ba400000, 0x00000006ba400000, 0x00000006ba800000|  0%| F|  |TAMS 0x00000006ba400000| PB 0x00000006ba400000| Untracked 
| 746|0x00000006ba800000, 0x00000006ba800000, 0x00000006bac00000|  0%| F|  |TAMS 0x00000006ba800000| PB 0x00000006ba800000| Untracked 
| 747|0x00000006bac00000, 0x00000006bac00000, 0x00000006bb000000|  0%| F|  |TAMS 0x00000006bac00000| PB 0x00000006bac00000| Untracked 
| 748|0x00000006bb000000, 0x00000006bb000000, 0x00000006bb400000|  0%| F|  |TAMS 0x00000006bb000000| PB 0x00000006bb000000| Untracked 
| 749|0x00000006bb400000, 0x00000006bb400000, 0x00000006bb800000|  0%| F|  |TAMS 0x00000006bb400000| PB 0x00000006bb400000| Untracked 
| 750|0x00000006bb800000, 0x00000006bb800000, 0x00000006bbc00000|  0%| F|  |TAMS 0x00000006bb800000| PB 0x00000006bb800000| Untracked 
| 751|0x00000006bbc00000, 0x00000006bbc00000, 0x00000006bc000000|  0%| F|  |TAMS 0x00000006bbc00000| PB 0x00000006bbc00000| Untracked 
| 752|0x00000006bc000000, 0x00000006bc000000, 0x00000006bc400000|  0%| F|  |TAMS 0x00000006bc000000| PB 0x00000006bc000000| Untracked 
| 753|0x00000006bc400000, 0x00000006bc400000, 0x00000006bc800000|  0%| F|  |TAMS 0x00000006bc400000| PB 0x00000006bc400000| Untracked 
| 754|0x00000006bc800000, 0x00000006bc800000, 0x00000006bcc00000|  0%| F|  |TAMS 0x00000006bc800000| PB 0x00000006bc800000| Untracked 
| 755|0x00000006bcc00000, 0x00000006bcc00000, 0x00000006bd000000|  0%| F|  |TAMS 0x00000006bcc00000| PB 0x00000006bcc00000| Untracked 
| 756|0x00000006bd000000, 0x00000006bd000000, 0x00000006bd400000|  0%| F|  |TAMS 0x00000006bd000000| PB 0x00000006bd000000| Untracked 
| 757|0x00000006bd400000, 0x00000006bd400000, 0x00000006bd800000|  0%| F|  |TAMS 0x00000006bd400000| PB 0x00000006bd400000| Untracked 
| 758|0x00000006bd800000, 0x00000006bd800000, 0x00000006bdc00000|  0%| F|  |TAMS 0x00000006bd800000| PB 0x00000006bd800000| Untracked 
| 759|0x00000006bdc00000, 0x00000006bdc00000, 0x00000006be000000|  0%| F|  |TAMS 0x00000006bdc00000| PB 0x00000006bdc00000| Untracked 
| 760|0x00000006be000000, 0x00000006be000000, 0x00000006be400000|  0%| F|  |TAMS 0x00000006be000000| PB 0x00000006be000000| Untracked 
| 761|0x00000006be400000, 0x00000006be400000, 0x00000006be800000|  0%| F|  |TAMS 0x00000006be400000| PB 0x00000006be400000| Untracked 
| 762|0x00000006be800000, 0x00000006be800000, 0x00000006bec00000|  0%| F|  |TAMS 0x00000006be800000| PB 0x00000006be800000| Untracked 
| 763|0x00000006bec00000, 0x00000006bec00000, 0x00000006bf000000|  0%| F|  |TAMS 0x00000006bec00000| PB 0x00000006bec00000| Untracked 
| 764|0x00000006bf000000, 0x00000006bf000000, 0x00000006bf400000|  0%| F|  |TAMS 0x00000006bf000000| PB 0x00000006bf000000| Untracked 
| 765|0x00000006bf400000, 0x00000006bf400000, 0x00000006bf800000|  0%| F|  |TAMS 0x00000006bf400000| PB 0x00000006bf400000| Untracked 
| 766|0x00000006bf800000, 0x00000006bf800000, 0x00000006bfc00000|  0%| F|  |TAMS 0x00000006bf800000| PB 0x00000006bf800000| Untracked 
| 767|0x00000006bfc00000, 0x00000006bfc00000, 0x00000006c0000000|  0%| F|  |TAMS 0x00000006bfc00000| PB 0x00000006bfc00000| Untracked 
| 768|0x00000006c0000000, 0x00000006c0000000, 0x00000006c0400000|  0%| F|  |TAMS 0x00000006c0000000| PB 0x00000006c0000000| Untracked 
| 769|0x00000006c0400000, 0x00000006c0400000, 0x00000006c0800000|  0%| F|  |TAMS 0x00000006c0400000| PB 0x00000006c0400000| Untracked 
| 770|0x00000006c0800000, 0x00000006c0800000, 0x00000006c0c00000|  0%| F|  |TAMS 0x00000006c0800000| PB 0x00000006c0800000| Untracked 
| 771|0x00000006c0c00000, 0x00000006c0c00000, 0x00000006c1000000|  0%| F|  |TAMS 0x00000006c0c00000| PB 0x00000006c0c00000| Untracked 
| 772|0x00000006c1000000, 0x00000006c1000000, 0x00000006c1400000|  0%| F|  |TAMS 0x00000006c1000000| PB 0x00000006c1000000| Untracked 
| 773|0x00000006c1400000, 0x00000006c1400000, 0x00000006c1800000|  0%| F|  |TAMS 0x00000006c1400000| PB 0x00000006c1400000| Untracked 
| 774|0x00000006c1800000, 0x00000006c1800000, 0x00000006c1c00000|  0%| F|  |TAMS 0x00000006c1800000| PB 0x00000006c1800000| Untracked 
| 775|0x00000006c1c00000, 0x00000006c1c00000, 0x00000006c2000000|  0%| F|  |TAMS 0x00000006c1c00000| PB 0x00000006c1c00000| Untracked 
| 776|0x00000006c2000000, 0x00000006c2000000, 0x00000006c2400000|  0%| F|  |TAMS 0x00000006c2000000| PB 0x00000006c2000000| Untracked 
| 777|0x00000006c2400000, 0x00000006c2400000, 0x00000006c2800000|  0%| F|  |TAMS 0x00000006c2400000| PB 0x00000006c2400000| Untracked 
| 778|0x00000006c2800000, 0x00000006c2800000, 0x00000006c2c00000|  0%| F|  |TAMS 0x00000006c2800000| PB 0x00000006c2800000| Untracked 
| 779|0x00000006c2c00000, 0x00000006c2c00000, 0x00000006c3000000|  0%| F|  |TAMS 0x00000006c2c00000| PB 0x00000006c2c00000| Untracked 
| 780|0x00000006c3000000, 0x00000006c3000000, 0x00000006c3400000|  0%| F|  |TAMS 0x00000006c3000000| PB 0x00000006c3000000| Untracked 
| 781|0x00000006c3400000, 0x00000006c3400000, 0x00000006c3800000|  0%| F|  |TAMS 0x00000006c3400000| PB 0x00000006c3400000| Untracked 
| 782|0x00000006c3800000, 0x00000006c3800000, 0x00000006c3c00000|  0%| F|  |TAMS 0x00000006c3800000| PB 0x00000006c3800000| Untracked 
| 783|0x00000006c3c00000, 0x00000006c3c00000, 0x00000006c4000000|  0%| F|  |TAMS 0x00000006c3c00000| PB 0x00000006c3c00000| Untracked 
| 784|0x00000006c4000000, 0x00000006c4000000, 0x00000006c4400000|  0%| F|  |TAMS 0x00000006c4000000| PB 0x00000006c4000000| Untracked 
| 785|0x00000006c4400000, 0x00000006c4400000, 0x00000006c4800000|  0%| F|  |TAMS 0x00000006c4400000| PB 0x00000006c4400000| Untracked 
| 786|0x00000006c4800000, 0x00000006c4800000, 0x00000006c4c00000|  0%| F|  |TAMS 0x00000006c4800000| PB 0x00000006c4800000| Untracked 
| 787|0x00000006c4c00000, 0x00000006c4c00000, 0x00000006c5000000|  0%| F|  |TAMS 0x00000006c4c00000| PB 0x00000006c4c00000| Untracked 
| 788|0x00000006c5000000, 0x00000006c5000000, 0x00000006c5400000|  0%| F|  |TAMS 0x00000006c5000000| PB 0x00000006c5000000| Untracked 
| 789|0x00000006c5400000, 0x00000006c5400000, 0x00000006c5800000|  0%| F|  |TAMS 0x00000006c5400000| PB 0x00000006c5400000| Untracked 
| 790|0x00000006c5800000, 0x00000006c5800000, 0x00000006c5c00000|  0%| F|  |TAMS 0x00000006c5800000| PB 0x00000006c5800000| Untracked 
| 791|0x00000006c5c00000, 0x00000006c5c00000, 0x00000006c6000000|  0%| F|  |TAMS 0x00000006c5c00000| PB 0x00000006c5c00000| Untracked 
| 792|0x00000006c6000000, 0x00000006c6000000, 0x00000006c6400000|  0%| F|  |TAMS 0x00000006c6000000| PB 0x00000006c6000000| Untracked 
| 793|0x00000006c6400000, 0x00000006c6400000, 0x00000006c6800000|  0%| F|  |TAMS 0x00000006c6400000| PB 0x00000006c6400000| Untracked 
| 794|0x00000006c6800000, 0x00000006c6800000, 0x00000006c6c00000|  0%| F|  |TAMS 0x00000006c6800000| PB 0x00000006c6800000| Untracked 
| 795|0x00000006c6c00000, 0x00000006c6c00000, 0x00000006c7000000|  0%| F|  |TAMS 0x00000006c6c00000| PB 0x00000006c6c00000| Untracked 
| 796|0x00000006c7000000, 0x00000006c7000000, 0x00000006c7400000|  0%| F|  |TAMS 0x00000006c7000000| PB 0x00000006c7000000| Untracked 
| 797|0x00000006c7400000, 0x00000006c7400000, 0x00000006c7800000|  0%| F|  |TAMS 0x00000006c7400000| PB 0x00000006c7400000| Untracked 
| 798|0x00000006c7800000, 0x00000006c7800000, 0x00000006c7c00000|  0%| F|  |TAMS 0x00000006c7800000| PB 0x00000006c7800000| Untracked 
| 799|0x00000006c7c00000, 0x00000006c7c00000, 0x00000006c8000000|  0%| F|  |TAMS 0x00000006c7c00000| PB 0x00000006c7c00000| Untracked 
| 800|0x00000006c8000000, 0x00000006c8000000, 0x00000006c8400000|  0%| F|  |TAMS 0x00000006c8000000| PB 0x00000006c8000000| Untracked 
| 801|0x00000006c8400000, 0x00000006c8400000, 0x00000006c8800000|  0%| F|  |TAMS 0x00000006c8400000| PB 0x00000006c8400000| Untracked 
| 802|0x00000006c8800000, 0x00000006c8800000, 0x00000006c8c00000|  0%| F|  |TAMS 0x00000006c8800000| PB 0x00000006c8800000| Untracked 
| 803|0x00000006c8c00000, 0x00000006c8c00000, 0x00000006c9000000|  0%| F|  |TAMS 0x00000006c8c00000| PB 0x00000006c8c00000| Untracked 
| 804|0x00000006c9000000, 0x00000006c9000000, 0x00000006c9400000|  0%| F|  |TAMS 0x00000006c9000000| PB 0x00000006c9000000| Untracked 
| 805|0x00000006c9400000, 0x00000006c9400000, 0x00000006c9800000|  0%| F|  |TAMS 0x00000006c9400000| PB 0x00000006c9400000| Untracked 
| 806|0x00000006c9800000, 0x00000006c9800000, 0x00000006c9c00000|  0%| F|  |TAMS 0x00000006c9800000| PB 0x00000006c9800000| Untracked 
| 807|0x00000006c9c00000, 0x00000006c9c00000, 0x00000006ca000000|  0%| F|  |TAMS 0x00000006c9c00000| PB 0x00000006c9c00000| Untracked 
| 808|0x00000006ca000000, 0x00000006ca000000, 0x00000006ca400000|  0%| F|  |TAMS 0x00000006ca000000| PB 0x00000006ca000000| Untracked 
| 809|0x00000006ca400000, 0x00000006ca400000, 0x00000006ca800000|  0%| F|  |TAMS 0x00000006ca400000| PB 0x00000006ca400000| Untracked 
| 810|0x00000006ca800000, 0x00000006ca800000, 0x00000006cac00000|  0%| F|  |TAMS 0x00000006ca800000| PB 0x00000006ca800000| Untracked 
| 811|0x00000006cac00000, 0x00000006cac00000, 0x00000006cb000000|  0%| F|  |TAMS 0x00000006cac00000| PB 0x00000006cac00000| Untracked 
| 812|0x00000006cb000000, 0x00000006cb000000, 0x00000006cb400000|  0%| F|  |TAMS 0x00000006cb000000| PB 0x00000006cb000000| Untracked 
| 813|0x00000006cb400000, 0x00000006cb400000, 0x00000006cb800000|  0%| F|  |TAMS 0x00000006cb400000| PB 0x00000006cb400000| Untracked 
| 814|0x00000006cb800000, 0x00000006cb800000, 0x00000006cbc00000|  0%| F|  |TAMS 0x00000006cb800000| PB 0x00000006cb800000| Untracked 
| 815|0x00000006cbc00000, 0x00000006cbc00000, 0x00000006cc000000|  0%| F|  |TAMS 0x00000006cbc00000| PB 0x00000006cbc00000| Untracked 
| 816|0x00000006cc000000, 0x00000006cc000000, 0x00000006cc400000|  0%| F|  |TAMS 0x00000006cc000000| PB 0x00000006cc000000| Untracked 
| 817|0x00000006cc400000, 0x00000006cc400000, 0x00000006cc800000|  0%| F|  |TAMS 0x00000006cc400000| PB 0x00000006cc400000| Untracked 
| 818|0x00000006cc800000, 0x00000006cc800000, 0x00000006ccc00000|  0%| F|  |TAMS 0x00000006cc800000| PB 0x00000006cc800000| Untracked 
| 819|0x00000006ccc00000, 0x00000006ccc00000, 0x00000006cd000000|  0%| F|  |TAMS 0x00000006ccc00000| PB 0x00000006ccc00000| Untracked 
| 820|0x00000006cd000000, 0x00000006cd000000, 0x00000006cd400000|  0%| F|  |TAMS 0x00000006cd000000| PB 0x00000006cd000000| Untracked 
| 821|0x00000006cd400000, 0x00000006cd400000, 0x00000006cd800000|  0%| F|  |TAMS 0x00000006cd400000| PB 0x00000006cd400000| Untracked 
| 822|0x00000006cd800000, 0x00000006cd800000, 0x00000006cdc00000|  0%| F|  |TAMS 0x00000006cd800000| PB 0x00000006cd800000| Untracked 
| 823|0x00000006cdc00000, 0x00000006cdc00000, 0x00000006ce000000|  0%| F|  |TAMS 0x00000006cdc00000| PB 0x00000006cdc00000| Untracked 
| 824|0x00000006ce000000, 0x00000006ce000000, 0x00000006ce400000|  0%| F|  |TAMS 0x00000006ce000000| PB 0x00000006ce000000| Untracked 
| 825|0x00000006ce400000, 0x00000006ce400000, 0x00000006ce800000|  0%| F|  |TAMS 0x00000006ce400000| PB 0x00000006ce400000| Untracked 
| 826|0x00000006ce800000, 0x00000006ce800000, 0x00000006cec00000|  0%| F|  |TAMS 0x00000006ce800000| PB 0x00000006ce800000| Untracked 
| 827|0x00000006cec00000, 0x00000006cec00000, 0x00000006cf000000|  0%| F|  |TAMS 0x00000006cec00000| PB 0x00000006cec00000| Untracked 
| 828|0x00000006cf000000, 0x00000006cf000000, 0x00000006cf400000|  0%| F|  |TAMS 0x00000006cf000000| PB 0x00000006cf000000| Untracked 
| 829|0x00000006cf400000, 0x00000006cf400000, 0x00000006cf800000|  0%| F|  |TAMS 0x00000006cf400000| PB 0x00000006cf400000| Untracked 
| 830|0x00000006cf800000, 0x00000006cf800000, 0x00000006cfc00000|  0%| F|  |TAMS 0x00000006cf800000| PB 0x00000006cf800000| Untracked 
| 831|0x00000006cfc00000, 0x00000006cfc00000, 0x00000006d0000000|  0%| F|  |TAMS 0x00000006cfc00000| PB 0x00000006cfc00000| Untracked 
| 832|0x00000006d0000000, 0x00000006d0000000, 0x00000006d0400000|  0%| F|  |TAMS 0x00000006d0000000| PB 0x00000006d0000000| Untracked 
| 833|0x00000006d0400000, 0x00000006d0400000, 0x00000006d0800000|  0%| F|  |TAMS 0x00000006d0400000| PB 0x00000006d0400000| Untracked 
| 834|0x00000006d0800000, 0x00000006d0800000, 0x00000006d0c00000|  0%| F|  |TAMS 0x00000006d0800000| PB 0x00000006d0800000| Untracked 
| 835|0x00000006d0c00000, 0x00000006d0c00000, 0x00000006d1000000|  0%| F|  |TAMS 0x00000006d0c00000| PB 0x00000006d0c00000| Untracked 
| 836|0x00000006d1000000, 0x00000006d1000000, 0x00000006d1400000|  0%| F|  |TAMS 0x00000006d1000000| PB 0x00000006d1000000| Untracked 
| 837|0x00000006d1400000, 0x00000006d1400000, 0x00000006d1800000|  0%| F|  |TAMS 0x00000006d1400000| PB 0x00000006d1400000| Untracked 
| 838|0x00000006d1800000, 0x00000006d1800000, 0x00000006d1c00000|  0%| F|  |TAMS 0x00000006d1800000| PB 0x00000006d1800000| Untracked 
| 839|0x00000006d1c00000, 0x00000006d1c00000, 0x00000006d2000000|  0%| F|  |TAMS 0x00000006d1c00000| PB 0x00000006d1c00000| Untracked 
| 840|0x00000006d2000000, 0x00000006d2000000, 0x00000006d2400000|  0%| F|  |TAMS 0x00000006d2000000| PB 0x00000006d2000000| Untracked 
| 841|0x00000006d2400000, 0x00000006d2400000, 0x00000006d2800000|  0%| F|  |TAMS 0x00000006d2400000| PB 0x00000006d2400000| Untracked 
| 842|0x00000006d2800000, 0x00000006d2800000, 0x00000006d2c00000|  0%| F|  |TAMS 0x00000006d2800000| PB 0x00000006d2800000| Untracked 
| 843|0x00000006d2c00000, 0x00000006d2c00000, 0x00000006d3000000|  0%| F|  |TAMS 0x00000006d2c00000| PB 0x00000006d2c00000| Untracked 
| 844|0x00000006d3000000, 0x00000006d3000000, 0x00000006d3400000|  0%| F|  |TAMS 0x00000006d3000000| PB 0x00000006d3000000| Untracked 
| 845|0x00000006d3400000, 0x00000006d3400000, 0x00000006d3800000|  0%| F|  |TAMS 0x00000006d3400000| PB 0x00000006d3400000| Untracked 
| 846|0x00000006d3800000, 0x00000006d3800000, 0x00000006d3c00000|  0%| F|  |TAMS 0x00000006d3800000| PB 0x00000006d3800000| Untracked 
| 847|0x00000006d3c00000, 0x00000006d3c00000, 0x00000006d4000000|  0%| F|  |TAMS 0x00000006d3c00000| PB 0x00000006d3c00000| Untracked 
| 848|0x00000006d4000000, 0x00000006d4000000, 0x00000006d4400000|  0%| F|  |TAMS 0x00000006d4000000| PB 0x00000006d4000000| Untracked 
| 849|0x00000006d4400000, 0x00000006d4400000, 0x00000006d4800000|  0%| F|  |TAMS 0x00000006d4400000| PB 0x00000006d4400000| Untracked 
| 850|0x00000006d4800000, 0x00000006d4800000, 0x00000006d4c00000|  0%| F|  |TAMS 0x00000006d4800000| PB 0x00000006d4800000| Untracked 
| 851|0x00000006d4c00000, 0x00000006d4c00000, 0x00000006d5000000|  0%| F|  |TAMS 0x00000006d4c00000| PB 0x00000006d4c00000| Untracked 
| 852|0x00000006d5000000, 0x00000006d5000000, 0x00000006d5400000|  0%| F|  |TAMS 0x00000006d5000000| PB 0x00000006d5000000| Untracked 
| 853|0x00000006d5400000, 0x00000006d5400000, 0x00000006d5800000|  0%| F|  |TAMS 0x00000006d5400000| PB 0x00000006d5400000| Untracked 
| 854|0x00000006d5800000, 0x00000006d5800000, 0x00000006d5c00000|  0%| F|  |TAMS 0x00000006d5800000| PB 0x00000006d5800000| Untracked 
| 855|0x00000006d5c00000, 0x00000006d5c00000, 0x00000006d6000000|  0%| F|  |TAMS 0x00000006d5c00000| PB 0x00000006d5c00000| Untracked 
| 856|0x00000006d6000000, 0x00000006d6000000, 0x00000006d6400000|  0%| F|  |TAMS 0x00000006d6000000| PB 0x00000006d6000000| Untracked 
| 857|0x00000006d6400000, 0x00000006d6400000, 0x00000006d6800000|  0%| F|  |TAMS 0x00000006d6400000| PB 0x00000006d6400000| Untracked 
| 858|0x00000006d6800000, 0x00000006d6800000, 0x00000006d6c00000|  0%| F|  |TAMS 0x00000006d6800000| PB 0x00000006d6800000| Untracked 
| 859|0x00000006d6c00000, 0x00000006d6c00000, 0x00000006d7000000|  0%| F|  |TAMS 0x00000006d6c00000| PB 0x00000006d6c00000| Untracked 
| 860|0x00000006d7000000, 0x00000006d7000000, 0x00000006d7400000|  0%| F|  |TAMS 0x00000006d7000000| PB 0x00000006d7000000| Untracked 
| 861|0x00000006d7400000, 0x00000006d7400000, 0x00000006d7800000|  0%| F|  |TAMS 0x00000006d7400000| PB 0x00000006d7400000| Untracked 
| 862|0x00000006d7800000, 0x00000006d7800000, 0x00000006d7c00000|  0%| F|  |TAMS 0x00000006d7800000| PB 0x00000006d7800000| Untracked 
| 863|0x00000006d7c00000, 0x00000006d7c00000, 0x00000006d8000000|  0%| F|  |TAMS 0x00000006d7c00000| PB 0x00000006d7c00000| Untracked 
| 864|0x00000006d8000000, 0x00000006d8000000, 0x00000006d8400000|  0%| F|  |TAMS 0x00000006d8000000| PB 0x00000006d8000000| Untracked 
| 865|0x00000006d8400000, 0x00000006d8400000, 0x00000006d8800000|  0%| F|  |TAMS 0x00000006d8400000| PB 0x00000006d8400000| Untracked 
| 866|0x00000006d8800000, 0x00000006d8800000, 0x00000006d8c00000|  0%| F|  |TAMS 0x00000006d8800000| PB 0x00000006d8800000| Untracked 
| 867|0x00000006d8c00000, 0x00000006d8c00000, 0x00000006d9000000|  0%| F|  |TAMS 0x00000006d8c00000| PB 0x00000006d8c00000| Untracked 
| 868|0x00000006d9000000, 0x00000006d9000000, 0x00000006d9400000|  0%| F|  |TAMS 0x00000006d9000000| PB 0x00000006d9000000| Untracked 
| 869|0x00000006d9400000, 0x00000006d9400000, 0x00000006d9800000|  0%| F|  |TAMS 0x00000006d9400000| PB 0x00000006d9400000| Untracked 
| 870|0x00000006d9800000, 0x00000006d9800000, 0x00000006d9c00000|  0%| F|  |TAMS 0x00000006d9800000| PB 0x00000006d9800000| Untracked 
| 871|0x00000006d9c00000, 0x00000006d9c00000, 0x00000006da000000|  0%| F|  |TAMS 0x00000006d9c00000| PB 0x00000006d9c00000| Untracked 
| 872|0x00000006da000000, 0x00000006da000000, 0x00000006da400000|  0%| F|  |TAMS 0x00000006da000000| PB 0x00000006da000000| Untracked 
| 873|0x00000006da400000, 0x00000006da400000, 0x00000006da800000|  0%| F|  |TAMS 0x00000006da400000| PB 0x00000006da400000| Untracked 
| 874|0x00000006da800000, 0x00000006da800000, 0x00000006dac00000|  0%| F|  |TAMS 0x00000006da800000| PB 0x00000006da800000| Untracked 
| 875|0x00000006dac00000, 0x00000006dac00000, 0x00000006db000000|  0%| F|  |TAMS 0x00000006dac00000| PB 0x00000006dac00000| Untracked 
| 876|0x00000006db000000, 0x00000006db000000, 0x00000006db400000|  0%| F|  |TAMS 0x00000006db000000| PB 0x00000006db000000| Untracked 
| 877|0x00000006db400000, 0x00000006db400000, 0x00000006db800000|  0%| F|  |TAMS 0x00000006db400000| PB 0x00000006db400000| Untracked 
| 878|0x00000006db800000, 0x00000006db800000, 0x00000006dbc00000|  0%| F|  |TAMS 0x00000006db800000| PB 0x00000006db800000| Untracked 
| 879|0x00000006dbc00000, 0x00000006dbc00000, 0x00000006dc000000|  0%| F|  |TAMS 0x00000006dbc00000| PB 0x00000006dbc00000| Untracked 
| 880|0x00000006dc000000, 0x00000006dc000000, 0x00000006dc400000|  0%| F|  |TAMS 0x00000006dc000000| PB 0x00000006dc000000| Untracked 
| 881|0x00000006dc400000, 0x00000006dc400000, 0x00000006dc800000|  0%| F|  |TAMS 0x00000006dc400000| PB 0x00000006dc400000| Untracked 
| 882|0x00000006dc800000, 0x00000006dc800000, 0x00000006dcc00000|  0%| F|  |TAMS 0x00000006dc800000| PB 0x00000006dc800000| Untracked 
| 883|0x00000006dcc00000, 0x00000006dcc00000, 0x00000006dd000000|  0%| F|  |TAMS 0x00000006dcc00000| PB 0x00000006dcc00000| Untracked 
| 884|0x00000006dd000000, 0x00000006dd000000, 0x00000006dd400000|  0%| F|  |TAMS 0x00000006dd000000| PB 0x00000006dd000000| Untracked 
| 885|0x00000006dd400000, 0x00000006dd400000, 0x00000006dd800000|  0%| F|  |TAMS 0x00000006dd400000| PB 0x00000006dd400000| Untracked 
| 886|0x00000006dd800000, 0x00000006dd800000, 0x00000006ddc00000|  0%| F|  |TAMS 0x00000006dd800000| PB 0x00000006dd800000| Untracked 
| 887|0x00000006ddc00000, 0x00000006ddc00000, 0x00000006de000000|  0%| F|  |TAMS 0x00000006ddc00000| PB 0x00000006ddc00000| Untracked 
| 888|0x00000006de000000, 0x00000006de000000, 0x00000006de400000|  0%| F|  |TAMS 0x00000006de000000| PB 0x00000006de000000| Untracked 
| 889|0x00000006de400000, 0x00000006de400000, 0x00000006de800000|  0%| F|  |TAMS 0x00000006de400000| PB 0x00000006de400000| Untracked 
| 890|0x00000006de800000, 0x00000006de800000, 0x00000006dec00000|  0%| F|  |TAMS 0x00000006de800000| PB 0x00000006de800000| Untracked 
| 891|0x00000006dec00000, 0x00000006dec00000, 0x00000006df000000|  0%| F|  |TAMS 0x00000006dec00000| PB 0x00000006dec00000| Untracked 
| 892|0x00000006df000000, 0x00000006df000000, 0x00000006df400000|  0%| F|  |TAMS 0x00000006df000000| PB 0x00000006df000000| Untracked 
| 893|0x00000006df400000, 0x00000006df400000, 0x00000006df800000|  0%| F|  |TAMS 0x00000006df400000| PB 0x00000006df400000| Untracked 
| 894|0x00000006df800000, 0x00000006df800000, 0x00000006dfc00000|  0%| F|  |TAMS 0x00000006df800000| PB 0x00000006df800000| Untracked 
| 895|0x00000006dfc00000, 0x00000006dfc00000, 0x00000006e0000000|  0%| F|  |TAMS 0x00000006dfc00000| PB 0x00000006dfc00000| Untracked 
| 896|0x00000006e0000000, 0x00000006e0000000, 0x00000006e0400000|  0%| F|  |TAMS 0x00000006e0000000| PB 0x00000006e0000000| Untracked 
| 897|0x00000006e0400000, 0x00000006e0400000, 0x00000006e0800000|  0%| F|  |TAMS 0x00000006e0400000| PB 0x00000006e0400000| Untracked 
| 898|0x00000006e0800000, 0x00000006e0800000, 0x00000006e0c00000|  0%| F|  |TAMS 0x00000006e0800000| PB 0x00000006e0800000| Untracked 
| 899|0x00000006e0c00000, 0x00000006e0c00000, 0x00000006e1000000|  0%| F|  |TAMS 0x00000006e0c00000| PB 0x00000006e0c00000| Untracked 
| 900|0x00000006e1000000, 0x00000006e1000000, 0x00000006e1400000|  0%| F|  |TAMS 0x00000006e1000000| PB 0x00000006e1000000| Untracked 
| 901|0x00000006e1400000, 0x00000006e1400000, 0x00000006e1800000|  0%| F|  |TAMS 0x00000006e1400000| PB 0x00000006e1400000| Untracked 
| 902|0x00000006e1800000, 0x00000006e1800000, 0x00000006e1c00000|  0%| F|  |TAMS 0x00000006e1800000| PB 0x00000006e1800000| Untracked 
| 903|0x00000006e1c00000, 0x00000006e1c00000, 0x00000006e2000000|  0%| F|  |TAMS 0x00000006e1c00000| PB 0x00000006e1c00000| Untracked 
| 904|0x00000006e2000000, 0x00000006e2000000, 0x00000006e2400000|  0%| F|  |TAMS 0x00000006e2000000| PB 0x00000006e2000000| Untracked 
| 905|0x00000006e2400000, 0x00000006e2400000, 0x00000006e2800000|  0%| F|  |TAMS 0x00000006e2400000| PB 0x00000006e2400000| Untracked 
| 906|0x00000006e2800000, 0x00000006e2800000, 0x00000006e2c00000|  0%| F|  |TAMS 0x00000006e2800000| PB 0x00000006e2800000| Untracked 
| 907|0x00000006e2c00000, 0x00000006e2c00000, 0x00000006e3000000|  0%| F|  |TAMS 0x00000006e2c00000| PB 0x00000006e2c00000| Untracked 
| 908|0x00000006e3000000, 0x00000006e3000000, 0x00000006e3400000|  0%| F|  |TAMS 0x00000006e3000000| PB 0x00000006e3000000| Untracked 
| 909|0x00000006e3400000, 0x00000006e3400000, 0x00000006e3800000|  0%| F|  |TAMS 0x00000006e3400000| PB 0x00000006e3400000| Untracked 
| 910|0x00000006e3800000, 0x00000006e3800000, 0x00000006e3c00000|  0%| F|  |TAMS 0x00000006e3800000| PB 0x00000006e3800000| Untracked 
| 911|0x00000006e3c00000, 0x00000006e3c00000, 0x00000006e4000000|  0%| F|  |TAMS 0x00000006e3c00000| PB 0x00000006e3c00000| Untracked 
| 912|0x00000006e4000000, 0x00000006e4000000, 0x00000006e4400000|  0%| F|  |TAMS 0x00000006e4000000| PB 0x00000006e4000000| Untracked 
| 913|0x00000006e4400000, 0x00000006e4400000, 0x00000006e4800000|  0%| F|  |TAMS 0x00000006e4400000| PB 0x00000006e4400000| Untracked 
| 914|0x00000006e4800000, 0x00000006e4800000, 0x00000006e4c00000|  0%| F|  |TAMS 0x00000006e4800000| PB 0x00000006e4800000| Untracked 
| 915|0x00000006e4c00000, 0x00000006e4c00000, 0x00000006e5000000|  0%| F|  |TAMS 0x00000006e4c00000| PB 0x00000006e4c00000| Untracked 
| 916|0x00000006e5000000, 0x00000006e5000000, 0x00000006e5400000|  0%| F|  |TAMS 0x00000006e5000000| PB 0x00000006e5000000| Untracked 
| 917|0x00000006e5400000, 0x00000006e5400000, 0x00000006e5800000|  0%| F|  |TAMS 0x00000006e5400000| PB 0x00000006e5400000| Untracked 
| 918|0x00000006e5800000, 0x00000006e5800000, 0x00000006e5c00000|  0%| F|  |TAMS 0x00000006e5800000| PB 0x00000006e5800000| Untracked 
| 919|0x00000006e5c00000, 0x00000006e5c00000, 0x00000006e6000000|  0%| F|  |TAMS 0x00000006e5c00000| PB 0x00000006e5c00000| Untracked 
| 920|0x00000006e6000000, 0x00000006e6000000, 0x00000006e6400000|  0%| F|  |TAMS 0x00000006e6000000| PB 0x00000006e6000000| Untracked 
| 921|0x00000006e6400000, 0x00000006e6400000, 0x00000006e6800000|  0%| F|  |TAMS 0x00000006e6400000| PB 0x00000006e6400000| Untracked 
| 922|0x00000006e6800000, 0x00000006e6800000, 0x00000006e6c00000|  0%| F|  |TAMS 0x00000006e6800000| PB 0x00000006e6800000| Untracked 
| 923|0x00000006e6c00000, 0x00000006e6c00000, 0x00000006e7000000|  0%| F|  |TAMS 0x00000006e6c00000| PB 0x00000006e6c00000| Untracked 
| 924|0x00000006e7000000, 0x00000006e7000000, 0x00000006e7400000|  0%| F|  |TAMS 0x00000006e7000000| PB 0x00000006e7000000| Untracked 
| 925|0x00000006e7400000, 0x00000006e7400000, 0x00000006e7800000|  0%| F|  |TAMS 0x00000006e7400000| PB 0x00000006e7400000| Untracked 
| 926|0x00000006e7800000, 0x00000006e7800000, 0x00000006e7c00000|  0%| F|  |TAMS 0x00000006e7800000| PB 0x00000006e7800000| Untracked 
| 927|0x00000006e7c00000, 0x00000006e7c00000, 0x00000006e8000000|  0%| F|  |TAMS 0x00000006e7c00000| PB 0x00000006e7c00000| Untracked 
| 928|0x00000006e8000000, 0x00000006e8000000, 0x00000006e8400000|  0%| F|  |TAMS 0x00000006e8000000| PB 0x00000006e8000000| Untracked 
| 929|0x00000006e8400000, 0x00000006e8400000, 0x00000006e8800000|  0%| F|  |TAMS 0x00000006e8400000| PB 0x00000006e8400000| Untracked 
| 930|0x00000006e8800000, 0x00000006e8800000, 0x00000006e8c00000|  0%| F|  |TAMS 0x00000006e8800000| PB 0x00000006e8800000| Untracked 
| 931|0x00000006e8c00000, 0x00000006e8c00000, 0x00000006e9000000|  0%| F|  |TAMS 0x00000006e8c00000| PB 0x00000006e8c00000| Untracked 
| 932|0x00000006e9000000, 0x00000006e9000000, 0x00000006e9400000|  0%| F|  |TAMS 0x00000006e9000000| PB 0x00000006e9000000| Untracked 
| 933|0x00000006e9400000, 0x00000006e9400000, 0x00000006e9800000|  0%| F|  |TAMS 0x00000006e9400000| PB 0x00000006e9400000| Untracked 
| 934|0x00000006e9800000, 0x00000006e9800000, 0x00000006e9c00000|  0%| F|  |TAMS 0x00000006e9800000| PB 0x00000006e9800000| Untracked 
| 935|0x00000006e9c00000, 0x00000006e9c00000, 0x00000006ea000000|  0%| F|  |TAMS 0x00000006e9c00000| PB 0x00000006e9c00000| Untracked 
| 936|0x00000006ea000000, 0x00000006ea000000, 0x00000006ea400000|  0%| F|  |TAMS 0x00000006ea000000| PB 0x00000006ea000000| Untracked 
| 937|0x00000006ea400000, 0x00000006ea400000, 0x00000006ea800000|  0%| F|  |TAMS 0x00000006ea400000| PB 0x00000006ea400000| Untracked 
| 938|0x00000006ea800000, 0x00000006ea800000, 0x00000006eac00000|  0%| F|  |TAMS 0x00000006ea800000| PB 0x00000006ea800000| Untracked 
| 939|0x00000006eac00000, 0x00000006eac00000, 0x00000006eb000000|  0%| F|  |TAMS 0x00000006eac00000| PB 0x00000006eac00000| Untracked 
| 940|0x00000006eb000000, 0x00000006eb000000, 0x00000006eb400000|  0%| F|  |TAMS 0x00000006eb000000| PB 0x00000006eb000000| Untracked 
| 941|0x00000006eb400000, 0x00000006eb400000, 0x00000006eb800000|  0%| F|  |TAMS 0x00000006eb400000| PB 0x00000006eb400000| Untracked 
| 942|0x00000006eb800000, 0x00000006eb800000, 0x00000006ebc00000|  0%| F|  |TAMS 0x00000006eb800000| PB 0x00000006eb800000| Untracked 
| 943|0x00000006ebc00000, 0x00000006ebc00000, 0x00000006ec000000|  0%| F|  |TAMS 0x00000006ebc00000| PB 0x00000006ebc00000| Untracked 
| 944|0x00000006ec000000, 0x00000006ec000000, 0x00000006ec400000|  0%| F|  |TAMS 0x00000006ec000000| PB 0x00000006ec000000| Untracked 
| 945|0x00000006ec400000, 0x00000006ec400000, 0x00000006ec800000|  0%| F|  |TAMS 0x00000006ec400000| PB 0x00000006ec400000| Untracked 
| 946|0x00000006ec800000, 0x00000006ec800000, 0x00000006ecc00000|  0%| F|  |TAMS 0x00000006ec800000| PB 0x00000006ec800000| Untracked 
| 947|0x00000006ecc00000, 0x00000006ecc00000, 0x00000006ed000000|  0%| F|  |TAMS 0x00000006ecc00000| PB 0x00000006ecc00000| Untracked 
| 948|0x00000006ed000000, 0x00000006ed000000, 0x00000006ed400000|  0%| F|  |TAMS 0x00000006ed000000| PB 0x00000006ed000000| Untracked 
| 949|0x00000006ed400000, 0x00000006ed400000, 0x00000006ed800000|  0%| F|  |TAMS 0x00000006ed400000| PB 0x00000006ed400000| Untracked 
| 950|0x00000006ed800000, 0x00000006ed800000, 0x00000006edc00000|  0%| F|  |TAMS 0x00000006ed800000| PB 0x00000006ed800000| Untracked 
| 951|0x00000006edc00000, 0x00000006edc00000, 0x00000006ee000000|  0%| F|  |TAMS 0x00000006edc00000| PB 0x00000006edc00000| Untracked 
| 952|0x00000006ee000000, 0x00000006ee000000, 0x00000006ee400000|  0%| F|  |TAMS 0x00000006ee000000| PB 0x00000006ee000000| Untracked 
| 953|0x00000006ee400000, 0x00000006ee400000, 0x00000006ee800000|  0%| F|  |TAMS 0x00000006ee400000| PB 0x00000006ee400000| Untracked 
| 954|0x00000006ee800000, 0x00000006ee800000, 0x00000006eec00000|  0%| F|  |TAMS 0x00000006ee800000| PB 0x00000006ee800000| Untracked 
| 955|0x00000006eec00000, 0x00000006eec00000, 0x00000006ef000000|  0%| F|  |TAMS 0x00000006eec00000| PB 0x00000006eec00000| Untracked 
| 956|0x00000006ef000000, 0x00000006ef000000, 0x00000006ef400000|  0%| F|  |TAMS 0x00000006ef000000| PB 0x00000006ef000000| Untracked 
| 957|0x00000006ef400000, 0x00000006ef400000, 0x00000006ef800000|  0%| F|  |TAMS 0x00000006ef400000| PB 0x00000006ef400000| Untracked 
| 958|0x00000006ef800000, 0x00000006ef800000, 0x00000006efc00000|  0%| F|  |TAMS 0x00000006ef800000| PB 0x00000006ef800000| Untracked 
| 959|0x00000006efc00000, 0x00000006efc00000, 0x00000006f0000000|  0%| F|  |TAMS 0x00000006efc00000| PB 0x00000006efc00000| Untracked 
| 960|0x00000006f0000000, 0x00000006f0000000, 0x00000006f0400000|  0%| F|  |TAMS 0x00000006f0000000| PB 0x00000006f0000000| Untracked 
| 961|0x00000006f0400000, 0x00000006f0400000, 0x00000006f0800000|  0%| F|  |TAMS 0x00000006f0400000| PB 0x00000006f0400000| Untracked 
| 962|0x00000006f0800000, 0x00000006f0800000, 0x00000006f0c00000|  0%| F|  |TAMS 0x00000006f0800000| PB 0x00000006f0800000| Untracked 
| 963|0x00000006f0c00000, 0x00000006f0c00000, 0x00000006f1000000|  0%| F|  |TAMS 0x00000006f0c00000| PB 0x00000006f0c00000| Untracked 
| 964|0x00000006f1000000, 0x00000006f1000000, 0x00000006f1400000|  0%| F|  |TAMS 0x00000006f1000000| PB 0x00000006f1000000| Untracked 
| 965|0x00000006f1400000, 0x00000006f1400000, 0x00000006f1800000|  0%| F|  |TAMS 0x00000006f1400000| PB 0x00000006f1400000| Untracked 
| 966|0x00000006f1800000, 0x00000006f1800000, 0x00000006f1c00000|  0%| F|  |TAMS 0x00000006f1800000| PB 0x00000006f1800000| Untracked 
| 967|0x00000006f1c00000, 0x00000006f1c00000, 0x00000006f2000000|  0%| F|  |TAMS 0x00000006f1c00000| PB 0x00000006f1c00000| Untracked 
| 968|0x00000006f2000000, 0x00000006f2000000, 0x00000006f2400000|  0%| F|  |TAMS 0x00000006f2000000| PB 0x00000006f2000000| Untracked 
| 969|0x00000006f2400000, 0x00000006f2400000, 0x00000006f2800000|  0%| F|  |TAMS 0x00000006f2400000| PB 0x00000006f2400000| Untracked 
| 970|0x00000006f2800000, 0x00000006f2800000, 0x00000006f2c00000|  0%| F|  |TAMS 0x00000006f2800000| PB 0x00000006f2800000| Untracked 
| 971|0x00000006f2c00000, 0x00000006f2c00000, 0x00000006f3000000|  0%| F|  |TAMS 0x00000006f2c00000| PB 0x00000006f2c00000| Untracked 
| 972|0x00000006f3000000, 0x00000006f3000000, 0x00000006f3400000|  0%| F|  |TAMS 0x00000006f3000000| PB 0x00000006f3000000| Untracked 
| 973|0x00000006f3400000, 0x00000006f3400000, 0x00000006f3800000|  0%| F|  |TAMS 0x00000006f3400000| PB 0x00000006f3400000| Untracked 
| 974|0x00000006f3800000, 0x00000006f3800000, 0x00000006f3c00000|  0%| F|  |TAMS 0x00000006f3800000| PB 0x00000006f3800000| Untracked 
| 975|0x00000006f3c00000, 0x00000006f3c00000, 0x00000006f4000000|  0%| F|  |TAMS 0x00000006f3c00000| PB 0x00000006f3c00000| Untracked 
| 976|0x00000006f4000000, 0x00000006f4000000, 0x00000006f4400000|  0%| F|  |TAMS 0x00000006f4000000| PB 0x00000006f4000000| Untracked 
| 977|0x00000006f4400000, 0x00000006f4400000, 0x00000006f4800000|  0%| F|  |TAMS 0x00000006f4400000| PB 0x00000006f4400000| Untracked 
| 978|0x00000006f4800000, 0x00000006f4800000, 0x00000006f4c00000|  0%| F|  |TAMS 0x00000006f4800000| PB 0x00000006f4800000| Untracked 
| 979|0x00000006f4c00000, 0x00000006f4c00000, 0x00000006f5000000|  0%| F|  |TAMS 0x00000006f4c00000| PB 0x00000006f4c00000| Untracked 
| 980|0x00000006f5000000, 0x00000006f5000000, 0x00000006f5400000|  0%| F|  |TAMS 0x00000006f5000000| PB 0x00000006f5000000| Untracked 
| 981|0x00000006f5400000, 0x00000006f5400000, 0x00000006f5800000|  0%| F|  |TAMS 0x00000006f5400000| PB 0x00000006f5400000| Untracked 
| 982|0x00000006f5800000, 0x00000006f5800000, 0x00000006f5c00000|  0%| F|  |TAMS 0x00000006f5800000| PB 0x00000006f5800000| Untracked 
| 983|0x00000006f5c00000, 0x00000006f5c00000, 0x00000006f6000000|  0%| F|  |TAMS 0x00000006f5c00000| PB 0x00000006f5c00000| Untracked 
| 984|0x00000006f6000000, 0x00000006f6000000, 0x00000006f6400000|  0%| F|  |TAMS 0x00000006f6000000| PB 0x00000006f6000000| Untracked 
| 985|0x00000006f6400000, 0x00000006f6400000, 0x00000006f6800000|  0%| F|  |TAMS 0x00000006f6400000| PB 0x00000006f6400000| Untracked 
| 986|0x00000006f6800000, 0x00000006f6800000, 0x00000006f6c00000|  0%| F|  |TAMS 0x00000006f6800000| PB 0x00000006f6800000| Untracked 
| 987|0x00000006f6c00000, 0x00000006f6c00000, 0x00000006f7000000|  0%| F|  |TAMS 0x00000006f6c00000| PB 0x00000006f6c00000| Untracked 
| 988|0x00000006f7000000, 0x00000006f7000000, 0x00000006f7400000|  0%| F|  |TAMS 0x00000006f7000000| PB 0x00000006f7000000| Untracked 
| 989|0x00000006f7400000, 0x00000006f7400000, 0x00000006f7800000|  0%| F|  |TAMS 0x00000006f7400000| PB 0x00000006f7400000| Untracked 
| 990|0x00000006f7800000, 0x00000006f7800000, 0x00000006f7c00000|  0%| F|  |TAMS 0x00000006f7800000| PB 0x00000006f7800000| Untracked 
| 991|0x00000006f7c00000, 0x00000006f7c00000, 0x00000006f8000000|  0%| F|  |TAMS 0x00000006f7c00000| PB 0x00000006f7c00000| Untracked 
| 992|0x00000006f8000000, 0x00000006f8000000, 0x00000006f8400000|  0%| F|  |TAMS 0x00000006f8000000| PB 0x00000006f8000000| Untracked 
| 993|0x00000006f8400000, 0x00000006f8400000, 0x00000006f8800000|  0%| F|  |TAMS 0x00000006f8400000| PB 0x00000006f8400000| Untracked 
| 994|0x00000006f8800000, 0x00000006f8800000, 0x00000006f8c00000|  0%| F|  |TAMS 0x00000006f8800000| PB 0x00000006f8800000| Untracked 
| 995|0x00000006f8c00000, 0x00000006f8c00000, 0x00000006f9000000|  0%| F|  |TAMS 0x00000006f8c00000| PB 0x00000006f8c00000| Untracked 
| 996|0x00000006f9000000, 0x00000006f9000000, 0x00000006f9400000|  0%| F|  |TAMS 0x00000006f9000000| PB 0x00000006f9000000| Untracked 
| 997|0x00000006f9400000, 0x00000006f9400000, 0x00000006f9800000|  0%| F|  |TAMS 0x00000006f9400000| PB 0x00000006f9400000| Untracked 
| 998|0x00000006f9800000, 0x00000006f9800000, 0x00000006f9c00000|  0%| F|  |TAMS 0x00000006f9800000| PB 0x00000006f9800000| Untracked 
| 999|0x00000006f9c00000, 0x00000006f9c00000, 0x00000006fa000000|  0%| F|  |TAMS 0x00000006f9c00000| PB 0x00000006f9c00000| Untracked 
|1000|0x00000006fa000000, 0x00000006fa000000, 0x00000006fa400000|  0%| F|  |TAMS 0x00000006fa000000| PB 0x00000006fa000000| Untracked 
|1001|0x00000006fa400000, 0x00000006fa400000, 0x00000006fa800000|  0%| F|  |TAMS 0x00000006fa400000| PB 0x00000006fa400000| Untracked 
|1002|0x00000006fa800000, 0x00000006fa800000, 0x00000006fac00000|  0%| F|  |TAMS 0x00000006fa800000| PB 0x00000006fa800000| Untracked 
|1003|0x00000006fac00000, 0x00000006fac00000, 0x00000006fb000000|  0%| F|  |TAMS 0x00000006fac00000| PB 0x00000006fac00000| Untracked 
|1004|0x00000006fb000000, 0x00000006fb000000, 0x00000006fb400000|  0%| F|  |TAMS 0x00000006fb000000| PB 0x00000006fb000000| Untracked 
|1005|0x00000006fb400000, 0x00000006fb400000, 0x00000006fb800000|  0%| F|  |TAMS 0x00000006fb400000| PB 0x00000006fb400000| Untracked 
|1006|0x00000006fb800000, 0x00000006fb800000, 0x00000006fbc00000|  0%| F|  |TAMS 0x00000006fb800000| PB 0x00000006fb800000| Untracked 
|1007|0x00000006fbc00000, 0x00000006fbc00000, 0x00000006fc000000|  0%| F|  |TAMS 0x00000006fbc00000| PB 0x00000006fbc00000| Untracked 
|1008|0x00000006fc000000, 0x00000006fc000000, 0x00000006fc400000|  0%| F|  |TAMS 0x00000006fc000000| PB 0x00000006fc000000| Untracked 
|1009|0x00000006fc400000, 0x00000006fc400000, 0x00000006fc800000|  0%| F|  |TAMS 0x00000006fc400000| PB 0x00000006fc400000| Untracked 
|1010|0x00000006fc800000, 0x00000006fc800000, 0x00000006fcc00000|  0%| F|  |TAMS 0x00000006fc800000| PB 0x00000006fc800000| Untracked 
|1011|0x00000006fcc00000, 0x00000006fcc00000, 0x00000006fd000000|  0%| F|  |TAMS 0x00000006fcc00000| PB 0x00000006fcc00000| Untracked 
|1012|0x00000006fd000000, 0x00000006fd000000, 0x00000006fd400000|  0%| F|  |TAMS 0x00000006fd000000| PB 0x00000006fd000000| Untracked 
|1013|0x00000006fd400000, 0x00000006fd400000, 0x00000006fd800000|  0%| F|  |TAMS 0x00000006fd400000| PB 0x00000006fd400000| Untracked 
|1014|0x00000006fd800000, 0x00000006fd800000, 0x00000006fdc00000|  0%| F|  |TAMS 0x00000006fd800000| PB 0x00000006fd800000| Untracked 
|1015|0x00000006fdc00000, 0x00000006fdc00000, 0x00000006fe000000|  0%| F|  |TAMS 0x00000006fdc00000| PB 0x00000006fdc00000| Untracked 
|1016|0x00000006fe000000, 0x00000006fe000000, 0x00000006fe400000|  0%| F|  |TAMS 0x00000006fe000000| PB 0x00000006fe000000| Untracked 
|1017|0x00000006fe400000, 0x00000006fe400000, 0x00000006fe800000|  0%| F|  |TAMS 0x00000006fe400000| PB 0x00000006fe400000| Untracked 
|1018|0x00000006fe800000, 0x00000006fe800000, 0x00000006fec00000|  0%| F|  |TAMS 0x00000006fe800000| PB 0x00000006fe800000| Untracked 
|1019|0x00000006fec00000, 0x00000006fee00000, 0x00000006ff000000| 50%| E|  |TAMS 0x00000006fec00000| PB 0x00000006fec00000| Complete 
|1020|0x00000006ff000000, 0x00000006ff400000, 0x00000006ff400000|100%| E|CS|TAMS 0x00000006ff000000| PB 0x00000006ff000000| Complete 
|1021|0x00000006ff400000, 0x00000006ff800000, 0x00000006ff800000|100%| E|CS|TAMS 0x00000006ff400000| PB 0x00000006ff400000| Complete 
|1022|0x00000006ff800000, 0x00000006ffc00000, 0x00000006ffc00000|100%| E|CS|TAMS 0x00000006ff800000| PB 0x00000006ff800000| Complete 
|1023|0x00000006ffc00000, 0x0000000700000000, 0x0000000700000000|100%| E|CS|TAMS 0x00000006ffc00000| PB 0x00000006ffc00000| Complete 

Card table byte_map: [0x0000000112338000,0x0000000113338000] _byte_map_base: 0x000000010f338000

Marking Bits: (CMBitMap*) 0x0000000133a60c10
 Bits: [0x0000000327620000, 0x000000032f620000)

Polling page: 0x0000000100450000

Metaspace:

Usage:
  Non-class:      7.94 MB used.
      Class:    792.30 KB used.
       Both:      8.71 MB used.

Virtual space:
  Non-class space:       64.00 MB reserved,       8.12 MB ( 13%) committed,  1 nodes.
      Class space:        1.00 GB reserved,     960.00 KB ( <1%) committed,  1 nodes.
             Both:        1.06 GB reserved,       9.06 MB ( <1%) committed. 

Chunk freelists:
   Non-Class:  7.02 MB
       Class:  15.05 MB
        Both:  22.07 MB

MaxMetaspaceSize: unlimited
CompressedClassSpaceSize: 1.00 GB
Initial GC threshold: 21.00 MB
Current GC threshold: 21.00 MB
CDS: on
 - commit_granule_bytes: 65536.
 - commit_granule_words: 8192.
 - virtual_space_node_default_size: 8388608.
 - enlarge_chunks_in_place: 1.
 - use_allocation_guard: 0.


Internal statistics:

num_allocs_failed_limit: 0.
num_arena_births: 304.
num_arena_deaths: 122.
num_vsnodes_births: 2.
num_vsnodes_deaths: 0.
num_space_committed: 144.
num_space_uncommitted: 0.
num_chunks_returned_to_freelist: 164.
num_chunks_taken_from_freelist: 597.
num_chunk_merges: 50.
num_chunk_splits: 327.
num_chunks_enlarged: 167.
num_inconsistent_stats: 0.

CodeHeap 'non-profiled nmethods': size=120032Kb used=2786Kb max_used=2988Kb free=117245Kb
 bounds [0x00000003200e8000, 0x0000000320428000, 0x0000000327620000]
CodeHeap 'profiled nmethods': size=120016Kb used=4200Kb max_used=6234Kb free=115815Kb
 bounds [0x0000000318620000, 0x0000000318c40000, 0x000000031fb54000]
CodeHeap 'non-nmethods': size=5712Kb used=1368Kb max_used=1464Kb free=4343Kb
 bounds [0x000000031fb54000, 0x000000031fdc4000, 0x00000003200e8000]
CodeCache: size=245760Kb, used=8354Kb, max_used=10686Kb, free=237403Kb
 total_blobs=2804, nmethods=2275, adapters=437, full_count=0
Compilation: enabled, stopped_count=0, restarted_count=0

Compilation events (20 events):
Event: 10202.067 Thread 0x0000000101c00a00 nmethod 4203 0x00000003189c1910 code [0x00000003189c1bc0, 0x00000003189c2438]
Event: 10202.067 Thread 0x0000000101c00a00 4204       3       java.util.Formatter$Conversion::isGeneral (66 bytes)
Event: 10202.067 Thread 0x0000000101c00a00 nmethod 4204 0x0000000318703990 code [0x0000000318703b40, 0x0000000318703ce8]
Event: 10202.100 Thread 0x0000000101c00200 nmethod 4172% 0x0000000320289e10 code [0x000000032028a500, 0x000000032028eec0]
Event: 10202.101 Thread 0x0000000101c00200 4164       4       java.util.regex.Pattern$$Lambda/0x80000002b::is (13 bytes)
Event: 10202.101 Thread 0x0000000101c00200 nmethod 4164 0x000000032035bb90 code [0x000000032035bd00, 0x000000032035bda0]
Event: 10202.101 Thread 0x0000000101c00200 4169       4       edu.cmu.tetrad.util.GraphSampling$NodePair::compareTo (9 bytes)
Event: 10202.102 Thread 0x0000000101c00200 nmethod 4169 0x00000003201b1710 code [0x00000003201b18c0, 0x00000003201b1d38]
Event: 10202.102 Thread 0x0000000101c00200 4168       4       java.util.regex.Pattern$$Lambda/0x800000033::is (13 bytes)
Event: 10202.102 Thread 0x0000000101c00200 nmethod 4168 0x0000000320151f90 code [0x0000000320152140, 0x0000000320152420]
Event: 10202.102 Thread 0x0000000101c00200 4167       4       java.lang.Character::codePointAt (51 bytes)
Event: 10202.103 Thread 0x0000000101c00200 nmethod 4167 0x000000032018d290 code [0x000000032018d440, 0x000000032018d600]
Event: 10202.103 Thread 0x0000000101c00200 4163       4       java.util.regex.Pattern$$Lambda/0x0000008801078f68::is (5 bytes)
Event: 10202.103 Thread 0x0000000101c00200 nmethod 4163 0x0000000320327290 code [0x0000000320327440, 0x0000000320327550]
Event: 10202.103 Thread 0x0000000101c00200 4199       4       jdk.internal.math.MathUtils::flog10pow2 (11 bytes)
Event: 10202.103 Thread 0x0000000101c00200 nmethod 4199 0x0000000320202610 code [0x0000000320202780, 0x0000000320202808]
Event: 10202.103 Thread 0x0000000101c00200 4175       4       java.util.stream.Collectors::sumWithCompensation (34 bytes)
Event: 10202.103 Thread 0x0000000101c00200 nmethod 4175 0x00000003201c4010 code [0x00000003201c4180, 0x00000003201c4258]
Event: 10202.103 Thread 0x0000000101c00200 4186       4       jdk.internal.math.MathUtils::pow10 (6 bytes)
Event: 10202.103 Thread 0x0000000101c00200 nmethod 4186 0x0000000320203110 code [0x0000000320203280, 0x0000000320203328]

GC Heap History (20 events):
Event: 10199.032 GC heap before
{Heap before GC invocations=308 (full 11):
 garbage-first heap   total 4194304K, used 2569178K [0x0000000600000000, 0x0000000800000000)
  region size 4096K, 614 young (2514944K), 2 survivors (8192K)
 Metaspace       used 8879K, committed 9216K, reserved 1114112K
  class space    used 791K, committed 960K, reserved 1048576K
}
Event: 10199.033 GC heap after
{Heap after GC invocations=309 (full 11):
 garbage-first heap   total 4194304K, used 63182K [0x0000000600000000, 0x0000000800000000)
  region size 4096K, 3 young (12288K), 3 survivors (12288K)
 Metaspace       used 8879K, committed 9216K, reserved 1114112K
  class space    used 791K, committed 960K, reserved 1048576K
}
Event: 10199.340 GC heap before
{Heap before GC invocations=309 (full 11):
 garbage-first heap   total 4194304K, used 2631374K [0x0000000600000000, 0x0000000800000000)
  region size 4096K, 614 young (2514944K), 3 survivors (12288K)
 Metaspace       used 8879K, committed 9216K, reserved 1114112K
  class space    used 791K, committed 960K, reserved 1048576K
}
Event: 10199.341 GC heap after
{Heap after GC invocations=310 (full 11):
 garbage-first heap   total 4194304K, used 61846K [0x0000000600000000, 0x0000000800000000)
  region size 4096K, 2 young (8192K), 2 survivors (8192K)
 Metaspace       used 8879K, committed 9216K, reserved 1114112K
  class space    used 791K, committed 960K, reserved 1048576K
}
Event: 10199.656 GC heap before
{Heap before GC invocations=310 (full 11):
 garbage-first heap   total 4194304K, used 2634134K [0x0000000600000000, 0x0000000800000000)
  region size 4096K, 614 young (2514944K), 2 survivors (8192K)
 Metaspace       used 8879K, committed 9216K, reserved 1114112K
  class space    used 791K, committed 960K, reserved 1048576K
}
Event: 10199.657 GC heap after
{Heap after GC invocations=311 (full 11):
 garbage-first heap   total 4194304K, used 62689K [0x0000000600000000, 0x0000000800000000)
  region size 4096K, 2 young (8192K), 2 survivors (8192K)
 Metaspace       used 8879K, committed 9216K, reserved 1114112K
  class space    used 791K, committed 960K, reserved 1048576K
}
Event: 10199.996 GC heap before
{Heap before GC invocations=311 (full 11):
 garbage-first heap   total 4194304K, used 2634977K [0x0000000600000000, 0x0000000800000000)
  region size 4096K, 614 young (2514944K), 2 survivors (8192K)
 Metaspace       used 8879K, committed 9216K, reserved 1114112K
  class space    used 791K, committed 960K, reserved 1048576K
}
Event: 10199.997 GC heap after
{Heap after GC invocations=312 (full 11):
 garbage-first heap   total 4194304K, used 62538K [0x0000000600000000, 0x0000000800000000)
  region size 4096K, 2 young (8192K), 2 survivors (8192K)
 Metaspace       used 8879K, committed 9216K, reserved 1114112K
  class space    used 791K, committed 960K, reserved 1048576K
}
Event: 10200.263 GC heap before
{Heap before GC invocations=312 (full 11):
 garbage-first heap   total 4194304K, used 2569290K [0x0000000600000000, 0x0000000800000000)
  region size 4096K, 614 young (2514944K), 2 survivors (8192K)
 Metaspace       used 8879K, committed 9216K, reserved 1114112K
  class space    used 791K, committed 960K, reserved 1048576K
}
Event: 10200.264 GC heap after
{Heap after GC invocations=313 (full 11):
 garbage-first heap   total 4194304K, used 63398K [0x0000000600000000, 0x0000000800000000)
  region size 4096K, 3 young (12288K), 3 survivors (12288K)
 Metaspace       used 8879K, committed 9216K, reserved 1114112K
  class space    used 791K, committed 960K, reserved 1048576K
}
Event: 10200.581 GC heap before
{Heap before GC invocations=313 (full 11):
 garbage-first heap   total 4194304K, used 2631590K [0x0000000600000000, 0x0000000800000000)
  region size 4096K, 614 young (2514944K), 3 survivors (12288K)
 Metaspace       used 8879K, committed 9216K, reserved 1114112K
  class space    used 791K, committed 960K, reserved 1048576K
}
Event: 10200.582 GC heap after
{Heap after GC invocations=314 (full 11):
 garbage-first heap   total 4194304K, used 62376K [0x0000000600000000, 0x0000000800000000)
  region size 4096K, 2 young (8192K), 2 survivors (8192K)
 Metaspace       used 8879K, committed 9216K, reserved 1114112K
  class space    used 791K, committed 960K, reserved 1048576K
}
Event: 10200.885 GC heap before
{Heap before GC invocations=314 (full 11):
 garbage-first heap   total 4194304K, used 2601896K [0x0000000600000000, 0x0000000800000000)
  region size 4096K, 614 young (2514944K), 2 survivors (8192K)
 Metaspace       used 8879K, committed 9216K, reserved 1114112K
  class space    used 791K, committed 960K, reserved 1048576K
}
Event: 10200.886 GC heap after
{Heap after GC invocations=315 (full 11):
 garbage-first heap   total 4194304K, used 57528K [0x0000000600000000, 0x0000000800000000)
  region size 4096K, 1 young (4096K), 1 survivors (4096K)
 Metaspace       used 8879K, committed 9216K, reserved 1114112K
  class space    used 791K, committed 960K, reserved 1048576K
}
Event: 10201.118 GC heap before
{Heap before GC invocations=315 (full 11):
 garbage-first heap   total 4194304K, used 2568376K [0x0000000600000000, 0x0000000800000000)
  region size 4096K, 614 young (2514944K), 1 survivors (4096K)
 Metaspace       used 8879K, committed 9216K, reserved 1114112K
  class space    used 791K, committed 960K, reserved 1048576K
}
Event: 10201.119 GC heap after
{Heap after GC invocations=316 (full 11):
 garbage-first heap   total 4194304K, used 58325K [0x0000000600000000, 0x0000000800000000)
  region size 4096K, 1 young (4096K), 1 survivors (4096K)
 Metaspace       used 8879K, committed 9216K, reserved 1114112K
  class space    used 791K, committed 960K, reserved 1048576K
}
Event: 10201.201 GC heap before
{Heap before GC invocations=316 (full 11):
 garbage-first heap   total 4194304K, used 480213K [0x0000000600000000, 0x0000000800000000)
  region size 4096K, 101 young (413696K), 1 survivors (4096K)
 Metaspace       used 8879K, committed 9216K, reserved 1114112K
  class space    used 791K, committed 960K, reserved 1048576K
}
Event: 10201.209 GC heap after
{Heap after GC invocations=317 (full 12):
 garbage-first heap   total 4194304K, used 31015K [0x0000000600000000, 0x0000000800000000)
  region size 4096K, 0 young (0K), 0 survivors (0K)
 Metaspace       used 8879K, committed 9216K, reserved 1114112K
  class space    used 791K, committed 960K, reserved 1048576K
}
Event: 10202.043 GC heap before
{Heap before GC invocations=317 (full 12):
 garbage-first heap   total 4194304K, used 2545959K [0x0000000600000000, 0x0000000800000000)
  region size 4096K, 614 young (2514944K), 0 survivors (0K)
 Metaspace       used 8879K, committed 9216K, reserved 1114112K
  class space    used 791K, committed 960K, reserved 1048576K
}
Event: 10202.044 GC heap after
{Heap after GC invocations=318 (full 12):
 garbage-first heap   total 4194304K, used 34480K [0x0000000600000000, 0x0000000800000000)
  region size 4096K, 1 young (4096K), 1 survivors (4096K)
 Metaspace       used 8879K, committed 9216K, reserved 1114112K
  class space    used 791K, committed 960K, reserved 1048576K
}

Dll operation events (8 events):
Event: 0.012 Loaded shared library /Library/Java/JavaVirtualMachines/amazon-corretto-21.jdk/Contents/Home/lib/libjava.dylib
Event: 0.065 Loaded shared library /Library/Java/JavaVirtualMachines/amazon-corretto-21.jdk/Contents/Home/lib/libnio.dylib
Event: 0.074 Loaded shared library /Library/Java/JavaVirtualMachines/amazon-corretto-21.jdk/Contents/Home/lib/libzip.dylib
Event: 0.095 Loaded shared library /Users/phuonghuupham/Library/Python/3.13/lib/python/site-packages/_jpype.cpython-313-darwin.so
Event: 0.108 Loaded shared library /Library/Java/JavaVirtualMachines/amazon-corretto-21.jdk/Contents/Home/lib/libjimage.dylib
Event: 0.238 Loaded shared library /Library/Java/JavaVirtualMachines/amazon-corretto-21.jdk/Contents/Home/lib/libnet.dylib
Event: 0.946 Loaded shared library /Library/Java/JavaVirtualMachines/amazon-corretto-21.jdk/Contents/Home/lib/libprefs.dylib
Event: 1.145 Loaded shared library /Library/Java/JavaVirtualMachines/amazon-corretto-21.jdk/Contents/Home/lib/libverify.dylib

Deoptimization events (20 events):
Event: 10202.041 Thread 0x0000000133a17600 Uncommon trap: trap_request=0xffffffd6 fr.pc=0x00000003203b66bc relative=0x000000000000073c
Event: 10202.041 Thread 0x0000000133a17600 Uncommon trap: reason=array_check action=maybe_recompile pc=0x00000003203b66bc method=java.util.TimSort.binarySort([Ljava/lang/Object;IIILjava/util/Comparator;)V @ 183 c2
Event: 10202.041 Thread 0x0000000133a17600 DEOPT PACKING pc=0x00000003203b66bc sp=0x000000016facc910
Event: 10202.041 Thread 0x0000000133a17600 DEOPT UNPACKING pc=0x000000031fb9701c sp=0x000000016facc8c0 mode 2
Event: 10260.427 Thread 0x0000000143ccee00 Uncommon trap: trap_request=0xffffff45 fr.pc=0x0000000320325554 relative=0x0000000000000d54
Event: 10260.427 Thread 0x0000000143af8a00 Uncommon trap: trap_request=0xffffff45 fr.pc=0x0000000320325554 relative=0x0000000000000d54
Event: 10260.427 Thread 0x0000000143ccee00 Uncommon trap: reason=unstable_if action=reinterpret pc=0x0000000320325554 method=java.util.concurrent.ForkJoinPool.awaitWork(Ljava/util/concurrent/ForkJoinPool$WorkQueue;)I @ 266 c2
Event: 10260.428 Thread 0x0000000143ccee00 DEOPT PACKING pc=0x0000000320325554 sp=0x00000003321168e0
Event: 10260.428 Thread 0x0000000143af8a00 Uncommon trap: reason=unstable_if action=reinterpret pc=0x0000000320325554 method=java.util.concurrent.ForkJoinPool.awaitWork(Ljava/util/concurrent/ForkJoinPool$WorkQueue;)I @ 266 c2
Event: 10260.428 Thread 0x0000000143af8a00 DEOPT PACKING pc=0x0000000320325554 sp=0x00000003323228e0
Event: 10260.428 Thread 0x0000000143ccee00 DEOPT UNPACKING pc=0x000000031fb9701c sp=0x0000000332116870 mode 2
Event: 10260.428 Thread 0x0000000143af8a00 DEOPT UNPACKING pc=0x000000031fb9701c sp=0x0000000332322870 mode 2
Event: 10261.204 Thread 0x0000000123819000 Uncommon trap: trap_request=0xffffff45 fr.pc=0x0000000320325554 relative=0x0000000000000d54
Event: 10261.204 Thread 0x0000000123819000 Uncommon trap: reason=unstable_if action=reinterpret pc=0x0000000320325554 method=java.util.concurrent.ForkJoinPool.awaitWork(Ljava/util/concurrent/ForkJoinPool$WorkQueue;)I @ 266 c2
Event: 10261.204 Thread 0x0000000155449400 Uncommon trap: trap_request=0xffffff45 fr.pc=0x0000000320325554 relative=0x0000000000000d54
Event: 10261.204 Thread 0x0000000123819000 DEOPT PACKING pc=0x0000000320325554 sp=0x0000000334c128e0
Event: 10261.204 Thread 0x0000000155449400 Uncommon trap: reason=unstable_if action=reinterpret pc=0x0000000320325554 method=java.util.concurrent.ForkJoinPool.awaitWork(Ljava/util/concurrent/ForkJoinPool$WorkQueue;)I @ 266 c2
Event: 10261.204 Thread 0x0000000155449400 DEOPT PACKING pc=0x0000000320325554 sp=0x0000000333fca8e0
Event: 10261.204 Thread 0x0000000123819000 DEOPT UNPACKING pc=0x000000031fb9701c sp=0x0000000334c12870 mode 2
Event: 10261.204 Thread 0x0000000155449400 DEOPT UNPACKING pc=0x000000031fb9701c sp=0x0000000333fca870 mode 2

Classes loaded (20 events):
Event: 47.127 Loading class java/util/stream/DoublePipeline
Event: 47.127 Loading class java/util/stream/DoubleStream
Event: 47.127 Loading class java/util/stream/DoubleStream done
Event: 47.127 Loading class java/util/stream/DoublePipeline done
Event: 47.127 Loading class java/util/stream/DoublePipeline$StatelessOp done
Event: 47.127 Loading class java/util/stream/ReferencePipeline$6 done
Event: 47.128 Loading class java/util/function/ObjDoubleConsumer
Event: 47.128 Loading class java/util/function/ObjDoubleConsumer done
Event: 47.128 Loading class java/util/stream/ReduceOps$16
Event: 47.128 Loading class java/util/stream/ReduceOps$16 done
Event: 47.129 Loading class java/util/stream/ReduceOps$13ReducingSink
Event: 47.129 Loading class java/util/stream/Sink$OfDouble
Event: 47.129 Loading class java/util/stream/Sink$OfDouble done
Event: 47.129 Loading class java/util/stream/ReduceOps$13ReducingSink done
Event: 47.129 Loading class java/util/stream/ReferencePipeline$6$1
Event: 47.129 Loading class java/util/stream/ReferencePipeline$6$1 done
Event: 47.138 Loading class jdk/internal/math/FormattedFPDecimal
Event: 47.138 Loading class jdk/internal/math/FormattedFPDecimal done
Event: 10379.863 Loading class jdk/internal/misc/Signal$1
Event: 10379.863 Loading class jdk/internal/misc/Signal$1 done

Classes unloaded (20 events):
Event: 10158.107 Thread 0x0000000106cfb5f0 Unloading class 0x00000088010c1c00 'jdk/internal/reflect/GeneratedSerializationConstructorAccessor1'
Event: 10158.107 Thread 0x0000000106cfb5f0 Unloading class 0x00000088010b4c00 'java/lang/invoke/LambdaForm$MH+0x00000088010b4c00'
Event: 10158.107 Thread 0x0000000106cfb5f0 Unloading class 0x00000088010b4800 'java/lang/invoke/LambdaForm$MH+0x00000088010b4800'
Event: 10158.107 Thread 0x0000000106cfb5f0 Unloading class 0x00000088010b4400 'java/lang/invoke/LambdaForm$MH+0x00000088010b4400'
Event: 10158.107 Thread 0x0000000106cfb5f0 Unloading class 0x0000008801082800 'java/lang/invoke/LambdaForm$MH+0x0000008801082800'
Event: 10158.107 Thread 0x0000000106cfb5f0 Unloading class 0x0000008801081c00 'java/lang/invoke/LambdaForm$MH+0x0000008801081c00'
Event: 10158.107 Thread 0x0000000106cfb5f0 Unloading class 0x0000008801081800 'java/lang/invoke/LambdaForm$MH+0x0000008801081800'
Event: 10158.107 Thread 0x0000000106cfb5f0 Unloading class 0x0000008801081400 'java/lang/invoke/LambdaForm$MH+0x0000008801081400'
Event: 10158.107 Thread 0x0000000106cfb5f0 Unloading class 0x0000008801080c00 'java/lang/invoke/LambdaForm$MH+0x0000008801080c00'
Event: 10158.107 Thread 0x0000000106cfb5f0 Unloading class 0x0000008801080000 'java/lang/invoke/LambdaForm$MH+0x0000008801080000'
Event: 10158.107 Thread 0x0000000106cfb5f0 Unloading class 0x0000008801011c00 'java/lang/invoke/LambdaForm$MH+0x0000008801011c00'
Event: 10158.107 Thread 0x0000000106cfb5f0 Unloading class 0x0000008801011000 'java/lang/invoke/LambdaForm$MH+0x0000008801011000'
Event: 10158.107 Thread 0x0000000106cfb5f0 Unloading class 0x0000008801010c00 'java/lang/invoke/LambdaForm$MH+0x0000008801010c00'
Event: 10158.107 Thread 0x0000000106cfb5f0 Unloading class 0x0000008801010800 'java/lang/invoke/LambdaForm$MH+0x0000008801010800'
Event: 10158.107 Thread 0x0000000106cfb5f0 Unloading class 0x0000008801010000 'java/lang/invoke/LambdaForm$MH+0x0000008801010000'
Event: 10158.107 Thread 0x0000000106cfb5f0 Unloading class 0x000000880100b000 'java/lang/invoke/LambdaForm$MH+0x000000880100b000'
Event: 10158.107 Thread 0x0000000106cfb5f0 Unloading class 0x0000008801009c00 'java/lang/invoke/LambdaForm$MH+0x0000008801009c00'
Event: 10158.107 Thread 0x0000000106cfb5f0 Unloading class 0x0000008801008400 'java/lang/invoke/LambdaForm$MH+0x0000008801008400'
Event: 10158.107 Thread 0x0000000106cfb5f0 Unloading class 0x0000008801008000 'java/lang/invoke/LambdaForm$MH+0x0000008801008000'
Event: 10158.107 Thread 0x0000000106cfb5f0 Unloading class 0x0000008801006c00 'java/lang/invoke/LambdaForm$MH+0x0000008801006c00'

Classes redefined (0 events):
No events

Internal exceptions (20 events):
Event: 0.970 Thread 0x0000000133a17600 Exception <a 'java/lang/NoSuchMethodError'{0x00000006fe2a7800}: 'java.lang.Object java.lang.invoke.Invokers$Holder.invokeExact_MT(java.lang.Object, java.lang.Object, java.lang.Object, java.lang.Object, java.lang.Object, java.lang.Object)'> (0x00000006fe2a7800) 
thrown [src/hotspot/share/interpreter/linkResolver.cpp, line 773]
Event: 0.978 Thread 0x0000000133a17600 Exception <a 'java/lang/NoSuchMethodError'{0x00000006fe3fafd0}: 'int java.lang.invoke.DirectMethodHandle$Holder.invokeStaticInit(java.lang.Object, java.lang.Object, java.lang.Object)'> (0x00000006fe3fafd0) 
thrown [src/hotspot/share/interpreter/linkResolver.cpp, line 773]
Event: 0.983 Thread 0x0000000133a17600 Exception <a 'java/lang/NoSuchMethodError'{0x00000006fdca0330}: 'void java.lang.invoke.DirectMethodHandle$Holder.invokeStatic(java.lang.Object, java.lang.Object)'> (0x00000006fdca0330) 
thrown [src/hotspot/share/interpreter/linkResolver.cpp, line 773]
Event: 0.983 Thread 0x0000000133a17600 Exception <a 'java/lang/NoSuchMethodError'{0x00000006fdca38d8}: 'void java.lang.invoke.DirectMethodHandle$Holder.invokeStaticInit(java.lang.Object, java.lang.Object)'> (0x00000006fdca38d8) 
thrown [src/hotspot/share/interpreter/linkResolver.cpp, line 773]
Event: 1.009 Thread 0x0000000133a17600 Exception <a 'java/lang/NoSuchMethodError'{0x00000006fdea6df8}: 'int java.lang.invoke.DirectMethodHandle$Holder.invokeSpecial(java.lang.Object, java.lang.Object, java.lang.Object, java.lang.Object)'> (0x00000006fdea6df8) 
thrown [src/hotspot/share/interpreter/linkResolver.cpp, line 773]
Event: 1.149 Thread 0x0000000133a17600 Exception <a 'java/lang/NoSuchMethodError'{0x00000006fd821e58}: 'java.lang.Object java.lang.invoke.DirectMethodHandle$Holder.newInvokeSpecial(java.lang.Object, java.lang.Object, java.lang.Object, java.lang.Object, java.lang.Object, java.lang.Object)'> (0x00000006fd821e58) 
thrown [src/hotspot/share/interpreter/linkResolver.cpp, line 773]
Event: 1.199 Thread 0x0000000101c81400 Exception <a 'java/lang/NoSuchMethodError'{0x00000006fd3fd7a0}: 'long java.lang.invoke.DirectMethodHandle$Holder.invokeSpecial(java.lang.Object, java.lang.Object)'> (0x00000006fd3fd7a0) 
thrown [src/hotspot/share/interpreter/linkResolver.cpp, line 773]
Event: 1.199 Thread 0x0000000101c81400 Exception <a 'java/lang/NoSuchMethodError'{0x00000006fbffb2b0}: 'long java.lang.invoke.Invokers$Holder.invokeExact_MT(java.lang.Object, java.lang.Object)'> (0x00000006fbffb2b0) 
thrown [src/hotspot/share/interpreter/linkResolver.cpp, line 773]
Event: 1.206 Thread 0x0000000101c81400 Exception <a 'java/lang/NoSuchMethodError'{0x00000006fb926f58}: 'void java.lang.invoke.DirectMethodHandle$Holder.invokeSpecial(java.lang.Object, java.lang.Object, java.lang.Object)'> (0x00000006fb926f58) 
thrown [src/hotspot/share/interpreter/linkResolver.cpp, line 773]
Event: 1.208 Thread 0x0000000101c81400 Exception <a 'java/lang/NoSuchMethodError'{0x00000006fb959278}: 'void java.lang.invoke.DirectMethodHandle$Holder.invokeSpecial(java.lang.Object, java.lang.Object, java.lang.Object, int)'> (0x00000006fb959278) 
thrown [src/hotspot/share/interpreter/linkResolver.cpp, line 773]
Event: 2.313 Thread 0x0000000101c81400 Implicit null exception at 0x00000003201f8b80 to 0x00000003201f8fe4
Event: 2.313 Thread 0x0000000101c81400 Implicit null exception at 0x00000003200e9a00 to 0x00000003200e9e3c
Event: 47.107 Thread 0x0000000133a17600 Exception <a 'java/lang/NoSuchMethodError'{0x00000006ff8446e8}: 'void java.lang.invoke.DirectMethodHandle$Holder.invokeStatic(java.lang.Object, java.lang.Object, java.lang.Object)'> (0x00000006ff8446e8) 
thrown [src/hotspot/share/interpreter/linkResolver.cpp, line 773]
Event: 47.126 Thread 0x0000000133a17600 Exception <a 'java/lang/NoSuchMethodError'{0x00000006ff728988}: 'double java.lang.invoke.DirectMethodHandle$Holder.invokeVirtual(java.lang.Object, java.lang.Object)'> (0x00000006ff728988) 
thrown [src/hotspot/share/interpreter/linkResolver.cpp, line 773]
Event: 47.128 Thread 0x0000000133a17600 Exception <a 'java/lang/NoSuchMethodError'{0x00000006ff730a28}: 'void java.lang.invoke.DirectMethodHandle$Holder.invokeStatic(java.lang.Object, java.lang.Object, double)'> (0x00000006ff730a28) 
thrown [src/hotspot/share/interpreter/linkResolver.cpp, line 773]
Event: 10157.590 Thread 0x00000001552c5000 Implicit null exception at 0x0000000320212200 to 0x0000000320212250
Event: 10158.297 Thread 0x00000001552c5000 Implicit null exception at 0x000000032035d634 to 0x000000032035d748
Event: 10158.297 Thread 0x00000001552c5000 Implicit null exception at 0x0000000320152c2c to 0x0000000320152d34
Event: 10158.298 Thread 0x00000001552c5000 Implicit null exception at 0x00000003201556b0 to 0x0000000320155b64
Event: 10158.298 Thread 0x00000001552c5000 Exception <a 'java/lang/NoSuchMethodError'{0x00000006a3434088}: 'void java.lang.invoke.DirectMethodHandle$Holder.invokeSpecial(java.lang.Object, java.lang.Object, java.lang.Object)'> (0x00000006a3434088) 
thrown [src/hotspot/share/interpreter/linkResolver.cpp, line 773]

ZGC Phase Switch (0 events):
No events

VM Operations (20 events):
Event: 10199.996 Executing safepoint VM operation: G1CollectForAllocation (G1 Evacuation Pause)
Event: 10199.997 Executing safepoint VM operation: G1CollectForAllocation (G1 Evacuation Pause) done
Event: 10200.263 Executing safepoint VM operation: G1CollectForAllocation (G1 Evacuation Pause)
Event: 10200.264 Executing safepoint VM operation: G1CollectForAllocation (G1 Evacuation Pause) done
Event: 10200.581 Executing safepoint VM operation: G1CollectForAllocation (G1 Evacuation Pause)
Event: 10200.582 Executing safepoint VM operation: G1CollectForAllocation (G1 Evacuation Pause) done
Event: 10200.885 Executing safepoint VM operation: G1CollectForAllocation (G1 Evacuation Pause)
Event: 10200.886 Executing safepoint VM operation: G1CollectForAllocation (G1 Evacuation Pause) done
Event: 10201.118 Executing safepoint VM operation: G1CollectForAllocation (G1 Evacuation Pause)
Event: 10201.119 Executing safepoint VM operation: G1CollectForAllocation (G1 Evacuation Pause) done
Event: 10201.201 Executing safepoint VM operation: G1CollectFull (System.gc())
Event: 10201.209 Executing safepoint VM operation: G1CollectFull (System.gc()) done
Event: 10202.043 Executing safepoint VM operation: G1CollectForAllocation (G1 Evacuation Pause)
Event: 10202.044 Executing safepoint VM operation: G1CollectForAllocation (G1 Evacuation Pause) done
Event: 10203.048 Executing safepoint VM operation: Cleanup
Event: 10203.048 Executing safepoint VM operation: Cleanup done
Event: 10258.879 Executing non-safepoint VM operation: HandshakeAllThreads (HandshakeForDeflation)
Event: 10258.879 Executing non-safepoint VM operation: HandshakeAllThreads (HandshakeForDeflation) done
Event: 10258.879 Executing non-safepoint VM operation: RendezvousGCThreads
Event: 10258.879 Executing non-safepoint VM operation: RendezvousGCThreads done

Memory protections (20 events):
Event: 10200.458 Protecting memory [0x0000000335240000,0x000000033524c000] with protection modes 0
Event: 10200.458 Protecting memory [0x000000033544c000,0x0000000335458000] with protection modes 0
Event: 10200.776 Protecting memory [0x0000000334e28000,0x0000000334e34000] with protection modes 3
Event: 10200.776 Protecting memory [0x0000000335240000,0x000000033524c000] with protection modes 3
Event: 10200.776 Protecting memory [0x000000033544c000,0x0000000335458000] with protection modes 3
Event: 10200.776 Protecting memory [0x0000000335034000,0x0000000335040000] with protection modes 3
Event: 10200.839 Protecting memory [0x0000000334e28000,0x0000000334e34000] with protection modes 0
Event: 10200.839 Protecting memory [0x0000000335034000,0x0000000335040000] with protection modes 0
Event: 10200.839 Protecting memory [0x0000000335240000,0x000000033524c000] with protection modes 0
Event: 10200.839 Protecting memory [0x000000033544c000,0x0000000335458000] with protection modes 0
Event: 10201.167 Protecting memory [0x0000000335034000,0x0000000335040000] with protection modes 3
Event: 10201.167 Protecting memory [0x0000000334e28000,0x0000000334e34000] with protection modes 3
Event: 10201.167 Protecting memory [0x000000033544c000,0x0000000335458000] with protection modes 3
Event: 10201.167 Protecting memory [0x0000000335240000,0x000000033524c000] with protection modes 3
Event: 10201.201 Protecting memory [0x0000000331d08000,0x0000000331d14000] with protection modes 3
Event: 10260.428 Protecting memory [0x0000000331f14000,0x0000000331f20000] with protection modes 3
Event: 10261.204 Protecting memory [0x0000000333dc8000,0x0000000333dd4000] with protection modes 3
Event: 10320.432 Protecting memory [0x0000000332120000,0x000000033212c000] with protection modes 3
Event: 10321.209 Protecting memory [0x0000000334a10000,0x0000000334a1c000] with protection modes 3
Event: 10379.863 Protecting memory [0x0000000331d08000,0x0000000331d14000] with protection modes 0

Nmethod flushes (20 events):
Event: 10201.204 Thread 0x0000000106cfb5f0 flushing  nmethod 0x0000000320288e10
Event: 10201.204 Thread 0x0000000106cfb5f0 flushing  nmethod 0x0000000320289190
Event: 10201.204 Thread 0x0000000106cfb5f0 flushing  nmethod 0x00000003186fd590
Event: 10201.204 Thread 0x0000000106cfb5f0 flushing  nmethod 0x0000000318987490
Event: 10201.204 Thread 0x0000000106cfb5f0 flushing  nmethod 0x0000000318af6b10
Event: 10201.204 Thread 0x0000000106cfb5f0 flushing  nmethod 0x0000000318bb4090
Event: 10201.204 Thread 0x0000000106cfb5f0 flushing  nmethod 0x0000000318bb8f10
Event: 10201.204 Thread 0x0000000106cfb5f0 flushing  nmethod 0x0000000318bb9310
Event: 10201.204 Thread 0x0000000106cfb5f0 flushing  nmethod 0x0000000318bb9e90
Event: 10201.204 Thread 0x0000000106cfb5f0 flushing  nmethod 0x0000000318bbb310
Event: 10201.204 Thread 0x0000000106cfb5f0 flushing  nmethod 0x0000000318c1f010
Event: 10201.204 Thread 0x0000000106cfb5f0 flushing  nmethod 0x0000000318c1fa10
Event: 10201.204 Thread 0x0000000106cfb5f0 flushing  nmethod 0x0000000318937d10
Event: 10201.204 Thread 0x0000000106cfb5f0 flushing  nmethod 0x0000000318942c90
Event: 10201.204 Thread 0x0000000106cfb5f0 flushing  nmethod 0x00000003189d3d10
Event: 10201.204 Thread 0x0000000106cfb5f0 flushing  nmethod 0x00000003189d5710
Event: 10201.204 Thread 0x0000000106cfb5f0 flushing  nmethod 0x0000000318b9e690
Event: 10201.204 Thread 0x0000000106cfb5f0 flushing  nmethod 0x0000000318ba2110
Event: 10201.204 Thread 0x0000000106cfb5f0 flushing  nmethod 0x0000000318bb2b90
Event: 10201.204 Thread 0x0000000106cfb5f0 flushing  nmethod 0x0000000318bb3b90

Events (20 events):
Event: 10200.458 Thread 0x00000001552c5000 Thread added: 0x000000012381f400
Event: 10200.458 Thread 0x0000000123822000 Thread added: 0x0000000143cc3c00
Event: 10200.776 Thread 0x0000000123822000 Thread exited: 0x0000000123822000
Event: 10200.776 Thread 0x000000012381f400 Thread exited: 0x000000012381f400
Event: 10200.776 Thread 0x0000000143cc3c00 Thread exited: 0x0000000143cc3c00
Event: 10200.776 Thread 0x0000000123824a00 Thread exited: 0x0000000123824a00
Event: 10200.839 Thread 0x00000001552c5000 Thread added: 0x0000000133ddbe00
Event: 10200.839 Thread 0x00000001552c5000 Thread added: 0x0000000133dd8600
Event: 10200.839 Thread 0x0000000133ddbe00 Thread added: 0x000000012381a000
Event: 10200.839 Thread 0x00000001552c5000 Thread added: 0x00000001558bb000
Event: 10201.167 Thread 0x0000000133dd8600 Thread exited: 0x0000000133dd8600
Event: 10201.167 Thread 0x0000000133ddbe00 Thread exited: 0x0000000133ddbe00
Event: 10201.167 Thread 0x00000001558bb000 Thread exited: 0x00000001558bb000
Event: 10201.167 Thread 0x000000012381a000 Thread exited: 0x000000012381a000
Event: 10201.201 Thread 0x00000001552c5000 Thread exited: 0x00000001552c5000
Event: 10260.428 Thread 0x0000000143ccee00 Thread exited: 0x0000000143ccee00
Event: 10261.204 Thread 0x0000000155449400 Thread exited: 0x0000000155449400
Event: 10320.433 Thread 0x0000000143af8a00 Thread exited: 0x0000000143af8a00
Event: 10321.209 Thread 0x0000000123819000 Thread exited: 0x0000000123819000
Event: 10379.863 Thread 0x0000000133bd4200 Thread added: 0x000000015505de00


Dynamic libraries:
0x00000001009b8000 	/opt/homebrew/Cellar/python@3.13/3.13.11/Frameworks/Python.framework/Versions/3.13/Python
0x000000019d38e000 	/System/Library/Frameworks/CoreFoundation.framework/Versions/A/CoreFoundation
0x000000019cf24000 	/usr/lib/libobjc.A.dylib
0x00000001a111d000 	/System/Library/PrivateFrameworks/CoreServicesInternal.framework/Versions/A/CoreServicesInternal
0x000000019e97f000 	/System/Library/Frameworks/Foundation.framework/Versions/C/Foundation
0x00000001ab549000 	/usr/lib/liboah.dylib
0x00000001ab57e000 	/usr/lib/libfakelink.dylib
0x00000001a0b53000 	/usr/lib/libicucore.A.dylib
0x00000001ab57c000 	/usr/lib/libSystem.B.dylib
0x00000001ab581000 	/System/Library/PrivateFrameworks/SoftLinking.framework/Versions/A/SoftLinking
0x00000001aeaeb000 	/usr/lib/swift/libswiftCore.dylib
0x000000019d2bf000 	/usr/lib/libc++abi.dylib
0x0000000284972000 	/usr/lib/libRosetta.dylib
0x000000019d232000 	/usr/lib/libc++.1.dylib
0x00000001b771c000 	/usr/lib/swift/libswiftObjectiveC.dylib
0x00000001a6b85000 	/System/Library/PrivateFrameworks/CoreAutoLayout.framework/Versions/A/CoreAutoLayout
0x000000019e5e2000 	/System/Library/Frameworks/SystemConfiguration.framework/Versions/A/SystemConfiguration
0x00000001ab4c6000 	/usr/lib/libz.1.dylib
0x00000001ab7aa000 	/usr/lib/libcompression.dylib
0x00000001a2eba000 	/System/Library/Frameworks/CFNetwork.framework/Versions/A/CFNetwork
0x00000001a6049000 	/System/Library/Frameworks/DiskArbitration.framework/Versions/A/DiskArbitration
0x00000001ab5d3000 	/usr/lib/libarchive.2.dylib
0x00000001a5f5b000 	/usr/lib/libDiagnosticMessagesClient.dylib
0x00000001a6bcf000 	/usr/lib/libxml2.2.dylib
0x00000001b2fa1000 	/System/Library/Frameworks/CoreServices.framework/Versions/A/CoreServices
0x00000001a9943000 	/usr/lib/liblangid.dylib
0x00000001a119e000 	/System/Library/Frameworks/IOKit.framework/Versions/A/IOKit
0x00000001b0e9c000 	/System/Library/Frameworks/Combine.framework/Versions/A/Combine
0x000000024b34e000 	/System/Library/PrivateFrameworks/CollectionsInternal.framework/Versions/A/CollectionsInternal
0x000000026b1fe000 	/System/Library/PrivateFrameworks/ReflectionInternal.framework/Versions/A/ReflectionInternal
0x000000026bed5000 	/System/Library/PrivateFrameworks/RuntimeInternal.framework/Versions/A/RuntimeInternal
0x00000001c628c000 	/usr/lib/swift/libswiftCoreFoundation.dylib
0x00000001c35f5000 	/usr/lib/swift/libswiftDarwin.dylib
0x00000001b4a9a000 	/usr/lib/swift/libswiftDispatch.dylib
0x00000001c62e7000 	/usr/lib/swift/libswiftIOKit.dylib
0x00000002859f9000 	/usr/lib/swift/libswiftSystem.dylib
0x00000001c629e000 	/usr/lib/swift/libswiftXPC.dylib
0x0000000285a68000 	/usr/lib/swift/libswift_Builtin_float.dylib
0x0000000285a6b000 	/usr/lib/swift/libswift_Concurrency.dylib
0x0000000285bca000 	/usr/lib/swift/libswift_StringProcessing.dylib
0x0000000285c5d000 	/usr/lib/swift/libswift_errno.dylib
0x0000000285c5f000 	/usr/lib/swift/libswift_math.dylib
0x0000000285c62000 	/usr/lib/swift/libswift_signal.dylib
0x0000000285c63000 	/usr/lib/swift/libswift_stdio.dylib
0x0000000285c64000 	/usr/lib/swift/libswift_time.dylib
0x00000001b7720000 	/usr/lib/swift/libswiftos.dylib
0x0000000285c65000 	/usr/lib/swift/libswiftsys_time.dylib
0x0000000285c66000 	/usr/lib/swift/libswiftunistd.dylib
0x00000001ab576000 	/usr/lib/system/libcache.dylib
0x00000001ab531000 	/usr/lib/system/libcommonCrypto.dylib
0x00000001ab55c000 	/usr/lib/system/libcompiler_rt.dylib
0x00000001ab551000 	/usr/lib/system/libcopyfile.dylib
0x000000019d07f000 	/usr/lib/system/libcorecrypto.dylib
0x000000019d166000 	/usr/lib/system/libdispatch.dylib
0x000000019d326000 	/usr/lib/system/libdyld.dylib
0x00000001ab56c000 	/usr/lib/system/libkeymgr.dylib
0x00000001ab514000 	/usr/lib/system/libmacho.dylib
0x00000001aa940000 	/usr/lib/system/libquarantine.dylib
0x00000001ab569000 	/usr/lib/system/libremovefile.dylib
0x00000001a331b000 	/usr/lib/system/libsystem_asl.dylib
0x000000019d014000 	/usr/lib/system/libsystem_blocks.dylib
0x000000019d1b0000 	/usr/lib/system/libsystem_c.dylib
0x00000001ab560000 	/usr/lib/system/libsystem_collections.dylib
0x00000001a9930000 	/usr/lib/system/libsystem_configuration.dylib
0x00000001a86c6000 	/usr/lib/system/libsystem_containermanager.dylib
0x00000001ab056000 	/usr/lib/system/libsystem_coreservices.dylib
0x00000001a0e1f000 	/usr/lib/system/libsystem_darwin.dylib
0x0000000285d9d000 	/usr/lib/system/libsystem_darwindirectory.dylib
0x00000001ab56d000 	/usr/lib/system/libsystem_dnssd.dylib
0x0000000285da1000 	/usr/lib/system/libsystem_eligibility.dylib
0x000000019d1ad000 	/usr/lib/system/libsystem_featureflags.dylib
0x000000019d35e000 	/usr/lib/system/libsystem_info.dylib
0x00000001ab4d5000 	/usr/lib/system/libsystem_m.dylib
0x000000019d11e000 	/usr/lib/system/libsystem_malloc.dylib
0x00000001a3284000 	/usr/lib/system/libsystem_networkextension.dylib
0x00000001a1281000 	/usr/lib/system/libsystem_notify.dylib
0x00000001a9935000 	/usr/lib/system/libsystem_sandbox.dylib
0x0000000285da9000 	/usr/lib/system/libsystem_sanitizers.dylib
0x00000001ab565000 	/usr/lib/system/libsystem_secinit.dylib
0x000000019d2dd000 	/usr/lib/system/libsystem_kernel.dylib
0x000000019d356000 	/usr/lib/system/libsystem_platform.dylib
0x000000019d319000 	/usr/lib/system/libsystem_pthread.dylib
0x00000001a4e78000 	/usr/lib/system/libsystem_symptoms.dylib
0x000000019d063000 	/usr/lib/system/libsystem_trace.dylib
0x00000001ab53f000 	/usr/lib/system/libunwind.dylib
0x000000019d018000 	/usr/lib/system/libxpc.dylib
0x00000001a074e000 	/System/Library/Frameworks/Security.framework/Versions/A/Security
0x00000001aa906000 	/System/Library/PrivateFrameworks/BackgroundTaskManagement.framework/Versions/A/BackgroundTaskManagement
0x00000002471b5000 	/System/Library/PrivateFrameworks/AppleKeyStore.framework/Versions/A/AppleKeyStore
0x00000002847ca000 	/usr/lib/libCoreEntitlements.dylib
0x00000002621a3000 	/System/Library/PrivateFrameworks/MessageSecurity.framework/Versions/A/MessageSecurity
0x00000001a4a39000 	/System/Library/PrivateFrameworks/ProtocolBuffer.framework/Versions/A/ProtocolBuffer
0x00000001a32a1000 	/usr/lib/libMobileGestalt.dylib
0x00000001ab03d000 	/System/Library/PrivateFrameworks/AppleFSCompression.framework/Versions/A/AppleFSCompression
0x00000001aa967000 	/usr/lib/libbsm.0.dylib
0x00000001aa94f000 	/usr/lib/libcoretls.dylib
0x00000001acb58000 	/usr/lib/libcoretls_cfhelpers.dylib
0x00000001ab7a4000 	/usr/lib/libpam.2.dylib
0x00000001a4a54000 	/usr/lib/libsqlite3.dylib
0x00000001acbcc000 	/usr/lib/libxar.1.dylib
0x00000001acb5a000 	/System/Library/PrivateFrameworks/APFS.framework/Versions/A/APFS
0x0000000275461000 	/System/Library/PrivateFrameworks/SwiftASN1Internal.framework/Versions/A/SwiftASN1Internal
0x00000001acbdb000 	/usr/lib/libutil.dylib
0x00000001a329f000 	/usr/lib/libenergytrace.dylib
0x00000001ab518000 	/usr/lib/system/libkxld.dylib
0x00000001a993e000 	/System/Library/PrivateFrameworks/AppleSystemInfo.framework/Versions/A/AppleSystemInfo
0x00000001aa63b000 	/System/Library/PrivateFrameworks/IOMobileFramebuffer.framework/Versions/A/IOMobileFramebuffer
0x00000001a4e81000 	/System/Library/Frameworks/Network.framework/Versions/A/Network
0x00000001a5f2a000 	/System/Library/PrivateFrameworks/CoreAnalytics.framework/Versions/A/CoreAnalytics
0x00000001c6177000 	/System/Library/PrivateFrameworks/LoggingSupport.framework/Versions/A/LoggingSupport
0x00000001b3f5b000 	/System/Library/PrivateFrameworks/PowerLog.framework/Versions/A/PowerLog
0x00000001a4d8a000 	/System/Library/PrivateFrameworks/RunningBoardServices.framework/Versions/A/RunningBoardServices
0x0000000203d01000 	/System/Library/Frameworks/SwiftData.framework/Versions/A/SwiftData
0x00000001a2931000 	/System/Library/Frameworks/UniformTypeIdentifiers.framework/Versions/A/UniformTypeIdentifiers
0x00000001a6d5a000 	/System/Library/PrivateFrameworks/UserManagement.framework/Versions/A/UserManagement
0x00000001a2de8000 	/usr/lib/libboringssl.dylib
0x00000001a4e67000 	/usr/lib/libdns_services.dylib
0x00000001c5326000 	/usr/lib/libquic.dylib
0x00000001aea7a000 	/usr/lib/libusrtcp.dylib
0x00000001ab761000 	/usr/lib/libapple_nghttp2.dylib
0x00000001e9c71000 	/System/Library/PrivateFrameworks/InternalSwiftProtobuf.framework/Versions/A/InternalSwiftProtobuf
0x0000000285956000 	/usr/lib/swift/libswiftDistributed.dylib
0x0000000285982000 	/usr/lib/swift/libswiftObservation.dylib
0x00000002859ef000 	/usr/lib/swift/libswiftSynchronization.dylib
0x00000001a2eb9000 	/usr/lib/libnetwork.dylib
0x00000001d6e2d000 	/System/Library/PrivateFrameworks/OSAnalytics.framework/Versions/A/OSAnalytics
0x00000001ab73c000 	/System/Library/PrivateFrameworks/AppleSauce.framework/Versions/A/AppleSauce
0x00000001b5230000 	/System/Library/PrivateFrameworks/CoreSymbolication.framework/Versions/A/CoreSymbolication
0x00000001e593a000 	/System/Library/PrivateFrameworks/Symbolication.framework/Versions/A/Symbolication
0x00000001a6b49000 	/System/Library/Frameworks/CoreServices.framework/Versions/A/Frameworks/FSEvents.framework/Versions/A/FSEvents
0x00000001a0e2a000 	/System/Library/Frameworks/CoreServices.framework/Versions/A/Frameworks/CarbonCore.framework/Versions/A/CarbonCore
0x00000001a5fbe000 	/System/Library/Frameworks/CoreServices.framework/Versions/A/Frameworks/Metadata.framework/Versions/A/Metadata
0x00000001ab05e000 	/System/Library/Frameworks/CoreServices.framework/Versions/A/Frameworks/OSServices.framework/Versions/A/OSServices
0x00000001ab6cb000 	/System/Library/Frameworks/CoreServices.framework/Versions/A/Frameworks/SearchKit.framework/Versions/A/SearchKit
0x00000001a4df3000 	/System/Library/Frameworks/CoreServices.framework/Versions/A/Frameworks/AE.framework/Versions/A/AE
0x000000019d8cd000 	/System/Library/Frameworks/CoreServices.framework/Versions/A/Frameworks/LaunchServices.framework/Versions/A/LaunchServices
0x00000001acae2000 	/System/Library/Frameworks/CoreServices.framework/Versions/A/Frameworks/DictionaryServices.framework/Versions/A/DictionaryServices
0x00000001a6b57000 	/System/Library/Frameworks/CoreServices.framework/Versions/A/Frameworks/SharedFileList.framework/Versions/A/SharedFileList
0x00000001a387d000 	/System/Library/Frameworks/CoreGraphics.framework/Versions/A/CoreGraphics
0x00000001af799000 	/System/Library/Frameworks/GSS.framework/Versions/A/GSS
0x00000001acb39000 	/usr/lib/liblzma.5.dylib
0x00000001a45de000 	/System/Library/Frameworks/CoreData.framework/Versions/A/CoreData
0x00000001aa84b000 	/System/Library/PrivateFrameworks/MobileKeyBag.framework/Versions/A/MobileKeyBag
0x00000001a993c000 	/System/Library/PrivateFrameworks/AggregateDictionary.framework/Versions/A/AggregateDictionary
0x0000000284695000 	/usr/lib/libAppleArchive.dylib
0x00000001ab049000 	/usr/lib/libbz2.1.0.dylib
0x00000001ab5b8000 	/usr/lib/libiconv.2.dylib
0x00000001ab513000 	/usr/lib/libcharset.1.dylib
0x00000001a3356000 	/System/Library/PrivateFrameworks/SkyLight.framework/Versions/A/SkyLight
0x00000001a8b11000 	/System/Library/PrivateFrameworks/FontServices.framework/libFontParser.dylib
0x00000001b324d000 	/System/Library/Frameworks/Accelerate.framework/Versions/A/Accelerate
0x00000001a86f7000 	/System/Library/Frameworks/IOSurface.framework/Versions/A/IOSurface
0x00000001a3333000 	/System/Library/PrivateFrameworks/TCC.framework/Versions/A/TCC
0x00000001ba447000 	/System/Library/PrivateFrameworks/IOSurfaceAccelerator.framework/Versions/A/IOSurfaceAccelerator
0x00000001ad612000 	/System/Library/PrivateFrameworks/WatchdogClient.framework/Versions/A/WatchdogClient
0x000000019f924000 	/System/Library/Frameworks/CoreDisplay.framework/Versions/A/CoreDisplay
0x00000001a89b5000 	/System/Library/Frameworks/CoreMedia.framework/Versions/A/CoreMedia
0x00000001a8710000 	/System/Library/PrivateFrameworks/IOAccelerator.framework/Versions/A/IOAccelerator
0x00000001a871a000 	/System/Library/Frameworks/Metal.framework/Versions/A/Metal
0x00000001a6cb9000 	/System/Library/Frameworks/CoreVideo.framework/Versions/A/CoreVideo
0x00000001ab7a2000 	/System/Library/Frameworks/MetalPerformanceShaders.framework/Versions/A/MetalPerformanceShaders
0x00000001ad614000 	/System/Library/PrivateFrameworks/MultitouchSupport.framework/Versions/A/MultitouchSupport
0x00000001a6462000 	/System/Library/Frameworks/QuartzCore.framework/Versions/A/QuartzCore
0x000000026a53c000 	/System/Library/PrivateFrameworks/ProDisplayLibrary.framework/Versions/A/ProDisplayLibrary
0x00000001ad65a000 	/System/Library/Frameworks/VideoToolbox.framework/Versions/A/VideoToolbox
0x00000001d2e57000 	/usr/lib/swift/libswiftMetal.dylib
0x00000001e1dfc000 	/usr/lib/swift/libswiftOSLog.dylib
0x00000001d81f9000 	/usr/lib/swift/libswiftQuartzCore.dylib
0x00000001dc854000 	/usr/lib/swift/libswiftUniformTypeIdentifiers.dylib
0x00000001c9b40000 	/usr/lib/swift/libswiftsimd.dylib
0x00000001a4ca5000 	/System/Library/PrivateFrameworks/BaseBoard.framework/Versions/A/BaseBoard
0x00000001a9141000 	/System/Library/Frameworks/ImageIO.framework/Versions/A/ImageIO
0x00000001ad4db000 	/System/Library/PrivateFrameworks/AppleJPEG.framework/Versions/A/AppleJPEG
0x00000001acf7c000 	/usr/lib/libexpat.1.dylib
0x00000001a3fae000 	/System/Library/Frameworks/ColorSync.framework/Versions/A/ColorSync
0x00000001adb35000 	/System/Library/Frameworks/ImageIO.framework/Versions/A/Resources/libPng.dylib
0x00000001adb60000 	/System/Library/Frameworks/ImageIO.framework/Versions/A/Resources/libTIFF.dylib
0x00000001adc4a000 	/System/Library/Frameworks/ImageIO.framework/Versions/A/Resources/libGIF.dylib
0x00000001ad521000 	/System/Library/Frameworks/ImageIO.framework/Versions/A/Resources/libJP2.dylib
0x00000001acc8d000 	/usr/lib/libate.dylib
0x00000001adbf1000 	/System/Library/Frameworks/ImageIO.framework/Versions/A/Resources/libJPEG.dylib
0x00000001adbe8000 	/System/Library/Frameworks/ImageIO.framework/Versions/A/Resources/libRadiance.dylib
0x00000001a6052000 	/System/Library/Frameworks/Accelerate.framework/Versions/A/Frameworks/vImage.framework/Versions/A/vImage
0x00000001b2f7c000 	/System/Library/Frameworks/Accelerate.framework/Versions/A/Frameworks/vecLib.framework/Versions/A/vecLib
0x00000001acc13000 	/System/Library/Frameworks/Accelerate.framework/Versions/A/Frameworks/vecLib.framework/Versions/A/libvMisc.dylib
0x000000019dd45000 	/System/Library/Frameworks/Accelerate.framework/Versions/A/Frameworks/vecLib.framework/Versions/A/libBLAS.dylib
0x000000019fdfd000 	/System/Library/Frameworks/CoreText.framework/Versions/A/CoreText
0x00000002515a7000 	/System/Library/PrivateFrameworks/FontServices.framework/Versions/A/FontServices
0x00000001ad160000 	/System/Library/PrivateFrameworks/OTSVG.framework/Versions/A/OTSVG
0x00000001a6836000 	/System/Library/Frameworks/ApplicationServices.framework/Versions/A/Frameworks/ATS.framework/Versions/A/Resources/libFontRegistry.dylib
0x0000000284d57000 	/usr/lib/libhvf.dylib
0x0000000266440000 	/System/Library/PrivateFrameworks/ParsingInternal.framework/Versions/A/ParsingInternal
0x000000028599f000 	/usr/lib/swift/libswiftRegexBuilder.dylib
0x0000000285b27000 	/usr/lib/swift/libswift_RegexParser.dylib
0x00000002515a8000 	/System/Library/PrivateFrameworks/FontServices.framework/libXTFontStaticRegistryData.dylib
0x00000001a94c5000 	/System/Library/Frameworks/CoreImage.framework/Versions/A/CoreImage
0x0000000251672000 	/System/Library/PrivateFrameworks/FramePacing.framework/Versions/A/FramePacing
0x00000001b885f000 	/System/Library/PrivateFrameworks/ASEProcessing.framework/Versions/A/ASEProcessing
0x00000002696a9000 	/System/Library/PrivateFrameworks/PhotosensitivityProcessing.framework/Versions/A/PhotosensitivityProcessing
0x00000001fd7fd000 	/System/Library/Frameworks/OpenGL.framework/Versions/A/OpenGL
0x00000001ad154000 	/System/Library/PrivateFrameworks/GraphVisualizer.framework/Versions/A/GraphVisualizer
0x0000000256276000 	/System/Library/PrivateFrameworks/GPUCompiler.framework/Versions/32023/Libraries/libllvm-flatbuffers.dylib
0x00000001fd7ef000 	/System/Library/Frameworks/OpenGL.framework/Versions/A/Libraries/libCoreFSCache.dylib
0x00000002521e7000 	/System/Library/PrivateFrameworks/GPUCompiler.framework/Versions/32023/Libraries/libGPUCompilerUtils.dylib
0x00000001fd84d000 	/System/Library/Frameworks/OpenGL.framework/Versions/A/Libraries/libGLU.dylib
0x00000001fd811000 	/System/Library/Frameworks/OpenGL.framework/Versions/A/Libraries/libGFXShared.dylib
0x00000001fd9d9000 	/System/Library/Frameworks/OpenGL.framework/Versions/A/Libraries/libGL.dylib
0x00000001fd81a000 	/System/Library/Frameworks/OpenGL.framework/Versions/A/Libraries/libGLImage.dylib
0x00000001fd80e000 	/System/Library/Frameworks/OpenGL.framework/Versions/A/Libraries/libCVMSPluginSupport.dylib
0x00000001fd7f7000 	/System/Library/Frameworks/OpenGL.framework/Versions/A/Libraries/libCoreVMClient.dylib
0x00000001a9880000 	/System/Library/Frameworks/MetalPerformanceShaders.framework/Versions/A/Frameworks/MPSCore.framework/Versions/A/MPSCore
0x00000001aafa8000 	/System/Library/Frameworks/MetalPerformanceShaders.framework/Versions/A/Frameworks/MPSImage.framework/Versions/A/MPSImage
0x00000001aa9f1000 	/System/Library/Frameworks/MetalPerformanceShaders.framework/Versions/A/Frameworks/MPSNeuralNetwork.framework/Versions/A/MPSNeuralNetwork
0x00000001aae28000 	/System/Library/Frameworks/MetalPerformanceShaders.framework/Versions/A/Frameworks/MPSMatrix.framework/Versions/A/MPSMatrix
0x00000001aac3d000 	/System/Library/Frameworks/MetalPerformanceShaders.framework/Versions/A/Frameworks/MPSRayIntersector.framework/Versions/A/MPSRayIntersector
0x00000001aae5a000 	/System/Library/Frameworks/MetalPerformanceShaders.framework/Versions/A/Frameworks/MPSNDArray.framework/Versions/A/MPSNDArray
0x00000002010ef000 	/System/Library/Frameworks/MetalPerformanceShaders.framework/Versions/A/Frameworks/MPSFunctions.framework/Versions/A/MPSFunctions
0x00000002010d1000 	/System/Library/Frameworks/MetalPerformanceShaders.framework/Versions/A/Frameworks/MPSBenchmarkLoop.framework/Versions/A/MPSBenchmarkLoop
0x000000019dbc0000 	/System/Library/PrivateFrameworks/MetalTools.framework/Versions/A/MetalTools
0x00000001caee9000 	/System/Library/PrivateFrameworks/IOAccelMemoryInfo.framework/Versions/A/IOAccelMemoryInfo
0x00000001d85ee000 	/System/Library/PrivateFrameworks/kperf.framework/Versions/A/kperf
0x00000001c6267000 	/System/Library/PrivateFrameworks/GPURawCounter.framework/Versions/A/GPURawCounter
0x00000001c6200000 	/System/Library/PrivateFrameworks/MallocStackLogging.framework/Versions/A/MallocStackLogging
0x00000001acd27000 	/System/Library/PrivateFrameworks/CrashReporterSupport.framework/Versions/A/CrashReporterSupport
0x00000001b520c000 	/System/Library/PrivateFrameworks/DebugSymbols.framework/Versions/A/DebugSymbols
0x00000001af788000 	/System/Library/Frameworks/Kerberos.framework/Versions/A/Kerberos
0x00000001af3ee000 	/usr/lib/libresolv.9.dylib
0x00000001ad1b2000 	/System/Library/PrivateFrameworks/Heimdal.framework/Versions/A/Heimdal
0x00000001b7673000 	/System/Library/Frameworks/Kerberos.framework/Versions/A/Libraries/libHeimdalProxy.dylib
0x00000001acf97000 	/usr/lib/libheimdal-asn1.dylib
0x00000001a6b1c000 	/System/Library/Frameworks/OpenDirectory.framework/Versions/A/OpenDirectory
0x00000001af7eb000 	/System/Library/PrivateFrameworks/CommonAuth.framework/Versions/A/CommonAuth
0x00000001a6b2a000 	/System/Library/Frameworks/OpenDirectory.framework/Versions/A/Frameworks/CFOpenDirectory.framework/Versions/A/CFOpenDirectory
0x00000001aa877000 	/System/Library/Frameworks/SecurityFoundation.framework/Versions/A/SecurityFoundation
0x00000001af156000 	/System/Library/Frameworks/AudioToolbox.framework/Versions/A/AudioToolbox
0x00000001a001c000 	/System/Library/Frameworks/CoreAudio.framework/Versions/A/CoreAudio
0x00000001af35f000 	/usr/lib/libAudioStatistics.dylib
0x00000001a898d000 	/System/Library/PrivateFrameworks/caulk.framework/Versions/A/caulk
0x000000019fa45000 	/System/Library/PrivateFrameworks/AudioToolboxCore.framework/Versions/A/AudioToolboxCore
0x00000001b9969000 	/System/Library/Frameworks/CoreMIDI.framework/Versions/A/CoreMIDI
0x00000001af301000 	/System/Library/PrivateFrameworks/AudioSession.framework/Versions/A/AudioSession
0x00000001ad081000 	/System/Library/PrivateFrameworks/MediaExperience.framework/Versions/A/MediaExperience
0x00000001f0faa000 	/System/Library/PrivateFrameworks/FeatureFlags.framework/Versions/A/FeatureFlags
0x00000001ad1a1000 	/System/Library/PrivateFrameworks/AppServerSupport.framework/Versions/A/AppServerSupport
0x00000001af76c000 	/System/Library/PrivateFrameworks/perfdata.framework/Versions/A/perfdata
0x00000001c541f000 	/System/Library/PrivateFrameworks/SystemPolicy.framework/Versions/A/SystemPolicy
0x00000001af60d000 	/usr/lib/libSMC.dylib
0x00000001adaff000 	/usr/lib/libAudioToolboxUtility.dylib
0x00000001af77a000 	/usr/lib/libperfcheck.dylib
0x0000000247d33000 	/System/Library/PrivateFrameworks/AudioAnalytics.framework/Versions/A/AudioAnalytics
0x00000001e9a38000 	/System/Library/Frameworks/OSLog.framework/Versions/A/OSLog
0x00000001c6232000 	/usr/lib/libmis.dylib
0x00000001af10f000 	/System/Library/PrivateFrameworks/AudioSession.framework/libSessionUtility.dylib
0x00000001adc50000 	/System/Library/PrivateFrameworks/CMCaptureCore.framework/Versions/A/CMCaptureCore
0x00000001ad1ab000 	/usr/lib/libspindump.dylib
0x00000001ff41e000 	/System/Library/Frameworks/ExtensionFoundation.framework/Versions/A/ExtensionFoundation
0x00000001b533d000 	/System/Library/PrivateFrameworks/CoreTime.framework/Versions/A/CoreTime
0x00000001b4dff000 	/System/Library/PrivateFrameworks/BoardServices.framework/Versions/A/BoardServices
0x00000001ace7b000 	/System/Library/PrivateFrameworks/PlugInKit.framework/Versions/A/PlugInKit
0x00000001aa868000 	/System/Library/PrivateFrameworks/AssertionServices.framework/Versions/A/AssertionServices
0x00000001aa516000 	/System/Library/Frameworks/Accelerate.framework/Versions/A/Frameworks/vecLib.framework/Versions/A/libvDSP.dylib
0x00000001ab880000 	/System/Library/Frameworks/Accelerate.framework/Versions/A/Frameworks/vecLib.framework/Versions/A/libLAPACK.dylib
0x00000001aa9dc000 	/System/Library/Frameworks/Accelerate.framework/Versions/A/Frameworks/vecLib.framework/Versions/A/libLinearAlgebra.dylib
0x00000001ab77b000 	/System/Library/Frameworks/Accelerate.framework/Versions/A/Frameworks/vecLib.framework/Versions/A/libSparseBLAS.dylib
0x00000001ab87b000 	/System/Library/Frameworks/Accelerate.framework/Versions/A/Frameworks/vecLib.framework/Versions/A/libQuadrature.dylib
0x00000001a9a69000 	/System/Library/Frameworks/Accelerate.framework/Versions/A/Frameworks/vecLib.framework/Versions/A/libBNNS.dylib
0x000000019e4e6000 	/System/Library/Frameworks/Accelerate.framework/Versions/A/Frameworks/vecLib.framework/Versions/A/libSparse.dylib
0x000000025f592000 	/System/Library/PrivateFrameworks/MIL.framework/Versions/A/MIL
0x00000001adbe3000 	/System/Library/PrivateFrameworks/GPUWrangler.framework/Versions/A/GPUWrangler
0x00000001adbc3000 	/System/Library/PrivateFrameworks/IOPresentment.framework/Versions/A/IOPresentment
0x00000001adbeb000 	/System/Library/PrivateFrameworks/DSExternalDisplay.framework/Versions/A/DSExternalDisplay
0x00000001e9e3f000 	/System/Library/PrivateFrameworks/HIDDisplay.framework/Versions/A/HIDDisplay
0x00000001bee2d000 	/System/Library/PrivateFrameworks/HID.framework/Versions/A/HID
0x000000027b767000 	/System/Library/PrivateFrameworks/VideoToolboxParavirtualizationSupport.framework/Versions/A/VideoToolboxParavirtualizationSupport
0x00000001acf33000 	/System/Library/PrivateFrameworks/AppleVA.framework/Versions/A/AppleVA
0x00000001b404c000 	/System/Library/PrivateFrameworks/MediaKit.framework/Versions/A/MediaKit
0x00000001b3f97000 	/System/Library/Frameworks/DiscRecording.framework/Versions/A/DiscRecording
0x000000019e3d9000 	/System/Library/PrivateFrameworks/Lexicon.framework/Versions/A/Lexicon
0x00000001aa9d9000 	/usr/lib/libgermantok.dylib
0x00000001a9a62000 	/System/Library/PrivateFrameworks/LinguisticData.framework/Versions/A/LinguisticData
0x00000001af74d000 	/System/Library/PrivateFrameworks/NetAuth.framework/Versions/A/NetAuth
0x00000001a6d1a000 	/System/Library/PrivateFrameworks/login.framework/Versions/A/Frameworks/loginsupport.framework/Versions/A/loginsupport
0x0000000247943000 	/System/Library/PrivateFrameworks/AppleMobileFileIntegrity.framework/Versions/A/AppleMobileFileIntegrity
0x00000002849d5000 	/usr/lib/libTLE.dylib
0x00000001fa84b000 	/System/Library/PrivateFrameworks/ConfigProfileHelper.framework/Versions/A/ConfigProfileHelper
0x00000001aa979000 	/usr/lib/libmecab.dylib
0x000000019e676000 	/usr/lib/libCRFSuite.dylib
0x00000001a9945000 	/System/Library/PrivateFrameworks/CoreNLP.framework/Versions/A/CoreNLP
0x00000001ab733000 	/usr/lib/libThaiTokenizer.dylib
0x00000001aa943000 	/usr/lib/libCheckFix.dylib
0x00000001a5f5d000 	/System/Library/PrivateFrameworks/MetadataUtilities.framework/Versions/A/MetadataUtilities
0x000000025adc6000 	/System/Library/PrivateFrameworks/InstalledContentLibrary.framework/Versions/A/InstalledContentLibrary
0x00000001a115d000 	/System/Library/PrivateFrameworks/CoreServicesStore.framework/Versions/A/CoreServicesStore
0x00000001a6b81000 	/usr/lib/libapp_launch_measurement.dylib
0x00000001d86f8000 	/System/Library/PrivateFrameworks/MobileSystemServices.framework/Versions/A/MobileSystemServices
0x00000001acbdf000 	/usr/lib/libxslt.1.dylib
0x00000001b6c15000 	/System/Library/PrivateFrameworks/DiskImages.framework/Versions/A/DiskImages
0x00000001c311e000 	/System/Library/Frameworks/NetFS.framework/Versions/A/NetFS
0x00000001b6dd3000 	/usr/lib/libcurl.4.dylib
0x0000000284c09000 	/usr/lib/libcrypto.46.dylib
0x0000000285733000 	/usr/lib/libssl.48.dylib
0x00000001b6aab000 	/System/Library/Frameworks/LDAP.framework/Versions/A/LDAP
0x00000001b6ae7000 	/System/Library/PrivateFrameworks/TrustEvaluationAgent.framework/Versions/A/TrustEvaluationAgent
0x00000001af40b000 	/usr/lib/libsasl2.2.dylib
0x00000001003b4000 	/opt/homebrew/Cellar/python@3.13/3.13.11/Frameworks/Python.framework/Versions/3.13/lib/python3.13/lib-dynload/grp.cpython-313-darwin.so
0x00000001003e0000 	/opt/homebrew/Cellar/python@3.13/3.13.11/Frameworks/Python.framework/Versions/3.13/lib/python3.13/lib-dynload/_json.cpython-313-darwin.so
0x00000001003c8000 	/opt/homebrew/Cellar/python@3.13/3.13.11/Frameworks/Python.framework/Versions/3.13/lib/python3.13/lib-dynload/fcntl.cpython-313-darwin.so
0x00000001003f8000 	/opt/homebrew/Cellar/python@3.13/3.13.11/Frameworks/Python.framework/Versions/3.13/lib/python3.13/lib-dynload/_posixsubprocess.cpython-313-darwin.so
0x0000000100424000 	/opt/homebrew/Cellar/python@3.13/3.13.11/Frameworks/Python.framework/Versions/3.13/lib/python3.13/lib-dynload/select.cpython-313-darwin.so
0x0000000100458000 	/opt/homebrew/Cellar/python@3.13/3.13.11/Frameworks/Python.framework/Versions/3.13/lib/python3.13/lib-dynload/math.cpython-313-darwin.so
0x0000000100954000 	/Users/phuonghuupham/Library/Python/3.13/lib/python/site-packages/zmq/backend/cython/_zmq.abi3.so
0x0000000101230000 	/Users/phuonghuupham/Library/Python/3.13/lib/python/site-packages/zmq/.dylibs/libzmq.5.dylib
0x00000001008e4000 	/Users/phuonghuupham/Library/Python/3.13/lib/python/site-packages/zmq/.dylibs/libsodium.26.dylib
0x000000010040c000 	/opt/homebrew/Cellar/python@3.13/3.13.11/Frameworks/Python.framework/Versions/3.13/lib/python3.13/lib-dynload/_opcode.cpython-313-darwin.so
0x000000010098c000 	/opt/homebrew/Cellar/python@3.13/3.13.11/Frameworks/Python.framework/Versions/3.13/lib/python3.13/lib-dynload/_struct.cpython-313-darwin.so
0x00000001013d0000 	/opt/homebrew/Cellar/python@3.13/3.13.11/Frameworks/Python.framework/Versions/3.13/lib/python3.13/lib-dynload/_pickle.cpython-313-darwin.so
0x000000010043c000 	/opt/homebrew/Cellar/python@3.13/3.13.11/Frameworks/Python.framework/Versions/3.13/lib/python3.13/lib-dynload/_bisect.cpython-313-darwin.so
0x00000001009a4000 	/opt/homebrew/Cellar/python@3.13/3.13.11/Frameworks/Python.framework/Versions/3.13/lib/python3.13/lib-dynload/_random.cpython-313-darwin.so
0x0000000101200000 	/opt/homebrew/Cellar/python@3.13/3.13.11/Frameworks/Python.framework/Versions/3.13/lib/python3.13/lib-dynload/_heapq.cpython-313-darwin.so
0x0000000101420000 	/opt/homebrew/Cellar/python@3.13/3.13.11/Frameworks/Python.framework/Versions/3.13/lib/python3.13/lib-dynload/_socket.cpython-313-darwin.so
0x00000001013fc000 	/opt/homebrew/Cellar/python@3.13/3.13.11/Frameworks/Python.framework/Versions/3.13/lib/python3.13/lib-dynload/array.cpython-313-darwin.so
0x000000010157c000 	/opt/homebrew/Cellar/python@3.13/3.13.11/Frameworks/Python.framework/Versions/3.13/lib/python3.13/lib-dynload/_ssl.cpython-313-darwin.so
0x0000000101694000 	/opt/homebrew/Cellar/openssl@3/3.6.0/lib/libssl.3.dylib
0x00000001024a8000 	/opt/homebrew/Cellar/openssl@3/3.6.0/lib/libcrypto.3.dylib
0x0000000101214000 	/opt/homebrew/Cellar/python@3.13/3.13.11/Frameworks/Python.framework/Versions/3.13/lib/python3.13/lib-dynload/binascii.cpython-313-darwin.so
0x0000000101544000 	/opt/homebrew/Cellar/python@3.13/3.13.11/Frameworks/Python.framework/Versions/3.13/lib/python3.13/lib-dynload/_contextvars.cpython-313-darwin.so
0x00000001015b4000 	/opt/homebrew/Cellar/python@3.13/3.13.11/Frameworks/Python.framework/Versions/3.13/lib/python3.13/lib-dynload/_asyncio.cpython-313-darwin.so
0x0000000101558000 	/opt/homebrew/Cellar/python@3.13/3.13.11/Frameworks/Python.framework/Versions/3.13/lib/python3.13/lib-dynload/_queue.cpython-313-darwin.so
0x00000001015f0000 	/opt/homebrew/Cellar/python@3.13/3.13.11/Frameworks/Python.framework/Versions/3.13/lib/python3.13/lib-dynload/_hashlib.cpython-313-darwin.so
0x000000010160c000 	/opt/homebrew/Cellar/python@3.13/3.13.11/Frameworks/Python.framework/Versions/3.13/lib/python3.13/lib-dynload/_blake2.cpython-313-darwin.so
0x0000000101648000 	/opt/homebrew/Cellar/python@3.13/3.13.11/Frameworks/Python.framework/Versions/3.13/lib/python3.13/lib-dynload/_datetime.cpython-313-darwin.so
0x0000000101624000 	/opt/homebrew/Cellar/python@3.13/3.13.11/Frameworks/Python.framework/Versions/3.13/lib/python3.13/lib-dynload/zlib.cpython-313-darwin.so
0x0000000100474000 	/Users/phuonghuupham/Library/Python/3.13/lib/python/site-packages/tornado/speedups.abi3.so
0x0000000101774000 	/opt/homebrew/Cellar/python@3.13/3.13.11/Frameworks/Python.framework/Versions/3.13/lib/python3.13/lib-dynload/_curses.cpython-313-darwin.so
0x00000001caeac000 	/usr/lib/libncurses.5.4.dylib
0x00000001017cc000 	/opt/homebrew/Cellar/python@3.13/3.13.11/Frameworks/Python.framework/Versions/3.13/lib/python3.13/lib-dynload/_decimal.cpython-313-darwin.so
0x0000000102400000 	/opt/homebrew/Cellar/mpdecimal/4.0.1/lib/libmpdec.4.0.1.dylib
0x00000001015d4000 	/opt/homebrew/Cellar/python@3.13/3.13.11/Frameworks/Python.framework/Versions/3.13/lib/python3.13/lib-dynload/termios.cpython-313-darwin.so
0x000000010166c000 	/opt/homebrew/Cellar/python@3.13/3.13.11/Frameworks/Python.framework/Versions/3.13/lib/python3.13/lib-dynload/_bz2.cpython-313-darwin.so
0x00000001017b4000 	/opt/homebrew/Cellar/python@3.13/3.13.11/Frameworks/Python.framework/Versions/3.13/lib/python3.13/lib-dynload/_lzma.cpython-313-darwin.so
0x0000000102460000 	/opt/homebrew/Cellar/xz/5.8.2/lib/liblzma.5.dylib
0x0000000101680000 	/opt/homebrew/Cellar/python@3.13/3.13.11/Frameworks/Python.framework/Versions/3.13/lib/python3.13/lib-dynload/_uuid.cpython-313-darwin.so
0x0000000102a50000 	/opt/homebrew/Cellar/python@3.13/3.13.11/Frameworks/Python.framework/Versions/3.13/lib/python3.13/lib-dynload/_sqlite3.cpython-313-darwin.so
0x0000000103238000 	/opt/homebrew/Cellar/sqlite/3.51.2/lib/libsqlite3.3.51.2.dylib
0x0000000102a7c000 	/opt/homebrew/Cellar/python@3.13/3.13.11/Frameworks/Python.framework/Versions/3.13/lib/python3.13/lib-dynload/pyexpat.cpython-313-darwin.so
0x00000001039b8000 	/opt/homebrew/Cellar/python@3.13/3.13.11/Frameworks/Python.framework/Versions/3.13/lib/python3.13/lib-dynload/unicodedata.cpython-313-darwin.so
0x000000010179c000 	/opt/homebrew/Cellar/python@3.13/3.13.11/Frameworks/Python.framework/Versions/3.13/lib/python3.13/lib-dynload/_scproxy.cpython-313-darwin.so
0x0000000102430000 	/opt/homebrew/Cellar/python@3.13/3.13.11/Frameworks/Python.framework/Versions/3.13/lib/python3.13/lib-dynload/_lsprof.cpython-313-darwin.so
0x0000000102444000 	/opt/homebrew/Cellar/python@3.13/3.13.11/Frameworks/Python.framework/Versions/3.13/lib/python3.13/lib-dynload/resource.cpython-313-darwin.so
0x0000000102ab4000 	/Users/phuonghuupham/Library/Python/3.13/lib/python/site-packages/psutil/_psutil_osx.abi3.so
0x0000000103200000 	/opt/homebrew/Cellar/python@3.13/3.13.11/Frameworks/Python.framework/Versions/3.13/lib/python3.13/lib-dynload/_ctypes.cpython-313-darwin.so
0x00000001afab8000 	/usr/lib/libffi.dylib
0x0000000103900000 	/Users/phuonghuupham/Library/Python/3.13/lib/python/site-packages/debugpy/_vendored/pydevd/_pydevd_bundle/pydevd_cython.cpython-313-darwin.so
0x0000000103570000 	/Users/phuonghuupham/Library/Python/3.13/lib/python/site-packages/debugpy/_vendored/pydevd/_pydevd_sys_monitoring/_pydevd_sys_monitoring_cython.cpython-313-darwin.so
0x0000000104c84000 	/Users/phuonghuupham/Library/Python/3.13/lib/python/site-packages/numpy/_core/_multiarray_umath.cpython-313-darwin.so
0x0000000103b70000 	/Users/phuonghuupham/Library/Python/3.13/lib/python/site-packages/numpy/linalg/_umath_linalg.cpython-313-darwin.so
0x0000000104c00000 	/Users/phuonghuupham/Library/Python/3.13/lib/python/site-packages/numpy/random/_bounded_integers.cpython-313-darwin.so
0x0000000103b98000 	/Users/phuonghuupham/Library/Python/3.13/lib/python/site-packages/numpy/random/bit_generator.cpython-313-darwin.so
0x0000000105120000 	/Users/phuonghuupham/Library/Python/3.13/lib/python/site-packages/numpy/random/_common.cpython-313-darwin.so
0x00000001051fc000 	/Users/phuonghuupham/Library/Python/3.13/lib/python/site-packages/numpy/random/_generator.cpython-313-darwin.so
0x0000000103bc8000 	/Users/phuonghuupham/Library/Python/3.13/lib/python/site-packages/numpy/random/_pcg64.cpython-313-darwin.so
0x0000000104c48000 	/Users/phuonghuupham/Library/Python/3.13/lib/python/site-packages/numpy/random/_mt19937.cpython-313-darwin.so
0x0000000103998000 	/Users/phuonghuupham/Library/Python/3.13/lib/python/site-packages/numpy/random/_philox.cpython-313-darwin.so
0x0000000102a98000 	/Users/phuonghuupham/Library/Python/3.13/lib/python/site-packages/numpy/random/_sfc64.cpython-313-darwin.so
0x0000000105324000 	/Users/phuonghuupham/Library/Python/3.13/lib/python/site-packages/numpy/random/mtrand.cpython-313-darwin.so
0x0000000102ad0000 	/Users/phuonghuupham/Library/Python/3.13/lib/python/site-packages/pandas/_libs/pandas_parser.cpython-313-darwin.so
0x0000000102ae4000 	/Users/phuonghuupham/Library/Python/3.13/lib/python/site-packages/pandas/_libs/pandas_datetime.cpython-313-darwin.so
0x00000001054a0000 	/Users/phuonghuupham/Library/Python/3.13/lib/python/site-packages/pandas/_libs/interval.cpython-313-darwin.so
0x000000010575c000 	/Users/phuonghuupham/Library/Python/3.13/lib/python/site-packages/pandas/_libs/hashtable.cpython-313-darwin.so
0x000000010518c000 	/Users/phuonghuupham/Library/Python/3.13/lib/python/site-packages/pandas/_libs/missing.cpython-313-darwin.so
0x00000001052a0000 	/Users/phuonghuupham/Library/Python/3.13/lib/python/site-packages/pandas/_libs/tslibs/dtypes.cpython-313-darwin.so
0x00000001051bc000 	/Users/phuonghuupham/Library/Python/3.13/lib/python/site-packages/pandas/_libs/tslibs/ccalendar.cpython-313-darwin.so
0x00000001052c8000 	/Users/phuonghuupham/Library/Python/3.13/lib/python/site-packages/pandas/_libs/_cyutility.cpython-313-darwin.so
0x00000001052f4000 	/Users/phuonghuupham/Library/Python/3.13/lib/python/site-packages/pandas/_libs/tslibs/np_datetime.cpython-313-darwin.so
0x00000001053a8000 	/Users/phuonghuupham/Library/Python/3.13/lib/python/site-packages/pandas/_libs/tslibs/conversion.cpython-313-darwin.so
0x00000001035e8000 	/Users/phuonghuupham/Library/Python/3.13/lib/python/site-packages/pandas/_libs/tslibs/base.cpython-313-darwin.so
0x0000000105a18000 	/Users/phuonghuupham/Library/Python/3.13/lib/python/site-packages/pandas/_libs/tslibs/offsets.cpython-313-darwin.so
0x0000000105698000 	/Users/phuonghuupham/Library/Python/3.13/lib/python/site-packages/pandas/_libs/tslibs/timestamps.cpython-313-darwin.so
0x0000000105408000 	/Users/phuonghuupham/Library/Python/3.13/lib/python/site-packages/pandas/_libs/tslibs/nattype.cpython-313-darwin.so
0x0000000105998000 	/Users/phuonghuupham/Library/Python/3.13/lib/python/site-packages/pandas/_libs/tslibs/timedeltas.cpython-313-darwin.so
0x00000001053d4000 	/Users/phuonghuupham/Library/Python/3.13/lib/python/site-packages/pandas/_libs/tslibs/timezones.cpython-313-darwin.so
0x0000000104c6c000 	/opt/homebrew/Cellar/python@3.13/3.13.11/Frameworks/Python.framework/Versions/3.13/lib/python3.13/lib-dynload/_zoneinfo.cpython-313-darwin.so
0x000000010543c000 	/Users/phuonghuupham/Library/Python/3.13/lib/python/site-packages/pandas/_libs/properties.cpython-313-darwin.so
0x000000010570c000 	/Users/phuonghuupham/Library/Python/3.13/lib/python/site-packages/pandas/_libs/tslibs/fields.cpython-313-darwin.so
0x0000000105458000 	/Users/phuonghuupham/Library/Python/3.13/lib/python/site-packages/pandas/_libs/tslibs/tzconversion.cpython-313-darwin.so
0x0000000105b0c000 	/Users/phuonghuupham/Library/Python/3.13/lib/python/site-packages/pandas/_libs/tslibs/parsing.cpython-313-darwin.so
0x0000000105960000 	/Users/phuonghuupham/Library/Python/3.13/lib/python/site-packages/pandas/_libs/tslibs/strptime.cpython-313-darwin.so
0x0000000105ca8000 	/Users/phuonghuupham/Library/Python/3.13/lib/python/site-packages/pandas/_libs/tslibs/period.cpython-313-darwin.so
0x0000000105928000 	/Users/phuonghuupham/Library/Python/3.13/lib/python/site-packages/pandas/_libs/tslibs/vectorized.cpython-313-darwin.so
0x0000000103bec000 	/Users/phuonghuupham/Library/Python/3.13/lib/python/site-packages/pandas/_libs/ops_dispatch.cpython-313-darwin.so
0x000000010608c000 	/Users/phuonghuupham/Library/Python/3.13/lib/python/site-packages/pandas/_libs/algos.cpython-313-darwin.so
0x0000000105f00000 	/Users/phuonghuupham/Library/Python/3.13/lib/python/site-packages/pandas/_libs/lib.cpython-313-darwin.so
0x0000000105c4c000 	/Users/phuonghuupham/Library/Python/3.13/lib/python/site-packages/pandas/_libs/ops.cpython-313-darwin.so
0x0000000105c70000 	/Users/phuonghuupham/Library/Python/3.13/lib/python/site-packages/pandas/_libs/hashing.cpython-313-darwin.so
0x0000000105d04000 	/Users/phuonghuupham/Library/Python/3.13/lib/python/site-packages/pandas/_libs/arrays.cpython-313-darwin.so
0x000000010515c000 	/opt/homebrew/Cellar/python@3.13/3.13.11/Frameworks/Python.framework/Versions/3.13/lib/python3.13/lib-dynload/_csv.cpython-313-darwin.so
0x0000000105d50000 	/Users/phuonghuupham/Library/Python/3.13/lib/python/site-packages/pandas/_libs/tslib.cpython-313-darwin.so
0x0000000106600000 	/Users/phuonghuupham/Library/Python/3.13/lib/python/site-packages/pandas/_libs/sparse.cpython-313-darwin.so
0x000000010621c000 	/Users/phuonghuupham/Library/Python/3.13/lib/python/site-packages/pandas/_libs/internals.cpython-313-darwin.so
0x0000000105d28000 	/Users/phuonghuupham/Library/Python/3.13/lib/python/site-packages/pandas/_libs/indexing.cpython-313-darwin.so
0x0000000106958000 	/Users/phuonghuupham/Library/Python/3.13/lib/python/site-packages/pandas/_libs/index.cpython-313-darwin.so
0x0000000105d98000 	/Users/phuonghuupham/Library/Python/3.13/lib/python/site-packages/pandas/_libs/writers.cpython-313-darwin.so
0x0000000106aec000 	/Users/phuonghuupham/Library/Python/3.13/lib/python/site-packages/pandas/_libs/join.cpython-313-darwin.so
0x0000000105174000 	/opt/homebrew/Cellar/python@3.13/3.13.11/Frameworks/Python.framework/Versions/3.13/lib/python3.13/lib-dynload/mmap.cpython-313-darwin.so
0x00000001068b0000 	/Users/phuonghuupham/Library/Python/3.13/lib/python/site-packages/pandas/_libs/window/aggregations.cpython-313-darwin.so
0x0000000106264000 	/Users/phuonghuupham/Library/Python/3.13/lib/python/site-packages/pandas/_libs/window/indexers.cpython-313-darwin.so
0x0000000106298000 	/Users/phuonghuupham/Library/Python/3.13/lib/python/site-packages/pandas/_libs/reshape.cpython-313-darwin.so
0x00000001071f0000 	/Users/phuonghuupham/Library/Python/3.13/lib/python/site-packages/pandas/_libs/groupby.cpython-313-darwin.so
0x0000000105488000 	/Users/phuonghuupham/Library/Python/3.13/lib/python/site-packages/pandas/_libs/json.cpython-313-darwin.so
0x0000000106a60000 	/Users/phuonghuupham/Library/Python/3.13/lib/python/site-packages/pandas/_libs/parsers.cpython-313-darwin.so
0x0000000105db8000 	/Users/phuonghuupham/Library/Python/3.13/lib/python/site-packages/pandas/_libs/testing.cpython-313-darwin.so
0x0000000105744000 	/opt/homebrew/Cellar/python@3.13/3.13.11/Frameworks/Python.framework/Versions/3.13/lib/python3.13/lib-dynload/cmath.cpython-313-darwin.so
0x0000000107100000 	/Users/phuonghuupham/Library/Python/3.13/lib/python/site-packages/_jpype.cpython-313-darwin.so
0x00000001062c4000 	/Library/Java/JavaVirtualMachines/amazon-corretto-21.jdk/Contents/Home/lib/libjli.dylib
0x00000001b9b3c000 	/System/Library/Frameworks/Cocoa.framework/Versions/A/Cocoa
0x00000001a12ee000 	/System/Library/Frameworks/AppKit.framework/Versions/C/AppKit
0x000000024b32a000 	/System/Library/PrivateFrameworks/CollectionViewCore.framework/Versions/A/CollectionViewCore
0x00000001a9100000 	/System/Library/PrivateFrameworks/XCTTargetBootstrap.framework/Versions/A/XCTTargetBootstrap
0x00000001ae0cd000 	/System/Library/PrivateFrameworks/UserActivity.framework/Versions/A/UserActivity
0x0000000279cb2000 	/System/Library/PrivateFrameworks/UIIntelligenceSupport.framework/Versions/A/UIIntelligenceSupport
0x0000000203e3c000 	/System/Library/Frameworks/SwiftUICore.framework/Versions/A/SwiftUICore
0x000000027ed38000 	/System/Library/PrivateFrameworks/WritingTools.framework/Versions/A/WritingTools
0x000000027dd7c000 	/System/Library/PrivateFrameworks/WindowManagement.framework/Versions/A/WindowManagement
0x00000001a90eb000 	/System/Library/PrivateFrameworks/DFRFoundation.framework/Versions/A/DFRFoundation
0x00000001a8de4000 	/System/Library/Frameworks/Carbon.framework/Versions/A/Frameworks/HIToolbox.framework/Versions/A/HIToolbox
0x00000001b2baa000 	/System/Library/Frameworks/Carbon.framework/Versions/A/Frameworks/SpeechRecognition.framework/Versions/A/SpeechRecognition
0x00000001be18d000 	/System/Library/PrivateFrameworks/RenderBox.framework/Versions/A/RenderBox
0x00000001a6b12000 	/System/Library/PrivateFrameworks/PerformanceAnalysis.framework/Versions/A/PerformanceAnalysis
0x00000001b2f22000 	/System/Library/Frameworks/Accessibility.framework/Versions/A/Accessibility
0x00000001ff2ce000 	/System/Library/Frameworks/DataDetection.framework/Versions/A/DataDetection
0x00000001ff2d1000 	/System/Library/Frameworks/DeveloperToolsSupport.framework/Versions/A/DeveloperToolsSupport
0x00000002049ff000 	/System/Library/Frameworks/Symbols.framework/Versions/A/Symbols
0x0000000285955000 	/usr/lib/swift/libswiftDataDetection.dylib
0x00000001c35f4000 	/usr/lib/swift/libswiftCoreGraphics.dylib
0x00000001b38cc000 	/usr/lib/swift/libswiftFoundation.dylib
0x00000001fa2d5000 	/usr/lib/swift/libswiftSwiftOnoneSupport.dylib
0x00000001e60eb000 	/System/Library/PrivateFrameworks/CoreMaterial.framework/Versions/A/CoreMaterial
0x000000026bfcc000 	/System/Library/PrivateFrameworks/SFSymbols.framework/Versions/A/SFSymbols
0x00000001b2b97000 	/System/Library/PrivateFrameworks/SpeechRecognitionCore.framework/Versions/A/SpeechRecognitionCore
0x00000001add76000 	/System/Library/PrivateFrameworks/InternationalSupport.framework/Versions/A/InternationalSupport
0x00000001b7162000 	/System/Library/Frameworks/ApplicationServices.framework/Versions/A/ApplicationServices
0x00000001af3a6000 	/System/Library/Frameworks/ApplicationServices.framework/Versions/A/Frameworks/ATS.framework/Versions/A/ATS
0x00000001a4164000 	/System/Library/Frameworks/ApplicationServices.framework/Versions/A/Frameworks/HIServices.framework/Versions/A/HIServices
0x00000001adc5f000 	/System/Library/Frameworks/ApplicationServices.framework/Versions/A/Frameworks/PrintCore.framework/Versions/A/PrintCore
0x00000001af763000 	/System/Library/Frameworks/ApplicationServices.framework/Versions/A/Frameworks/QD.framework/Versions/A/QD
0x00000001af75a000 	/System/Library/Frameworks/ApplicationServices.framework/Versions/A/Frameworks/ColorSyncLegacy.framework/Versions/A/ColorSyncLegacy
0x00000001af378000 	/System/Library/Frameworks/ApplicationServices.framework/Versions/A/Frameworks/SpeechSynthesis.framework/Versions/A/SpeechSynthesis
0x00000001aa608000 	/System/Library/PrivateFrameworks/CoreEmoji.framework/Versions/A/CoreEmoji
0x00000001adc1c000 	/System/Library/Frameworks/ApplicationServices.framework/Versions/A/Frameworks/ATSUI.framework/Versions/A/ATSUI
0x00000001af6ee000 	/usr/lib/libcups.2.dylib
0x00000001fdd75000 	/System/Library/Frameworks/AVFAudio.framework/Versions/A/AVFAudio
0x00000001bfb53000 	/System/Library/PrivateFrameworks/AXCoreUtilities.framework/Versions/A/AXCoreUtilities
0x000000025de1b000 	/System/Library/PrivateFrameworks/IsolatedCoreAudioClient.framework/Versions/A/IsolatedCoreAudioClient
0x00000001b0c04000 	/System/Library/Frameworks/IOBluetooth.framework/Versions/A/IOBluetooth
0x0000000277f25000 	/System/Library/PrivateFrameworks/Tightbeam.framework/Versions/A/Tightbeam
0x000000024be0c000 	/System/Library/PrivateFrameworks/CoreAudioOrchestration.framework/Versions/A/CoreAudioOrchestration
0x00000001dcf26000 	/System/Library/PrivateFrameworks/AFKUser.framework/Versions/A/AFKUser
0x00000001c626b000 	/usr/lib/swift/libswiftCoreAudio.dylib
0x00000001b3e64000 	/System/Library/Frameworks/CoreBluetooth.framework/Versions/A/CoreBluetooth
0x00000001b7674000 	/System/Library/Frameworks/AudioUnit.framework/Versions/A/AudioUnit
0x00000001aa6cc000 	/System/Library/PrivateFrameworks/CoreUtils.framework/Versions/A/CoreUtils
0x000000024edbf000 	/System/Library/PrivateFrameworks/CoreUtilsExtras.framework/Versions/A/CoreUtilsExtras
0x000000025a4e2000 	/System/Library/PrivateFrameworks/IO80211.framework/Versions/A/IO80211
0x00000001b329d000 	/System/Library/Frameworks/MediaAccessibility.framework/Versions/A/MediaAccessibility
0x00000001ce889000 	/System/Library/PrivateFrameworks/AttributeGraph.framework/Versions/A/AttributeGraph
0x0000000284613000 	/usr/lib/libAXSafeCategoryBundle.dylib
0x00000001bfc0f000 	/usr/lib/libAccessibility.dylib
0x00000001af95e000 	/System/Library/PrivateFrameworks/CorePhoneNumbers.framework/Versions/A/CorePhoneNumbers
0x00000001b4d32000 	/System/Library/PrivateFrameworks/FrontBoardServices.framework/Versions/A/FrontBoardServices
0x00000001b6a4f000 	/System/Library/PrivateFrameworks/BackBoardServices.framework/Versions/A/BackBoardServices
0x00000001b4eac000 	/System/Library/PrivateFrameworks/GraphicsServices.framework/Versions/A/GraphicsServices
0x00000001fed49000 	/System/Library/Frameworks/CoreTransferable.framework/Versions/A/CoreTransferable
0x00000001acfee000 	/System/Library/PrivateFrameworks/IconServices.framework/Versions/A/IconServices
0x00000001c62e6000 	/usr/lib/swift/libswiftCoreImage.dylib
0x00000001acfa1000 	/System/Library/PrivateFrameworks/IconFoundation.framework/Versions/A/IconFoundation
0x00000001a6888000 	/System/Library/PrivateFrameworks/CoreUI.framework/Versions/A/CoreUI
0x00000001adcd6000 	/System/Library/PrivateFrameworks/TextureIO.framework/Versions/A/TextureIO
0x00000001a9106000 	/System/Library/PrivateFrameworks/CoreSVG.framework/Versions/A/CoreSVG
0x00000001dc863000 	/usr/lib/swift/libswiftAccelerate.dylib
0x00000001acd1e000 	/usr/lib/libIOReport.dylib
0x00000001ae07e000 	/System/Library/PrivateFrameworks/DataDetectorsCore.framework/Versions/A/DataDetectorsCore
0x00000001c9be9000 	/System/Library/PrivateFrameworks/TextInput.framework/Versions/A/TextInput
0x00000001a277f000 	/System/Library/PrivateFrameworks/UIFoundation.framework/Versions/A/UIFoundation
0x000000011115c000 	/Library/Java/JavaVirtualMachines/amazon-corretto-21.jdk/Contents/Home/lib/server/libjvm.dylib
0x0000000105948000 	/Library/Java/JavaVirtualMachines/amazon-corretto-21.jdk/Contents/Home/lib/libjimage.dylib
0x0000000106a30000 	/Library/Java/JavaVirtualMachines/amazon-corretto-21.jdk/Contents/Home/lib/libjava.dylib
0x0000000105dd8000 	/Library/Java/JavaVirtualMachines/amazon-corretto-21.jdk/Contents/Home/lib/libnio.dylib
0x0000000106a00000 	/Library/Java/JavaVirtualMachines/amazon-corretto-21.jdk/Contents/Home/lib/libnet.dylib
0x0000000106bd8000 	/Library/Java/JavaVirtualMachines/amazon-corretto-21.jdk/Contents/Home/lib/libzip.dylib
0x00000001062e8000 	/Library/Java/JavaVirtualMachines/amazon-corretto-21.jdk/Contents/Home/lib/libprefs.dylib
0x0000000106ac0000 	/Library/Java/JavaVirtualMachines/amazon-corretto-21.jdk/Contents/Home/lib/libverify.dylib

JVMTI agents: none


VM Arguments:
jvm_args: -Xmx8g -Xms4g 
java_command: <unknown>
java_class_path (initial): /Users/phuonghuupham/Library/Python/3.13/lib/python/site-packages/pytetrad/resources/tetrad-current.jar:/Users/phuonghuupham/Library/Python/3.13/lib/python/site-packages/org.jpype.jar
Launcher Type: generic

[Global flags]
     intx CICompilerCount                          = 4                                         {product} {ergonomic}
     uint ConcGCThreads                            = 3                                         {product} {ergonomic}
     uint G1ConcRefinementThreads                  = 10                                        {product} {ergonomic}
   size_t G1HeapRegionSize                         = 4194304                                   {product} {ergonomic}
    uintx GCDrainStackTargetSize                   = 64                                        {product} {ergonomic}
   size_t InitialHeapSize                          = 4294967296                                {product} {command line}
   size_t MarkStackSize                            = 4194304                                   {product} {ergonomic}
   size_t MaxHeapSize                              = 8589934592                                {product} {command line}
   size_t MaxNewSize                               = 5150605312                                {product} {ergonomic}
   size_t MinHeapDeltaBytes                        = 4194304                                   {product} {ergonomic}
   size_t MinHeapSize                              = 4294967296                                {product} {command line}
    uintx NonNMethodCodeHeapSize                   = 5839564                                {pd product} {ergonomic}
    uintx NonProfiledCodeHeapSize                  = 122909338                              {pd product} {ergonomic}
    uintx ProfiledCodeHeapSize                     = 122909338                              {pd product} {ergonomic}
    uintx ReservedCodeCacheSize                    = 251658240                              {pd product} {ergonomic}
     bool SegmentedCodeCache                       = true                                      {product} {ergonomic}
   size_t SoftMaxHeapSize                          = 8589934592                             {manageable} {ergonomic}
     bool UseCompressedOops                        = true                           {product lp64_product} {ergonomic}
     bool UseG1GC                                  = true                                      {product} {ergonomic}
     bool UseNUMA                                  = false                                     {product} {ergonomic}
     bool UseNUMAInterleaving                      = false                                     {product} {ergonomic}

Logging:
Log output configuration:
 #0: stdout all=warning uptime,level,tags foldmultilines=false
 #1: stderr all=off uptime,level,tags foldmultilines=false

Release file:
IMPLEMENTOR="Amazon.com Inc."
IMPLEMENTOR_VERSION="Corretto-21.0.10.7.1"
JAVA_RUNTIME_VERSION="21.0.10+7-LTS"
JAVA_VERSION="21.0.10"
JAVA_VERSION_DATE="2026-01-20"
LIBC="default"
MODULES="java.base java.compiler java.datatransfer java.xml java.prefs java.desktop java.instrument java.logging java.management java.security.sasl java.naming java.rmi java.management.rmi java.net.http java.scripting java.security.jgss java.transaction.xa java.sql java.sql.rowset java.xml.crypto java.se java.smartcardio jdk.accessibility jdk.internal.jvmstat jdk.attach jdk.charsets jdk.internal.opt jdk.zipfs jdk.compiler jdk.crypto.ec jdk.crypto.cryptoki jdk.dynalink jdk.internal.ed jdk.editpad jdk.hotspot.agent jdk.httpserver jdk.incubator.vector jdk.internal.le jdk.internal.vm.ci jdk.internal.vm.compiler jdk.internal.vm.compiler.management jdk.jartool jdk.javadoc jdk.jcmd jdk.management jdk.management.agent jdk.jconsole jdk.jdeps jdk.jdwp.agent jdk.jdi jdk.jfr jdk.jlink jdk.jpackage jdk.jshell jdk.jsobject jdk.jstatd jdk.localedata jdk.management.jfr jdk.naming.dns jdk.naming.rmi jdk.net jdk.nio.mapmode jdk.random jdk.sctp jdk.security.auth jdk.security.jgss jdk.unsupported jdk.unsupported.desktop jdk.xml.dom"
OS_ARCH="aarch64"
OS_NAME="Darwin"
SOURCE=".:git:944ad46e8f1d+"

Environment Variables:
JAVA_HOME=/Library/Java/JavaVirtualMachines/amazon-corretto-21.jdk/Contents/Home
JAVA_TOOL_OPTIONS=-Xmx8g -Xms4g
PATH=/opt/homebrew/bin:/Users/phuonghuupham/Library/Python/3.13/bin:/opt/homebrew/bin:/opt/homebrew/sbin:/Library/Frameworks/Python.framework/Versions/3.13/bin:/usr/local/bin:/System/Cryptexes/App/usr/bin:/usr/bin:/bin:/usr/sbin:/sbin:/var/run/com.apple.security.cryptexd/codex.system/bootstrap/usr/local/bin:/var/run/com.apple.security.cryptexd/codex.system/bootstrap/usr/bin:/var/run/com.apple.security.cryptexd/codex.system/bootstrap/usr/appleinternal/bin:/Library/Apple/usr/bin:/Users/phuonghuupham/.cargo/bin:/opt/homebrew/bin:/opt/homebrew/sbin:/Library/Frameworks/Python.framework/Versions/3.13/bin:/usr/local/bin:/System/Cryptexes/App/usr/bin:/usr/bin:/bin:/usr/sbin:/sbin:/var/run/com.apple.security.cryptexd/codex.system/bootstrap/usr/local/bin:/var/run/com.apple.security.cryptexd/codex.system/bootstrap/usr/bin:/var/run/com.apple.security.cryptexd/codex.system/bootstrap/usr/appleinternal/bin:/Library/Apple/usr/bin:/Users/phuonghuupham/.cargo/bin
SHELL=/bin/zsh
LANG=en_US.UTF-8
TERM=xterm-color
TMPDIR=/var/folders/qg/19_8zd9x78b4fcgq8j_d8jmc0000gn/T/

Active Locale:
LC_ALL=C/en_US.UTF-8/C/C/C/C
LC_COLLATE=C
LC_CTYPE=en_US.UTF-8
LC_MESSAGES=C
LC_MONETARY=C
LC_NUMERIC=C
LC_TIME=C

Signal Handlers:
   SIGSEGV: crash_handler in libjvm.dylib, mask=11100110000111110111111111111111, flags=SA_ONSTACK|SA_RESTART|SA_SIGINFO, unblocked
    SIGBUS: crash_handler in libjvm.dylib, mask=11100110000111110111111111111111, flags=SA_RESTART|SA_SIGINFO, unblocked
    SIGFPE: crash_handler in libjvm.dylib, mask=11100110000111110111111111111111, flags=SA_RESTART|SA_SIGINFO, unblocked
   SIGPIPE: javaSignalHandler in libjvm.dylib, mask=11100110000111110111111111111111, flags=SA_RESTART|SA_SIGINFO, blocked
   SIGXFSZ: javaSignalHandler in libjvm.dylib, mask=11100110000111110111111111111111, flags=SA_RESTART|SA_SIGINFO, blocked
    SIGILL: crash_handler in libjvm.dylib, mask=11100110000111110111111111111111, flags=SA_RESTART|SA_SIGINFO, unblocked
   SIGUSR2: SR_handler in libjvm.dylib, mask=00000000000000000000000000000000, flags=SA_RESTART|SA_SIGINFO, blocked
    SIGHUP: UserHandler in libjvm.dylib, mask=11100110000111110111111111111111, flags=SA_RESTART|SA_SIGINFO, blocked
    SIGINT: SIG_IGN, mask=00000000000000000000000000000000, flags=SA_ONSTACK, blocked
   SIGTERM: UserHandler in libjvm.dylib, mask=11100110000111110111111111111111, flags=SA_RESTART|SA_SIGINFO, blocked
   SIGQUIT: UserHandler in libjvm.dylib, mask=11100110000111110111111111111111, flags=SA_RESTART|SA_SIGINFO, blocked
   SIGTRAP: crash_handler in libjvm.dylib, mask=11100110000111110111111111111111, flags=SA_RESTART|SA_SIGINFO, unblocked


Periodic native trim disabled

---------------  S Y S T E M  ---------------

OS:
uname: Darwin 24.6.0 Darwin Kernel Version 24.6.0: Wed Oct 15 21:12:15 PDT 2025; root:xnu-11417.140.69.703.14~1/RELEASE_ARM64_T6041 arm64
OS uptime: 22 days 1:55 hours
rlimit (soft/hard): STACK 8176k/65520k , CORE 0k/infinity , NPROC 4000/6000 , NOFILE 1048576/infinity , AS infinity/infinity , CPU infinity/infinity , DATA infinity/infinity , FSIZE infinity/infinity , MEMLOCK infinity/infinity , RSS infinity/infinity
load average: 2.16 2.17 2.08

CPU: total 12 (initial active 12) 0x61:0x0:0x17d5b93a:0, fp, asimd, aes, pmull, sha1, sha256, crc32, lse, sha3, sha512, sb
machdep.cpu.brand_string:Apple M4 Pro
hw.cachelinesize:128
hw.l1icachesize:131072
hw.l1dcachesize:65536
hw.l2cachesize:4194304

Memory: 16k page, physical 25165824k(62688k free), swap 5242880k(1001536k free)

vm_info: OpenJDK 64-Bit Server VM (21.0.10+7-LTS) for bsd-aarch64 JRE (21.0.10+7-LTS), built on 2026-01-15T22:12:16Z by "ec2user" with clang Apple LLVM 15.0.0 (clang-1500.3.9.4)

END.
